Position,Const,Created,Modified,Description,Title,Original Title,URL,Title Type,IMDb Rating,Runtime (mins),Year,Genres,Num Votes,Release Date,Directors,Bilheteria,Bilheteria_por_minuto,Ano_Lancamento
1,tt0499549,2014-02-24,2014-08-18,"WATCHED. $2,788.0",Avatar,Avatar,https://www.imdb.com/title/tt0499549/,Filme,7.9,162,2009,"Ação, Aventura, Fantasia, Ficção científica",1489938,2009-12-18,James Cameron,2788.0,17.209876543209877,2009.0
2,tt0120338,2014-02-24,2017-12-06,"WATCHED. $2,187.2",Titanic,Titanic,https://www.imdb.com/title/tt0120338/,Filme,8.0,194,1997,"Drama, Romance",1384874,1998-01-16,James Cameron,2187.2,11.27422680412371,1998.0
3,tt2488496,2015-12-24,2016-06-09,"WATCHED. $2,068.2",Star Wars: O Despertar da Força,Star Wars: Episode VII - The Force Awakens,https://www.imdb.com/title/tt2488496/,Filme,7.7,138,2015,"Ação, Aventura, Ficção científica",1021974,2015-12-17,J.J. Abrams,2068.2,14.98695652173913,2015.0
4,tt0369610,2015-06-23,2016-03-17,"WATCHED. $1,670.4",Jurassic World - O Mundo dos Dinossauros,Jurassic World,https://www.imdb.com/title/tt0369610/,Filme,6.9,124,2015,"Ação, Aventura, Ficção científica",726104,2015-06-11,Colin Trevorrow,1670.4,13.470967741935485,2015.0
5,tt0848228,2014-02-24,2016-01-04,"WATCHED. $1,519.6",Os Vingadores,The Avengers,https://www.imdb.com/title/tt0848228/,Filme,8.0,143,2012,"Ação, Ficção científica",1550681,2012-04-27,Joss Whedon,1519.6,10.626573426573426,2012.0
6,tt2820852,2015-04-13,2016-03-17,"NOT YET WATCHED. $1,516.0",Velozes & Furiosos 7,Fast & Furious 7,https://www.imdb.com/title/tt2820852/,Filme,7.1,137,2015,"Ação, Suspense",438112,2015-04-02,James Wan,1516.0,11.065693430656934,2015.0
7,tt2395427,2015-05-03,2016-03-17,"WATCHED. $1,405.4",Vingadores: Era de Ultron,Avengers: Age of Ultron,https://www.imdb.com/title/tt2395427/,Filme,7.3,141,2015,"Ação, Aventura, Ficção científica",994598,2015-04-23,Joss Whedon,1405.4,9.967375886524824,2015.0
8,tt1201607,2014-02-24,2014-02-24,"WATCHED. $1,341.5",Harry Potter e as Relíquias da Morte: Parte 2,Harry Potter and the Deathly Hallows: Part 2,https://www.imdb.com/title/tt1201607/,Filme,8.1,130,2011,"Aventura, Família, Fantasia, Mistério",1039360,2011-07-15,David Yates,1341.5,10.319230769230769,2011.0
9,tt2294629,2014-02-24,2016-03-17,"WATCHED. $1,276.5",Frozen: Uma Aventura Congelante,Frozen,https://www.imdb.com/title/tt2294629/,Filme,7.4,102,2013,"Animação, Aventura, Comédia, Família, Fantasia, Musical",709765,2014-01-03,"Chris Buck, Jennifer Lee",1276.5,12.514705882352942,2014.0
10,tt2771200,2017-03-30,2017-07-25,"WATCHED. $1,262.2",A Bela e a Fera,Beauty and the Beast,https://www.imdb.com/title/tt2771200/,Filme,7.1,129,2017,"Aventura, Família, Fantasia, Musical, Romance",357281,2017-03-16,Bill Condon,1262.2,9.784496124031008,2017.0
11,tt4630562,2017-04-25,2017-07-25,"WILL WATCH. $1,238.8",Velozes & Furiosos 8,The Fate of the Furious,https://www.imdb.com/title/tt4630562/,Filme,6.6,136,2017,"Ação, Policial, Suspense",273032,2017-04-13,F. Gary Gray,1238.8,9.108823529411765,2017.0
12,tt1300854,2014-02-24,2017-05-26,"WATCHED. $1,214.8",Homem de Ferro 3,Iron Man Three,https://www.imdb.com/title/tt1300854/,Filme,7.1,130,2013,"Ação, Aventura, Ficção científica",960906,2013-04-26,Shane Black,1214.8,9.344615384615384,2013.0
13,tt2293640,2015-07-20,2016-03-17,"WATCHED. $1,159.4",Minions,Minions,https://www.imdb.com/title/tt2293640/,Filme,6.4,91,2015,"Animação, Aventura, Comédia, Policial, Família, Ficção científica",282704,2015-06-25,"Kyle Balda, Pierre Coffin",1159.4,12.740659340659342,2015.0
14,tt3498820,2016-05-12,2016-10-08,"WATCHED. $1,153.2",Capitão América: Guerra Civil,Captain America: Civil War,https://www.imdb.com/title/tt3498820/,Filme,7.8,147,2016,"Ação, Ficção científica",921660,2016-04-28,"Anthony Russo, Joe Russo",1153.2,7.844897959183673,2016.0
15,tt1399103,2014-02-24,2014-08-30,"WATCHED. $1,123.8",Transformers: O Lado Oculto da Lua,Transformers: Dark of the Moon,https://www.imdb.com/title/tt1399103/,Filme,6.2,154,2011,"Ação, Aventura, Comédia, Ficção científica, Suspense",454235,2011-06-29,Michael Bay,1123.8,7.297402597402597,2011.0
16,tt0167260,2014-02-24,2014-02-24,"WATCHED. $1,119.9",O Senhor dos Anéis: O Retorno do Rei,The Lord of the Rings: The Return of the King,https://www.imdb.com/title/tt0167260/,Filme,9.0,201,2003,"Aventura, Drama, Fantasia",2152744,2003-12-25,Peter Jackson,1119.9,5.571641791044777,2003.0
17,tt1074638,2014-02-24,2014-02-24,"WATCHED. $1,108.6",007 - Operação Skyfall,Skyfall,https://www.imdb.com/title/tt1074638/,Filme,7.8,143,2012,"Ação, Aventura, Suspense",769849,2012-11-01,Sam Mendes,1108.6,7.752447552447552,2012.0
18,tt2109248,2014-08-18,2016-03-17,"WATCHED. $1,104.1",Transformers: A Era da Extinção,Transformers: Age of Extinction,https://www.imdb.com/title/tt2109248/,Filme,5.6,165,2014,"Ação, Aventura, Comédia, Ficção científica, Suspense",348433,2014-07-17,Michael Bay,1104.1,6.6915151515151505,2014.0
19,tt1345836,2014-02-24,2016-03-17,"WATCHED. $1,084.9",Batman: O Cavaleiro das Trevas Ressurge,The Dark Knight Rises,https://www.imdb.com/title/tt1345836/,Filme,8.4,164,2012,"Ação, Policial, Drama, Suspense",1982660,2012-07-27,Christopher Nolan,1084.9,6.615243902439025,2012.0
20,tt0383574,2014-02-24,2014-02-24,"WATCHED. $1,066.2",Piratas do Caribe: O Baú da Morte,Pirates of the Caribbean: Dead Man's Chest,https://www.imdb.com/title/tt0383574/,Filme,7.4,151,2006,"Ação, Aventura, Fantasia",822086,2006-07-21,Gore Verbinski,1066.2,7.060927152317881,2006.0
21,tt0435761,2014-02-24,2014-02-24,"WATCHED. $1,063.2",Toy Story 3,Toy Story 3,https://www.imdb.com/title/tt0435761/,Filme,8.3,103,2010,"Animação, Aventura, Comédia, Família, Fantasia",964607,2010-06-18,Lee Unkrich,1063.2,10.322330097087379,2010.0
22,tt3748528,2017-01-03,2017-05-18,"WATCHED. $1,056.1",Rogue One: Uma História Star Wars,Rogue One,https://www.imdb.com/title/tt3748528/,Filme,7.8,133,2016,"Ação, Aventura, Ficção científica",751369,2016-12-15,Gareth Edwards,1056.1,7.940601503759398,2016.0
23,tt1298650,2014-02-24,2014-02-24,"WATCHED. $1,045.7",Piratas do Caribe: Navegando em Águas Misteriosas,Pirates of the Caribbean: On Stranger Tides,https://www.imdb.com/title/tt1298650/,Filme,6.6,137,2011,"Ação, Aventura, Fantasia",604472,2011-05-20,Rob Marshall,1045.7,7.632846715328467,2011.0
24,tt3469046,2017-07-25,2017-12-06,"WILL WATCH. $1,032.2still ongoing, not yet final",Meu Malvado Favorito 3,Despicable Me 3,https://www.imdb.com/title/tt3469046/,Filme,6.3,89,2017,"Animação, Aventura, Comédia, Policial, Família, Ficção científica",179225,2017-06-29,"Kyle Balda, Pierre Coffin, Eric Guillon",1032.2,11.597752808988764,2017.0
25,tt0107290,2014-02-24,2014-02-24,"WATCHED. $1,029.2",Jurassic Park: O Parque dos Dinossauros,Jurassic Park,https://www.imdb.com/title/tt0107290/,Filme,8.2,127,1993,"Ação, Aventura, Ficção científica, Suspense",1170170,1993-06-25,Steven Spielberg,1029.2,8.103937007874016,1993.0
26,tt2277860,2016-07-19,2016-12-16,"WATCHED. $1,027.4",Procurando Dory,Finding Dory,https://www.imdb.com/title/tt2277860/,Filme,7.2,97,2016,"Animação, Aventura, Comédia, Família, Fantasia, Mistério",332005,2016-06-30,"Andrew Stanton, Angus MacLane",1027.4,10.591752577319589,2016.0
27,tt0120915,2014-02-24,2014-02-24,"WATCHED. $1,027.0",Star Wars: Episódio I - A Ameaça Fantasma,Star Wars: Episode I - The Phantom Menace,https://www.imdb.com/title/tt0120915/,Filme,6.5,136,1999,"Ação, Aventura, Fantasia, Ficção científica",921662,1999-06-24,George Lucas,1027.0,7.551470588235294,1999.0
28,tt1014759,2014-02-24,2015-06-29,"WATCHED. $1,025.5",Alice no País das Maravilhas,Alice in Wonderland,https://www.imdb.com/title/tt1014759/,Filme,6.4,108,2010,"Aventura, Família, Fantasia, Mistério",466210,2010-04-23,Tim Burton,1025.5,9.49537037037037,2010.0
29,tt2948356,2016-03-26,2016-08-13,"WATCHED. $1,023.1",Zootopia: Essa Cidade é o Bicho,Zootopia,https://www.imdb.com/title/tt2948356/,Filme,8.0,108,2016,"Animação, Ação, Aventura, Comédia, Policial, Família, Mistério",628142,2016-02-18,"Byron Howard, Rich Moore, Jared Bush",1023.1,9.473148148148148,2016.0
30,tt0903624,2014-02-24,2015-08-31,"WATCHED. $1,021.1",O Hobbit: Uma Jornada Inesperada,The Hobbit: An Unexpected Journey,https://www.imdb.com/title/tt0903624/,Filme,7.8,169,2012,"Aventura, Fantasia",924282,2012-12-14,Peter Jackson,1021.1,6.042011834319527,2012.0
31,tt0468569,2014-02-24,2014-02-24,"WATCHED. $1,004.6",Batman: O Cavaleiro das Trevas,The Dark Knight,https://www.imdb.com/title/tt0468569/,Filme,9.1,152,2008,"Ação, Policial, Drama, Suspense",3146742,2008-07-18,Christopher Nolan,1004.6,6.609210526315789,2008.0
32,tt0241527,2014-02-24,2014-02-24,WATCHED. $974.8,Harry Potter e a Pedra Filosofal,Harry Potter and the Sorcerer's Stone,https://www.imdb.com/title/tt0241527/,Filme,7.7,152,2001,"Aventura, Família, Fantasia",945896,2001-11-23,Chris Columbus,974.8,6.413157894736842,2001.0
33,tt1690953,2014-02-24,2014-02-24,WATCHED. $970.8,Meu Malvado Favorito 2,Despicable Me 2,https://www.imdb.com/title/tt1690953/,Filme,7.3,98,2013,"Animação, Aventura, Comédia, Policial, Família, Ficção científica",457333,2013-07-05,"Pierre Coffin, Chris Renaud",970.8,9.906122448979591,2013.0
34,tt0110357,2014-02-24,2016-10-08,WATCHED. $968.5,O Rei Leão,The Lion King,https://www.imdb.com/title/tt0110357/,Filme,8.5,88,1994,"Animação, Aventura, Drama, Família, Musical",1251732,1994-07-01,"Roger Allers, Rob Minkoff",968.5,11.005681818181818,1994.0
35,tt3040964,2016-05-12,2016-10-08,WILL WATCH. $966.2,Mogli: O Menino Lobo,The Jungle Book,https://www.imdb.com/title/tt3040964/,Filme,7.3,106,2016,"Animação, Ação, Aventura, Drama, Família, Fantasia, Musical",304797,2016-04-14,Jon Favreau,966.2,9.115094339622642,2016.0
36,tt0449088,2014-02-24,2014-02-24,WATCHED. $963.4,Piratas do Caribe: No Fim do Mundo,Pirates of the Caribbean: At World's End,https://www.imdb.com/title/tt0449088/,Filme,7.2,169,2007,"Ação, Aventura, Fantasia",740625,2007-05-25,Gore Verbinski,963.4,5.700591715976331,2007.0
37,tt0926084,2014-02-24,2015-08-17,WATCHED. $960.3,Harry Potter e as Relíquias da Morte: Parte 1,Harry Potter and the Deathly Hallows: Part 1,https://www.imdb.com/title/tt0926084/,Filme,7.7,146,2010,"Aventura, Família, Fantasia, Mistério",660111,2010-11-19,David Yates,960.3,6.5773972602739725,2010.0
38,tt1170358,2014-02-24,2016-03-17,WATCHED. $958.4,O Hobbit: A Desolação de Smaug,The Hobbit: The Desolation of Smaug,https://www.imdb.com/title/tt1170358/,Filme,7.8,161,2013,"Aventura, Fantasia",750847,2013-12-13,Peter Jackson,958.4,5.9527950310559,2013.0
39,tt2310332,2015-01-02,2016-03-17,WATCHED. $956.0,O Hobbit: A Batalha dos Cinco Exércitos,The Hobbit: The Battle of the Five Armies,https://www.imdb.com/title/tt2310332/,Filme,7.4,144,2014,"Aventura, Fantasia",615076,2014-12-11,Peter Jackson,956.0,6.638888888888889,2014.0
40,tt0373889,2014-02-24,2014-02-24,WATCHED. $939.9,Harry Potter e a Ordem da Fênix,Harry Potter and the Order of the Phoenix,https://www.imdb.com/title/tt0373889/,Filme,7.5,138,2007,"Ação, Aventura, Família, Fantasia, Mistério",695636,2007-07-11,David Yates,939.9,6.810869565217391,2007.0
41,tt0266543,2014-02-24,2014-02-24,WATCHED. $936.7,Procurando Nemo,Finding Nemo,https://www.imdb.com/title/tt0266543/,Filme,8.2,100,2003,"Animação, Aventura, Comédia, Família",1201257,2003-07-04,"Andrew Stanton, Lee Unkrich",936.7,9.367,2003.0
42,tt0417741,2014-02-24,2015-08-17,WATCHED. $934.4,Harry Potter e o Enigma do Príncipe,Harry Potter and the Half-Blood Prince,https://www.imdb.com/title/tt0417741/,Filme,7.6,153,2009,"Ação, Aventura, Família, Fantasia, Mistério",655746,2009-07-15,David Yates,934.4,6.10718954248366,2009.0
43,tt0167261,2014-02-24,2014-02-24,WATCHED. $926.0,O Senhor dos Anéis: As Duas Torres,The Lord of the Rings: The Two Towers,https://www.imdb.com/title/tt0167261/,Filme,8.8,179,2002,"Aventura, Drama, Fantasia",1945619,2002-12-27,Peter Jackson,926.0,5.173184357541899,2002.0
44,tt0298148,2014-02-24,2014-02-24,WATCHED. $919.8,Shrek 2,Shrek 2,https://www.imdb.com/title/tt0298148/,Filme,7.4,93,2004,"Animação, Aventura, Comédia, Família, Fantasia, Romance",552205,2004-06-18,"Andrew Adamson, Kelly Asbury, Conrad Vernon",919.8,9.890322580645162,2004.0
45,tt0330373,2014-02-24,2016-06-18,WATCHED. $896.9,Harry Potter e o Cálice de Fogo,Harry Potter and the Goblet of Fire,https://www.imdb.com/title/tt0330373/,Filme,7.7,157,2005,"Aventura, Família, Fantasia, Mistério",748211,2005-11-25,Mike Newell,896.9,5.7127388535031844,2005.0
46,tt0413300,2014-02-24,2014-02-24,WATCHED. $890.9,Homem-Aranha 3,Spider-Man 3,https://www.imdb.com/title/tt0413300/,Filme,6.3,139,2007,"Ação, Aventura, Ficção científica",695279,2007-05-04,Sam Raimi,890.9,6.409352517985611,2007.0
47,tt1080016,2014-02-24,2014-02-24,WATCHED. $886.7,A Era do Gelo 3,Ice Age: Dawn of the Dinosaurs,https://www.imdb.com/title/tt1080016/,Filme,6.9,94,2009,"Animação, Aventura, Comédia, Família",284436,2009-07-01,"Carlos Saldanha, Michael Thurmeier",886.7,9.432978723404256,2009.0
48,tt2379713,2015-11-25,2016-05-12,WATCHED. $880.7,007 Contra Spectre,Spectre,https://www.imdb.com/title/tt2379713/,Filme,6.8,148,2015,"Ação, Aventura, Suspense",494124,2015-11-05,Sam Mendes,880.7,5.950675675675676,2015.0
49,tt2250912,2017-09-01,2017-12-06,"WATCHED. $880.2still ongoing, not yet final",Homem-Aranha: De Volta ao Lar,Spider-Man: Homecoming,https://www.imdb.com/title/tt2250912/,Filme,7.4,133,2017,"Ação, Aventura, Ficção científica",790704,2017-07-06,Jon Watts,880.2,6.618045112781955,2017.0
50,tt0295297,2014-02-24,2014-02-24,WATCHED. $879.0,Harry Potter e a Câmara Secreta,Harry Potter and the Chamber of Secrets,https://www.imdb.com/title/tt0295297/,Filme,7.5,161,2002,"Aventura, Família, Fantasia, Mistério",761754,2002-11-22,Chris Columbus,879.0,5.459627329192546,2002.0
51,tt1667889,2014-02-24,2014-03-03,"$877.2Didn't watch yet, and not planning to. I don't like this franchise.",A Era do Gelo 4,Ice Age: Continental Drift,https://www.imdb.com/title/tt1667889/,Filme,6.5,88,2012,"Animação, Aventura, Comédia, Família",242351,2012-06-29,"Steve Martino, Michael Thurmeier",877.2,9.968181818181819,2012.0
52,tt2709768,2016-08-26,2017-10-13,WILL WATCH. $875.5,Pets: A Vida Secreta dos Bichos,The Secret Life of Pets,https://www.imdb.com/title/tt2709768/,Filme,6.5,86,2016,"Animação, Aventura, Comédia, Família",234552,2016-08-25,Chris Renaud,875.5,10.180232558139535,2016.0
53,tt2975590,2016-04-05,2016-07-04,WILL WATCH. $872.7,Batman vs Superman: A Origem da Justiça,Batman v Superman: Dawn of Justice,https://www.imdb.com/title/tt2975590/,Filme,6.4,151,2016,"Ação, Aventura, Ficção científica",789134,2016-03-24,Zack Snyder,872.7,5.779470198675497,2016.0
54,tt0120737,2014-02-24,2014-02-24,WATCHED. $871.5,O Senhor dos Anéis: A Sociedade do Anel,The Lord of the Rings: The Fellowship of the Ring,https://www.imdb.com/title/tt0120737/,Filme,8.9,178,2001,"Aventura, Drama, Fantasia",2194161,2002-01-01,Peter Jackson,871.5,4.896067415730337,2002.0
55,tt7131870,2017-09-13,2017-09-28,"DIDN'T WATCH. $870.3still ongoing, not yet final",Lobo Guerreiro 2,Zhan lang II,https://www.imdb.com/title/tt7131870/,Filme,5.9,123,2017,"Ação, Aventura, Drama, Suspense, Guerra",9567,2018-11-05,Jing Wu,870.3,7.075609756097561,2018.0
56,tt1951264,2014-02-24,2016-01-02,WATCHED. $865.0,Jogos Vorazes: Em Chamas,The Hunger Games: Catching Fire,https://www.imdb.com/title/tt1951264/,Filme,7.5,146,2013,"Ação, Aventura, Ficção científica, Suspense",770134,2013-11-15,Francis Lawrence,865.0,5.924657534246576,2013.0
57,tt3896198,2017-05-26,2017-10-25,WATCHED. $863.5,Guardiões da Galáxia Vol. 2,Guardians of the Galaxy Vol. 2,https://www.imdb.com/title/tt3896198/,Filme,7.6,136,2017,"Ação, Aventura, Comédia, Fantasia, Ficção científica",824140,2017-04-27,James Gunn,863.5,6.349264705882353,2017.0
58,tt2096673,2015-08-10,2016-03-17,WATCHED. $856.8,Divertida Mente,Inside Out,https://www.imdb.com/title/tt2096673/,Filme,8.1,95,2015,"Animação, Aventura, Comédia, Drama, Família, Fantasia",908019,2015-06-18,"Pete Docter, Ronnie Del Carmen",856.8,9.018947368421053,2015.0
59,tt0121766,2014-02-24,2014-02-24,WATCHED. $848.8,Star Wars: Episódio III - A Vingança dos Sith,Star Wars: Episode III - Revenge of the Sith,https://www.imdb.com/title/tt0121766/,Filme,7.7,140,2005,"Ação, Aventura, Fantasia, Ficção científica",916307,2005-05-19,George Lucas,848.8,6.062857142857142,2005.0
60,tt1055369,2014-02-24,2014-02-24,WATCHED. $836.3,Transformers: A Vingança dos Derrotados,Transformers: Revenge of the Fallen,https://www.imdb.com/title/tt1055369/,Filme,6.0,149,2009,"Ação, Aventura, Ficção científica",452530,2009-06-23,Michael Bay,836.3,5.612751677852349,2009.0
61,tt1673434,2014-02-24,2014-02-24,WATCHED. $829.7,A Saga Crepúsculo: Amanhecer - Parte 2,The Twilight Saga: Breaking Dawn - Part 2,https://www.imdb.com/title/tt1673434/,Filme,5.6,115,2012,"Aventura, Drama, Fantasia, Romance",280956,2012-11-15,Bill Condon,829.7,7.214782608695653,2012.0
62,tt1375666,2014-02-24,2014-02-24,WATCHED. $825.5,A Origem,Inception,https://www.imdb.com/title/tt1375666/,Filme,8.8,148,2010,"Ação, Aventura, Ficção científica, Suspense",2797334,2010-08-06,Christopher Nolan,825.5,5.577702702702703,2010.0
63,tt0451279,2017-07-10,2017-11-20,WATCHED. $821.8,Mulher-Maravilha,Wonder Woman,https://www.imdb.com/title/tt0451279/,Filme,7.3,141,2017,"Ação, Aventura, Fantasia, Ficção científica, Guerra",733468,2017-06-01,Patty Jenkins,821.8,5.8283687943262406,2017.0
64,tt0145487,2014-02-24,2014-02-24,WATCHED. $821.7,Homem-Aranha,Spider-Man,https://www.imdb.com/title/tt0145487/,Filme,7.4,121,2002,"Ação, Aventura, Ficção científica",961415,2002-05-17,Sam Raimi,821.7,6.790909090909091,2002.0
65,tt3501632,2017-11-20,2017-12-06,"WATCHED. $818.5still ongoing, not yet final",Thor: Ragnarok,Thor: Ragnarok,https://www.imdb.com/title/tt3501632/,Filme,7.9,130,2017,"Ação, Aventura, Comédia, Fantasia, Ficção científica",889322,2017-10-26,Taika Waititi,818.5,6.296153846153846,2017.0
66,tt0116629,2014-02-24,2014-08-18,WATCHED. $817.4,Independence Day,Independence Day,https://www.imdb.com/title/tt0116629/,Filme,7.0,145,1996,"Ação, Aventura, Ficção científica",644341,1996-08-01,Roland Emmerich,817.4,5.637241379310344,1996.0
67,tt3183660,2016-12-16,2017-04-03,WATCHED. $812.5,Animais Fantásticos e Onde Habitam,Fantastic Beasts and Where to Find Them,https://www.imdb.com/title/tt3183660/,Filme,7.2,132,2016,"Aventura, Família, Fantasia",538619,2016-11-17,David Yates,812.5,6.15530303030303,2016.0
68,tt0413267,2014-02-24,2014-02-24,WATCHED. $799.0,Shrek Terceiro,Shrek the Third,https://www.imdb.com/title/tt0413267/,Filme,6.1,93,2007,"Animação, Aventura, Comédia, Família, Fantasia, Romance",358883,2007-06-15,"Chris Miller, Raman Hui",799.0,8.591397849462366,2007.0
69,tt0304141,2014-03-03,2014-03-03,WATCHED. $796.7,Harry Potter e o Prisioneiro de Azkaban,Harry Potter and the Prisoner of Azkaban,https://www.imdb.com/title/tt0304141/,Filme,7.9,142,2004,"Aventura, Família, Fantasia, Mistério",762414,2004-06-04,Alfonso Cuarón,796.7,5.6105633802816905,2004.0
70,tt1790809,2017-06-30,2017-10-25,"WATCHED. $794.8still ongoing, not yet final",Piratas do Caribe: A Vingança de Salazar,Pirates of the Caribbean: Dead Men Tell No Tales,https://www.imdb.com/title/tt1790809/,Filme,6.5,129,2017,"Ação, Aventura, Fantasia",382706,2017-05-25,"Joachim Rønning, Espen Sandberg",794.8,6.161240310077519,2017.0
71,tt0083866,2014-03-03,2014-03-03,WATCHED. $792.9,E.T.: O Extraterrestre,E.T. the Extra-Terrestrial,https://www.imdb.com/title/tt0083866/,Filme,7.9,115,1982,"Aventura, Família, Ficção científica",469785,1982-12-25,Steven Spielberg,792.9,6.894782608695652,1982.0
72,tt1905041,2014-03-03,2015-08-04,$788.7.DIDN'T WATCH YET. Don't know if I could stand watching this one knowing that Paul Walker died,Velozes & Furiosos 6,Furious 6,https://www.imdb.com/title/tt1905041/,Filme,7.0,130,2013,"Ação, Suspense",438529,2013-05-24,Justin Lin,788.7,6.066923076923077,2013.0
73,tt0367882,2014-03-03,2014-03-03,WATCHED. $786.6,Indiana Jones e o Reino da Caveira de Cristal,Indiana Jones and the Kingdom of the Crystal Skull,https://www.imdb.com/title/tt0367882/,Filme,6.2,122,2008,"Ação, Aventura",512476,2008-05-21,Steven Spielberg,786.6,6.447540983606557,2008.0
74,tt0316654,2014-03-03,2014-03-03,WATCHED. $783.8,Homem-Aranha 2,Spider-Man 2,https://www.imdb.com/title/tt0316654/,Filme,7.5,127,2004,"Ação, Aventura, Ficção científica",778791,2004-07-02,Sam Raimi,783.8,6.1716535433070865,2004.0
75,tt1431045,2016-03-15,2016-07-19,WATCHED. $782.0,Deadpool,Deadpool,https://www.imdb.com/title/tt1431045/,Filme,8.0,108,2016,"Ação, Comédia, Ficção científica",1246919,2016-02-11,Tim Miller,782.0,7.2407407407407405,2016.0
76,tt0076759,2014-03-03,2014-03-03,WATCHED. $775.4,Star Wars: Episódio IV - Uma Nova Esperança,Star Wars,https://www.imdb.com/title/tt0076759/,Filme,8.6,121,1977,"Ação, Aventura, Fantasia, Ficção científica",1562197,1978-01-30,George Lucas,775.4,6.4082644628099175,1978.0
77,tt2015381,2014-10-05,2016-03-17,WATCHED. $773.3,Guardiões da Galáxia,Guardians of the Galaxy,https://www.imdb.com/title/tt2015381/,Filme,8.0,121,2014,"Ação, Aventura, Comédia, Ficção científica",1356920,2014-07-31,James Gunn,773.3,6.390909090909091,2014.0
78,tt1190080,2014-03-03,2014-03-03,WATCHED. $769.7,2012,2012,https://www.imdb.com/title/tt1190080/,Filme,5.9,158,2009,"Ação, Aventura, Ficção científica",420250,2009-11-13,Roland Emmerich,769.7,4.871518987341773,2009.0
79,tt1587310,2014-08-18,2016-03-17,WATCHED. $758.5,Malévola,Maleficent,https://www.imdb.com/title/tt1587310/,Filme,6.9,97,2014,"Aventura, Drama, Família, Fantasia, Romance",422964,2014-05-29,Robert Stromberg,758.5,7.819587628865979,2014.0
80,tt0382625,2014-03-03,2014-03-03,WATCHED. $758.2,O Código Da Vinci,The Da Vinci Code,https://www.imdb.com/title/tt0382625/,Filme,6.7,149,2006,"Mistério, Suspense",484369,2006-05-19,Ron Howard,758.2,5.088590604026846,2006.0
81,tt0948470,2014-03-03,2014-10-14,WATCHED. $757.9,O Espetacular Homem-Aranha,The Amazing Spider-Man,https://www.imdb.com/title/tt0948470/,Filme,6.9,136,2012,"Ação, Ficção científica",759708,2012-07-06,Marc Webb,757.9,5.572794117647058,2012.0
82,tt1951265,2014-12-21,2015-12-04,WATCHED. $755.4,Jogos Vorazes: A Esperança - Parte 1,The Hunger Games: Mockingjay - Part 1,https://www.imdb.com/title/tt1951265/,Filme,6.6,123,2014,"Ação, Aventura, Ficção científica, Suspense",543360,2014-11-19,Francis Lawrence,755.4,6.1414634146341465,2014.0
83,tt0892791,2014-03-03,2014-03-03,WATCHED. $752.6,Shrek Para Sempre,Shrek Forever After,https://www.imdb.com/title/tt0892791/,Filme,6.3,93,2010,"Animação, Aventura, Comédia, Família, Fantasia, Romance",244340,2010-07-09,Mike Mitchell,752.6,8.09247311827957,2010.0
84,tt1877832,2014-08-18,2016-03-17,WATCHED. $747.9,X-Men: Dias de um Futuro Esquecido,X-Men: Days of Future Past,https://www.imdb.com/title/tt1877832/,Filme,7.9,132,2014,"Ação, Aventura, Ficção científica, Suspense",785647,2014-05-22,Bryan Singer,747.9,5.665909090909091,2014.0
85,tt1277953,2014-03-03,2014-03-03,WATCHED. $746.9.,Madagascar 3: Os Procurados,Madagascar 3: Europe's Most Wanted,https://www.imdb.com/title/tt1277953/,Filme,6.8,95,2012,"Animação, Aventura, Comédia, Família",216020,2012-06-07,"Eric Darnell, Tom McGrath, Conrad Vernon",746.9,7.862105263157894,2012.0
86,tt1386697,2016-09-08,2016-11-13,WILL WATCH. $745.6,Esquadrão Suicida,Suicide Squad,https://www.imdb.com/title/tt1386697/,Filme,5.9,123,2016,"Ação, Aventura, Fantasia, Ficção científica",757156,2016-08-04,David Ayer,745.6,6.061788617886179,2016.0
87,tt0363771,2014-03-04,2014-03-04,WATCHED. $745.0,"As Crônicas de Nárnia: O Leão, a Feiticeira e o Guarda-Roupa","The Chronicles of Narnia: The Lion, the Witch and the Wardrobe",https://www.imdb.com/title/tt0363771/,Filme,6.9,143,2005,"Aventura, Família, Fantasia",456190,2005-12-09,Andrew Adamson,745.0,5.20979020979021,2005.0
88,tt1453405,2014-03-03,2014-03-03,WATCHED. $743.6,Universidade Monstros,Monsters University,https://www.imdb.com/title/tt1453405/,Filme,7.2,104,2013,"Animação, Aventura, Comédia, Família, Fantasia",422355,2013-06-21,Dan Scanlon,743.6,7.15,2013.0
89,tt0234215,2014-03-03,2014-03-03,$742.1Didn't watch this yet but desperately wanted to watch it.,Matrix Reloaded,The Matrix Reloaded,https://www.imdb.com/title/tt0234215/,Filme,7.2,138,2003,"Ação, Ficção científica",667995,2003-05-23,"Lana Wachowski, Lilly Wachowski",742.1,5.377536231884058,2003.0
90,tt1049413,2014-03-03,2017-07-10,WATCHED. $735.1,Up: Altas Aventuras,Up,https://www.imdb.com/title/tt1049413/,Filme,8.3,96,2009,"Animação, Aventura, Comédia, Drama, Família",1228430,2009-09-04,"Pete Docter, Bob Peterson",735.1,7.657291666666667,2009.0
91,tt1454468,2014-03-03,2016-03-17,WATCHED. $723.2,Gravidade,Gravity,https://www.imdb.com/title/tt1454468/,Filme,7.7,91,2013,"Drama, Ficção científica, Suspense",896927,2013-10-11,Alfonso Cuarón,723.2,7.947252747252747,2013.0
92,tt1843866,2014-08-18,2016-03-17,WATCHED. $714.4,Capitão América: O Soldado Invernal,Captain America: The Winter Soldier,https://www.imdb.com/title/tt1843866/,Filme,7.7,136,2014,"Ação, Aventura, Ficção científica, Suspense",966797,2014-04-10,"Anthony Russo, Joe Russo",714.4,5.252941176470588,2014.0
93,tt1324999,2014-03-03,2014-03-03,WATCHED. $712.2,A Saga Crepúsculo: Amanhecer - Parte 1,The Twilight Saga: Breaking Dawn - Part 1,https://www.imdb.com/title/tt1324999/,Filme,5.0,117,2011,"Aventura, Drama, Fantasia, Romance, Suspense",271988,2011-11-18,Bill Condon,712.2,6.087179487179488,2011.0
94,tt2103281,2014-10-05,2016-03-17,WATCHED. $710.6,Planeta dos Macacos: O Confronto,Dawn of the Planet of the Apes,https://www.imdb.com/title/tt2103281/,Filme,7.6,130,2014,"Ação, Aventura, Drama, Ficção científica, Suspense",509853,2014-07-24,Matt Reeves,710.6,5.466153846153846,2014.0
95,tt1259571,2014-03-03,2016-03-17,WATCHED. $709.7,A Saga Crepúsculo: Lua Nova,The Twilight Saga: New Moon,https://www.imdb.com/title/tt1259571/,Filme,4.8,130,2009,"Aventura, Drama, Fantasia, Romance",320724,2009-11-20,Chris Weitz,709.7,5.4592307692307696,2009.0
96,tt0418279,2014-03-03,2014-03-03,WATCHED. $709.7,Transformers,Transformers,https://www.imdb.com/title/tt0418279/,Filme,7.1,144,2007,"Ação, Aventura, Ficção científica",715514,2007-07-18,Michael Bay,709.7,4.928472222222222,2007.0
97,tt1872181,2014-08-18,2014-10-05,WATCHED. $709.0,O Espetacular Homem-Aranha 2: A Ameaça de Electro,The Amazing Spider-Man 2,https://www.imdb.com/title/tt1872181/,Filme,6.6,142,2014,"Ação, Aventura, Ficção científica",585772,2014-05-01,Marc Webb,709.0,4.992957746478873,2014.0
98,tt1325004,2014-03-03,2014-03-03,WATCHED. $698.5,A Saga Crepúsculo: Eclipse,The Twilight Saga: Eclipse,https://www.imdb.com/title/tt1325004/,Filme,5.1,124,2010,"Ação, Aventura, Drama, Fantasia, Mistério, Romance, Suspense",280213,2010-06-30,David Slade,698.5,5.633064516129032,2010.0
99,tt1229238,2014-03-03,2014-03-03,WATCHED. $694.7,Missão: Impossível - Protocolo Fantasma,Mission: Impossible - Ghost Protocol,https://www.imdb.com/title/tt1229238/,Filme,7.4,132,2011,"Ação, Aventura, Suspense",563571,2011-12-23,Brad Bird,694.7,5.262878787878789,2011.0
100,tt1392170,2014-03-03,2015-10-27,WATCHED. $694.4,Jogos Vorazes,The Hunger Games,https://www.imdb.com/title/tt1392170/,Filme,7.2,142,2012,"Ação, Aventura, Ficção científica, Suspense",1076376,2012-03-23,Gary Ross,694.4,4.890140845070422,2012.0
101,tt1396484,2017-09-28,2017-12-06,"WATCHED. $694.2still ongoing, not yet final",It: A Coisa,It,https://www.imdb.com/title/tt1396484/,Filme,7.3,135,2017,Terror,691114,2017-09-07,Andy Muschietti,694.2,5.142222222222222,2017.0
102,tt2381249,2015-09-18,2016-03-17,WATCHED. $682.3,Missão: Impossível - Nação Secreta,Mission: Impossible - Rogue Nation,https://www.imdb.com/title/tt2381249/,Filme,7.4,131,2015,"Ação, Aventura, Suspense",444301,2015-08-13,Christopher McQuarrie,682.3,5.208396946564885,2015.0
103,tt0109830,2014-03-03,2015-10-27,WATCHED. $677.9,Forrest Gump: O Contador de Histórias,Forrest Gump,https://www.imdb.com/title/tt0109830/,Filme,8.8,142,1994,"Drama, Romance",2480780,1994-12-07,Robert Zemeckis,677.9,4.773943661971831,1994.0
104,tt1211837,2016-12-23,2017-03-20,WATCHED. $677.6,Doutor Estranho,Doctor Strange,https://www.imdb.com/title/tt1211837/,Filme,7.5,115,2016,"Ação, Aventura, Fantasia, Ficção científica",874715,2016-11-02,Scott Derrickson,677.6,5.892173913043479,2016.0
105,tt0816692,2014-12-08,2016-03-17,WATCHED. $675.1,Interestelar,Interstellar,https://www.imdb.com/title/tt0816692/,Filme,8.7,169,2014,"Aventura, Drama, Ficção científica",2497537,2014-11-06,Christopher Nolan,675.1,3.9946745562130177,2014.0
106,tt0167404,2014-03-03,2014-03-03,WATCHED. $672.8,O Sexto Sentido,The Sixth Sense,https://www.imdb.com/title/tt0167404/,Filme,8.2,107,1999,"Drama, Mistério, Suspense",1138464,1999-10-22,M. Night Shyamalan,672.8,6.2878504672897195,1999.0
107,tt0770828,2014-03-03,2014-03-03,DIDN'T WATCH YET BUT PLANNING TO. $668.0,O Homem de Aço,Man of Steel,https://www.imdb.com/title/tt0770828/,Filme,7.1,143,2013,"Ação, Aventura, Ficção científica",863560,2013-07-12,Zack Snyder,668.0,4.671328671328672,2013.0
108,tt1302011,2014-03-03,2014-03-03,WATCHED. $665.7,Kung Fu Panda 2,Kung Fu Panda 2,https://www.imdb.com/title/tt1302011/,Filme,7.3,90,2011,"Animação, Ação, Aventura, Comédia, Drama, Família, Fantasia",354441,2011-06-10,Jennifer Yuh Nelson,665.7,7.396666666666667,2011.0
109,tt0438097,2014-03-03,2015-01-06,$660.9Don't like the franchise and don't intend to watch it.,A Era do Gelo 2,Ice Age: The Meltdown,https://www.imdb.com/title/tt0438097/,Filme,6.8,91,2006,"Animação, Aventura, Comédia, Família",316758,2006-03-31,Carlos Saldanha,660.9,7.262637362637363,2006.0
110,tt2245084,2015-03-12,2016-02-14,WATCHED. $657.8,Operação Big Hero,Big Hero 6,https://www.imdb.com/title/tt2245084/,Filme,7.8,102,2014,"Animação, Ação, Aventura, Comédia, Policial, Família, Ficção científica",550308,2014-12-25,"Don Hall, Chris Williams",657.8,6.4490196078431365,2014.0
111,tt0325980,2014-03-03,2014-03-03,WATCHED. $654.3,Piratas do Caribe: A Maldição do Pérola Negra,Pirates of the Caribbean: The Curse of the Black Pearl,https://www.imdb.com/title/tt0325980/,Filme,8.1,143,2003,"Ação, Aventura, Fantasia",1316994,2003-08-29,Gore Verbinski,654.3,4.5755244755244755,2003.0
112,tt1951266,2016-01-02,2017-10-25,WATCHED. $653.4,Jogos Vorazes: A Esperança - O Final,The Hunger Games: Mockingjay - Part 2,https://www.imdb.com/title/tt1951266/,Filme,6.6,137,2015,"Ação, Aventura, Ficção científica, Suspense",411428,2015-11-18,Francis Lawrence,653.4,4.76934306569343,2015.0
113,tt0121765,2014-03-03,2014-03-03,WATCHED. $649.4,Star Wars: Episódio II - Ataque dos Clones,Star Wars: Episode II - Attack of the Clones,https://www.imdb.com/title/tt0121765/,Filme,6.6,142,2002,"Ação, Aventura, Fantasia, Ficção científica",816172,2002-07-01,George Lucas,649.4,4.573239436619718,2002.0
114,tt1981115,2014-03-03,2016-03-17,WATCHED. $644.6,Thor: O Mundo Sombrio,Thor: The Dark World,https://www.imdb.com/title/tt1981115/,Filme,6.7,112,2013,"Ação, Aventura, Fantasia, Ficção científica",773617,2013-11-01,Alan Taylor,644.6,5.755357142857143,2013.0
115,tt3521164,2017-01-09,2017-05-18,WATCHED. $642.2,Moana: Um Mar de Aventuras,Moana,https://www.imdb.com/title/tt3521164/,Filme,7.6,107,2016,"Animação, Aventura, Comédia, Família, Fantasia, Musical",437596,2017-01-05,"Ron Clements, John Musker, Don Hall, Chris Williams",642.2,6.001869158878505,2017.0
116,tt0441773,2014-03-03,2014-03-03,WATCHED. $631.7,Kung Fu Panda,Kung Fu Panda,https://www.imdb.com/title/tt0441773/,Filme,7.6,92,2008,"Animação, Ação, Aventura, Comédia, Família, Fantasia",575648,2008-07-04,"Mark Osborne, John Stevenson",631.7,6.8663043478260875,2008.0
117,tt3470600,2017-01-29,2017-05-18,WATCHED. $631.8,Sing: Quem Canta Seus Males Espanta,Sing,https://www.imdb.com/title/tt3470600/,Filme,7.1,108,2016,"Animação, Comédia, Família, Musical",211201,2016-12-22,"Garth Jennings, Christophe Lourdelet",631.8,5.85,2016.0
118,tt0317705,2014-03-03,2014-03-03,WATCHED. $631.4,Os Incríveis,The Incredibles,https://www.imdb.com/title/tt0317705/,Filme,8.0,115,2004,"Animação, Ação, Aventura, Família",894674,2004-12-10,Brad Bird,631.4,5.490434782608696,2004.0
119,tt3659388,2016-03-15,2016-04-05,WATCHED. $629.9,Perdido em Marte,The Martian,https://www.imdb.com/title/tt3659388/,Filme,8.0,144,2015,"Aventura, Drama, Ficção científica",1001802,2015-10-01,Ridley Scott,629.9,4.374305555555555,2015.0
120,tt1596343,2014-03-04,2014-03-04,WATCHED. $626.1,Velozes e Furiosos 5: Operação Rio,Fast Five,https://www.imdb.com/title/tt1596343/,Filme,7.3,130,2011,"Ação, Policial, Suspense",431689,2011-05-06,Justin Lin,626.1,4.8161538461538465,2011.0
121,tt0448157,2014-03-04,2014-03-04,WATCHED. $624.4,Hancock,Hancock,https://www.imdb.com/title/tt0448157/,Filme,6.4,92,2008,"Ação, Comédia, Drama, Fantasia",537469,2008-07-04,Peter Berg,624.4,6.78695652173913,2008.0
122,tt1409024,2014-03-04,2014-03-04,WATCHED. $624.0,MIB: Homens de Preto III,Men in Black³,https://www.imdb.com/title/tt1409024/,Filme,6.8,106,2012,"Ação, Aventura, Comédia, Ficção científica",410368,2012-05-25,Barry Sonnenfeld,624.0,5.886792452830188,2012.0
123,tt1228705,2014-03-04,2014-03-04,WATCHED. $623.9,Homem de Ferro 2,Iron Man 2,https://www.imdb.com/title/tt1228705/,Filme,6.9,124,2010,"Ação, Ficção científica",932497,2010-04-30,Jon Favreau,623.9,5.031451612903226,2010.0
124,tt1646971,2014-08-18,2016-03-04,WATCHED. $621.5,Como Treinar o Seu Dragão 2,How to Train Your Dragon 2,https://www.imdb.com/title/tt1646971/,Filme,7.8,102,2014,"Animação, Ação, Aventura, Comédia, Família, Fantasia",399550,2014-06-19,Dean DeBlois,621.5,6.0931372549019605,2014.0
125,tt0382932,2014-03-04,2017-01-29,WATCHED. $620.7,Ratatouille,Ratatouille,https://www.imdb.com/title/tt0382932/,Filme,8.1,111,2007,"Animação, Aventura, Comédia, Família, Fantasia",935489,2007-07-06,"Brad Bird, Jan Pinkava",620.7,5.591891891891892,2007.0
126,tt0119567,2014-03-04,2014-03-04,WATCHED. $618.6,O Mundo Perdido: Jurassic Park,The Lost World: Jurassic Park,https://www.imdb.com/title/tt0119567/,Filme,6.6,129,1997,"Ação, Aventura, Ficção científica",476043,1997-06-20,Steven Spielberg,618.6,4.7953488372093025,1997.0
127,tt3315342,2017-03-20,2017-07-25,WATCHED. $616.2,Logan,Logan,https://www.imdb.com/title/tt3315342/,Filme,8.1,137,2017,"Ação, Drama, Ficção científica, Suspense",920784,2017-03-02,James Mangold,616.2,4.497810218978103,2017.0
128,tt0335345,2014-03-04,2014-03-04,"$611.9.Didn't watch, and don't intend to watch it.",A Paixão de Cristo,The Passion of the Christ,https://www.imdb.com/title/tt0335345/,Filme,7.3,127,2004,Drama,270228,2004-03-19,Mel Gibson,611.9,4.818110236220472,2004.0
129,tt0795421,2014-03-04,2014-03-04,WATCHED. $609.8,Mamma Mia!,Mamma Mia!,https://www.imdb.com/title/tt0795421/,Filme,6.5,108,2008,"Comédia, Musical, Romance",303027,2008-09-12,Phyllida Lloyd,609.8,5.6462962962962955,2008.0
130,tt0454876,2014-03-04,2014-03-04,WATCHED. $609.0,As Aventuras de Pi,Life of Pi,https://www.imdb.com/title/tt0454876/,Filme,7.9,127,2012,"Aventura, Drama, Fantasia",698048,2012-12-21,Ang Lee,609.0,4.7952755905511815,2012.0
131,tt3371366,2017-07-10,2017-09-07,WATCHED. $604.9,Transformers: O Último Cavaleiro,Transformers: The Last Knight,https://www.imdb.com/title/tt3371366/,Filme,5.2,154,2017,"Ação, Aventura, Comédia, Ficção científica, Suspense",184950,2017-07-20,Michael Bay,604.9,3.927922077922078,2017.0
132,tt0479952,2014-03-04,2014-03-04,WATCHED. $603.9,Madagascar 2,Madagascar: Escape 2 Africa,https://www.imdb.com/title/tt0479952/,Filme,6.7,89,2008,"Animação, Aventura, Comédia, Família",269282,2008-12-12,"Eric Darnell, Tom McGrath",603.9,6.785393258426966,2008.0
133,tt0381061,2014-03-04,2014-03-04,WATCHED. $599.0,007: Cassino Royale,Casino Royale,https://www.imdb.com/title/tt0381061/,Filme,8.0,144,2006,"Ação, Aventura, Suspense",740901,2006-12-15,Martin Campbell,599.0,4.159722222222222,2006.0
134,tt0398286,2014-03-04,2014-03-04,WATCHED. $591.8,Enrolados,Tangled,https://www.imdb.com/title/tt0398286/,Filme,7.7,100,2010,"Animação, Aventura, Comédia, Família, Fantasia, Musical, Romance",541782,2011-01-07,"Nathan Greno, Byron Howard",591.8,5.917999999999999,2011.0
135,tt0407304,2014-03-04,2014-03-04,"$591.7Didn't watch it yet, but intending to",Guerra dos Mundos,War of the Worlds,https://www.imdb.com/title/tt0407304/,Filme,6.6,117,2005,"Ação, Aventura, Ficção científica",505134,2005-06-29,Steven Spielberg,591.7,5.057264957264958,2005.0
136,tt0119654,2014-03-04,2014-03-04,WATCHED. $589.4,MIB: Homens de Preto,Men in Black,https://www.imdb.com/title/tt0119654/,Filme,7.3,98,1997,"Ação, Aventura, Comédia, Ficção científica",660833,1997-07-11,Barry Sonnenfeld,589.4,6.014285714285714,1997.0
137,tt0481499,2014-03-04,2014-03-04,WATCHED. $587.2,Os Croods,The Croods,https://www.imdb.com/title/tt0481499/,Filme,7.1,98,2013,"Animação, Aventura, Comédia, Família, Fantasia",250281,2013-03-22,"Kirk DeMicco, Chris Sanders",587.2,5.991836734693878,2013.0
138,tt1411697,2014-03-04,2014-03-04,WATCHED. $586.8,"Se Beber, Não Case! Parte II",The Hangover Part II,https://www.imdb.com/title/tt1411697/,Filme,6.5,102,2011,Comédia,574749,2011-05-27,Todd Phillips,586.8,5.752941176470588,2011.0
139,tt0830515,2014-03-04,2014-03-04,WATCHED. $586.1,007 - Quantum of Solace,Quantum of Solace,https://www.imdb.com/title/tt0830515/,Filme,6.5,106,2008,"Ação, Aventura, Mistério, Suspense",495416,2008-11-07,Marc Forster,586.1,5.529245283018868,2008.0
140,tt0480249,2014-03-04,2014-03-04,WATCHED. $585.3,Eu Sou a Lenda,I Am Legend,https://www.imdb.com/title/tt0480249/,Filme,7.2,101,2007,"Drama, Terror, Ficção científica, Suspense",872671,2008-01-18,Francis Lawrence,585.3,5.795049504950494,2008.0
141,tt0371746,2014-03-04,2014-03-04,WATCHED. $585.2,Homem de Ferro,Iron Man,https://www.imdb.com/title/tt0371746/,Filme,7.9,126,2008,"Ação, Aventura, Ficção científica",1216941,2008-04-30,Jon Favreau,585.2,4.644444444444445,2008.0
142,tt0198781,2014-03-04,2017-01-29,WATCHED. $577.4,Monstros S.A.,"Monsters, Inc.",https://www.imdb.com/title/tt0198781/,Filme,8.1,92,2001,"Animação, Aventura, Comédia, Família, Fantasia",1068443,2001-11-14,"Pete Docter, David Silverman, Lee Unkrich",577.4,6.2760869565217385,2001.0
143,tt0477347,2014-03-04,2014-03-04,WATCHED. $574.5,Uma Noite no Museu,Night at the Museum,https://www.imdb.com/title/tt0477347/,Filme,6.5,108,2006,"Aventura, Comédia, Família, Fantasia",407535,2007-01-12,Shawn Levy,574.5,5.319444444444445,2007.0
144,tt2322441,2015-02-23,2016-03-17,WATCHED. $571.0,Cinquenta Tons de Cinza,Fifty Shades of Grey,https://www.imdb.com/title/tt2322441/,Filme,4.2,125,2015,"Drama, Romance, Suspense",354929,2015-02-12,Sam Taylor-Johnson,571.0,4.568,2015.0
145,tt0974015,2017-12-06,2017-12-06,"WATCHED. $570.3still ongoing, not yet final",Liga da Justiça,Justice League,https://www.imdb.com/title/tt0974015/,Filme,6.0,120,2017,"Ação, Aventura, Fantasia, Ficção científica",503263,2017-11-15,Zack Snyder,570.3,4.7524999999999995,2017.0
146,tt3731562,2017-04-03,2017-06-30,WATCHED. $566.2,Kong: A Ilha da Caveira,Kong: Skull Island,https://www.imdb.com/title/tt3731562/,Filme,6.7,118,2017,"Ação, Aventura, Fantasia, Ficção científica",372800,2017-03-09,Jordan Vogt-Roberts,566.2,4.798305084745763,2017.0
147,tt0472181,2014-03-04,2014-03-04,WATCHED. $563.7,Os Smurfs,The Smurfs,https://www.imdb.com/title/tt0472181/,Filme,5.4,103,2011,"Animação, Aventura, Comédia, Família, Fantasia",103956,2011-08-05,Raja Gosnell,563.7,5.472815533980583,2011.0
148,tt1216475,2014-03-04,2014-03-04,WATCHED. $559.9,Carros 2,Cars 2,https://www.imdb.com/title/tt1216475/,Filme,6.2,106,2011,"Animação, Aventura, Comédia, Policial, Família, Ficção científica, Esportes",253261,2011-06-23,"John Lasseter, Bradford Lewis",559.9,5.282075471698113,2011.0
149,tt0448694,2014-03-04,2014-03-04,WATCHED. $555.0,Gato de Botas,Puss in Boots,https://www.imdb.com/title/tt0448694/,Filme,6.6,90,2011,"Animação, Ação, Aventura, Comédia, Família, Fantasia",210156,2011-12-09,Chris Miller,555.0,6.166666666666667,2011.0
150,tt4701660,2016-03-04,2017-01-29,DIDN'T WATCH. $553.8,As Travessuras de Uma Sereia,Mei ren yu,https://www.imdb.com/title/tt4701660/,Filme,6.2,94,2016,"Comédia, Drama, Fantasia, Romance",10905,2016-02-08,Stephen Chow,553.8,5.891489361702127,2016.0
151,tt0120591,2014-03-04,2014-03-04,WATCHED. $553.7,Armageddon,Armageddon,https://www.imdb.com/title/tt0120591/,Filme,6.7,151,1998,"Ação, Aventura, Ficção científica, Suspense",477476,1998-08-07,Michael Bay,553.7,3.6668874172185433,1998.0
152,tt0360717,2014-03-04,2014-03-04,WATCHED. $550.5,King Kong,King Kong,https://www.imdb.com/title/tt0360717/,Filme,7.2,187,2005,"Ação, Aventura, Romance",469145,2005-12-16,Peter Jackson,550.5,2.943850267379679,2005.0
153,tt1637725,2014-03-04,2014-03-04,WATCHED. $549.4,Ted,Ted,https://www.imdb.com/title/tt1637725/,Filme,6.9,106,2012,Comédia,706785,2012-09-21,Seth MacFarlane,549.4,5.183018867924528,2012.0
154,tt2179136,2015-02-22,2016-03-17,WATCHED. $547.4,Sniper Americano,American Sniper,https://www.imdb.com/title/tt2179136/,Filme,7.3,133,2014,"Ação, Biografia, Drama, Guerra",566812,2015-02-19,Clint Eastwood,547.4,4.11578947368421,2015.0
155,tt0120755,2014-03-04,2014-03-04,"$546.4DIDN'T WATCH YET, BUT PLANNING TO",Missão: Impossível 2,Mission: Impossible II,https://www.imdb.com/title/tt0120755/,Filme,6.1,123,2000,"Ação, Aventura, Suspense",412337,2000-06-22,John Woo,546.4,4.442276422764228,2000.0
156,tt1515091,2014-03-04,2014-03-04,WATCHED. $545.4,Sherlock Holmes: O Jogo de Sombras,Sherlock Holmes: A Game of Shadows,https://www.imdb.com/title/tt1515091/,Filme,7.4,129,2011,"Ação, Aventura, Mistério",501014,2012-01-13,Guy Ritchie,545.4,4.227906976744186,2012.0
157,tt0319262,2014-03-04,2014-03-04,WATCHED. $544.3,O Dia Depois de Amanhã,The Day After Tomorrow,https://www.imdb.com/title/tt0319262/,Filme,6.5,124,2004,"Ação, Aventura, Ficção científica, Suspense",509904,2004-05-28,Roland Emmerich,544.3,4.389516129032257,2004.0
158,tt3385516,2016-06-18,2017-01-29,WATCHED. $543.9,X-Men: Apocalipse,X-Men: Apocalypse,https://www.imdb.com/title/tt3385516/,Filme,6.8,144,2016,"Ação, Aventura, Ficção científica",490505,2016-05-19,Bryan Singer,543.9,3.777083333333333,2016.0
159,tt1661199,2015-04-14,2017-01-29,WATCHED. $543.5,Cinderela,Cinderella,https://www.imdb.com/title/tt1661199/,Filme,6.9,105,2015,"Aventura, Drama, Família, Fantasia, Romance",204403,2015-03-26,Kenneth Branagh,543.5,5.1761904761904765,2015.0
160,tt1323594,2014-03-04,2014-03-04,WATCHED. $543.1,Meu Malvado Favorito,Despicable Me,https://www.imdb.com/title/tt1323594/,Filme,7.6,95,2010,"Animação, Aventura, Comédia, Policial, Família, Ficção científica",629426,2010-08-06,"Pierre Coffin, Chris Renaud",543.1,5.716842105263158,2010.0
161,tt1217209,2014-03-08,2017-01-29,WATCHED. $540.4,Valente,Brave,https://www.imdb.com/title/tt1217209/,Filme,7.1,93,2012,"Animação, Ação, Aventura, Comédia, Drama, Família, Fantasia, Mistério",476725,2012-07-20,"Mark Andrews, Brenda Chapman, Steve Purcell",540.4,5.810752688172043,2012.0
162,tt0816711,2014-03-04,2014-03-04,WATCHED. $540.0,Guerra Mundial Z,World War Z,https://www.imdb.com/title/tt0816711/,Filme,7.0,116,2013,"Ação, Aventura, Terror, Ficção científica",779133,2013-06-28,Marc Forster,540.0,4.655172413793103,2013.0
163,tt0080684,2014-03-08,2014-03-08,WATCHED. $538.4,Star Wars: Episódio V - O Império Contra-Ataca,Star Wars: Episode V - The Empire Strikes Back,https://www.imdb.com/title/tt0080684/,Filme,8.7,124,1980,"Ação, Aventura, Fantasia, Ficção científica",1497001,1980-07-14,Irvin Kershner,538.4,4.341935483870968,1980.0
164,tt0910970,2014-03-08,2017-01-29,WATCHED. $533.3,WALL·E,WALL·E,https://www.imdb.com/title/tt0910970/,Filme,8.4,98,2008,"Animação, Aventura, Família, Ficção científica",1312393,2008-06-27,Andrew Stanton,533.3,5.441836734693877,2008.0
165,tt1663202,2016-03-15,2017-01-29,WILL WATCH. $533.0,O Regresso,The Revenant,https://www.imdb.com/title/tt1663202/,Filme,8.0,156,2015,"Aventura, Drama, Faroeste",944374,2016-02-04,Alejandro G. Iñárritu,533.0,3.4166666666666665,2016.0
166,tt0351283,2014-03-08,2014-03-08,WATCHED. $532.7,Madagascar,Madagascar,https://www.imdb.com/title/tt0351283/,Filme,6.9,86,2005,"Animação, Aventura, Comédia, Família",476716,2005-06-24,"Eric Darnell, Tom McGrath",532.7,6.1941860465116285,2005.0
167,tt0831387,2014-08-18,2016-03-17,WATCHED. $529.1,Godzilla,Godzilla,https://www.imdb.com/title/tt0831387/,Filme,6.4,123,2014,"Ação, Aventura, Ficção científica, Suspense",462960,2014-05-15,Gareth Edwards,529.1,4.301626016260163,2014.0
168,tt0462538,2014-03-08,2014-03-08,WATCHED. $527.1,Os Simpsons: O Filme,The Simpsons Movie,https://www.imdb.com/title/tt0462538/,Filme,7.3,87,2007,"Animação, Aventura, Comédia",362672,2007-08-17,David Silverman,527.1,6.058620689655172,2007.0
169,tt5013056,2017-09-13,2017-11-20,"WATCHED. $525.0still ongoing, not yet final",Dunkirk,Dunkirk,https://www.imdb.com/title/tt5013056/,Filme,7.8,106,2017,"Ação, Drama, História, Suspense, Guerra",802761,2017-07-27,Christopher Nolan,525.0,4.952830188679245,2017.0
170,tt0988045,2014-03-08,2014-03-08,WATCHED. $524.0,Sherlock Holmes,Sherlock Holmes,https://www.imdb.com/title/tt0988045/,Filme,7.5,128,2009,"Ação, Aventura, Mistério",704607,2010-01-08,Guy Ritchie,524.0,4.09375,2010.0
171,tt2267968,2016-03-29,2017-06-10,WILL WATCH. $521.2,Kung Fu Panda 3,Kung Fu Panda 3,https://www.imdb.com/title/tt2267968/,Filme,7.1,95,2016,"Animação, Ação, Aventura, Comédia, Família, Fantasia",216122,2016-03-03,"Alessandro Carloni, Jennifer Yuh Nelson",521.2,5.486315789473685,2016.0
172,tt0103064,2014-03-08,2017-11-20,$520.9Never watch the Terminator series. Will watch it soon as I have the time.,O Exterminador do Futuro 2: O Julgamento Final,Terminator 2: Judgment Day,https://www.imdb.com/title/tt0103064/,Filme,8.6,137,1991,"Ação, Aventura, Ficção científica",1277833,1991-08-30,James Cameron,520.9,3.8021897810218976,1991.0
173,tt0478970,2015-10-18,2016-03-17,WATCHED. $519.3,Homem-Formiga,Ant-Man,https://www.imdb.com/title/tt0478970/,Filme,7.2,117,2015,"Ação, Comédia, Ficção científica",776238,2015-07-16,Peyton Reed,519.3,4.438461538461538,2015.0
174,tt0290002,2014-03-08,2014-10-26,"$516.6DIDN'T WATCH THE FIRST ONE, SO HAVEN'T WATCHED THIS ONE EITHER.",Entrando Numa Fria Maior Ainda,Meet the Fockers,https://www.imdb.com/title/tt0290002/,Filme,6.4,115,2004,"Comédia, Romance",301349,2005-01-28,Jay Roach,516.6,4.492173913043478,2005.0
175,tt0099653,2014-03-08,2014-10-26,$505.7DIDN'T WATCH YET.,Ghost: Do Outro Lado da Vida,Ghost,https://www.imdb.com/title/tt0099653/,Filme,7.1,126,1990,"Drama, Fantasia, Romance, Suspense",255483,1990-11-01,Jerry Zucker,505.7,4.0134920634920634,1990.0
176,tt0103639,2014-03-08,2014-03-08,WATCHED. $504.1,Aladdin,Aladdin,https://www.imdb.com/title/tt0103639/,Filme,8.0,90,1992,"Animação, Aventura, Comédia, Família, Fantasia, Musical, Romance",498527,1993-06-25,"Ron Clements, John Musker",504.1,5.601111111111111,1993.0
177,tt2357291,2014-08-18,2016-03-17,$500.1WILL WATCH IT IN THE FUTURE.,Rio 2,Rio 2,https://www.imdb.com/title/tt2357291/,Filme,6.3,101,2014,"Animação, Aventura, Comédia, Família, Musical, Musical, Romance",110605,2014-03-27,Carlos Saldanha,500.1,4.951485148514852,2014.0
178,tt3874544,2017-09-28,2017-11-20,DIDN'T WATCH. $498.9,O Poderoso Chefinho,The Boss Baby,https://www.imdb.com/title/tt3874544/,Filme,6.3,97,2017,"Animação, Aventura, Comédia, Família, Fantasia",156865,2017-03-30,Tom McGrath,498.9,5.143298969072164,2017.0
179,tt0332452,2014-03-08,2014-10-26,$497.4DIDN'T WATCH YET.,Troia,Troy,https://www.imdb.com/title/tt0332452/,Filme,7.3,163,2004,"Ação, Aventura, Drama",612541,2004-05-14,Wolfgang Petersen,497.4,3.051533742331288,2004.0
180,tt0120363,2014-03-08,2017-01-20,WATCHED. $497.4,Toy Story 2,Toy Story 2,https://www.imdb.com/title/tt0120363/,Filme,7.9,92,1999,"Animação, Aventura, Comédia, Família, Fantasia",666187,1999-12-17,"John Lasseter, Ash Brannon, Lee Unkrich",497.4,5.406521739130435,1999.0
181,tt0892769,2014-03-08,2014-03-08,WATCHED. $494.9,Como Treinar o Seu Dragão,How to Train Your Dragon,https://www.imdb.com/title/tt0892769/,Filme,8.1,98,2010,"Animação, Ação, Aventura, Família, Fantasia",887889,2010-03-26,"Dean DeBlois, Chris Sanders",494.9,5.05,2010.0
182,tt0117998,2014-03-08,2014-03-08,WATCHED. $494.5,Twister,Twister,https://www.imdb.com/title/tt0117998/,Filme,6.6,113,1996,"Ação, Aventura, Suspense",250940,1996-06-20,Jan de Bont,494.5,4.376106194690266,1996.0
183,tt1291150,2014-10-26,2015-11-25,WILL WATCH. $493.3,As Tartarugas Ninja,Teenage Mutant Ninja Turtles,https://www.imdb.com/title/tt1291150/,Filme,5.8,101,2014,"Animação, Ação, Aventura, Comédia, Policial, Fantasia, Ficção científica",229480,2014-08-14,Jonathan Liebesman,493.3,4.8841584158415845,2014.0
184,tt1623205,2014-03-08,2014-03-08,WATCHED. $493.3,Oz: Mágico e Poderoso,Oz the Great and Powerful,https://www.imdb.com/title/tt1623205/,Filme,6.3,130,2013,"Aventura, Família, Fantasia",221048,2013-03-08,Sam Raimi,493.3,3.7946153846153847,2013.0
185,tt0800320,2014-03-08,2014-10-26,$493.2DIDN'T WATCH YET.,Fúria de Titãs,Clash of the Titans,https://www.imdb.com/title/tt0800320/,Filme,5.8,106,2010,"Ação, Aventura, Fantasia",304338,2010-05-21,Louis Leterrier,493.2,4.652830188679245,2010.0
186,tt3450958,2017-09-28,2017-11-20,"WATCHED. $490.6still ongoing, not yet final",Planeta dos Macacos: A Guerra,War for the Planet of the Apes,https://www.imdb.com/title/tt3450958/,Filme,7.4,140,2017,"Ação, Aventura, Drama, Ficção científica, Suspense",325339,2017-08-03,Matt Reeves,490.6,3.5042857142857144,2017.0
187,tt0808151,2014-03-08,2014-03-08,WATCHED. $485.9,Anjos e Demônios,Angels & Demons,https://www.imdb.com/title/tt0808151/,Filme,6.7,138,2009,"Mistério, Suspense",324935,2009-05-15,Ron Howard,485.9,3.521014492753623,2009.0
188,tt1436562,2014-03-08,2014-03-08,WATCHED. $484.6,Rio,Rio,https://www.imdb.com/title/tt1436562/,Filme,6.9,96,2011,"Animação, Aventura, Comédia, Família, Musical, Romance",271520,2011-04-08,Carlos Saldanha,484.6,5.047916666666667,2011.0
189,tt0315327,2014-03-08,2014-03-08,WATCHED. $484.6,Todo Poderoso,Bruce Almighty,https://www.imdb.com/title/tt0315327/,Filme,6.8,101,2003,"Comédia, Fantasia",467874,2003-06-06,Tom Shadyac,484.6,4.798019801980198,2003.0
190,tt0126029,2014-03-08,2014-03-08,WATCHED. $484.4,Shrek,Shrek,https://www.imdb.com/title/tt0126029/,Filme,7.9,90,2001,"Animação, Aventura, Comédia, Família, Fantasia, Romance",805922,2001-06-22,"Andrew Adamson, Vicky Jenson",484.4,5.382222222222222,2001.0
191,tt0120815,2014-03-08,2014-10-26,$481.8DIDN'T WATCH YET.,O Resgate do Soldado Ryan,Saving Private Ryan,https://www.imdb.com/title/tt0120815/,Filme,8.6,169,1998,"Drama, Guerra",1629005,1998-09-11,Steven Spielberg,481.8,2.850887573964497,1998.0
192,tt1318514,2014-03-08,2014-03-08,WATCHED. $481.8,Planeta dos Macacos: A Origem,Rise of the Planet of the Apes,https://www.imdb.com/title/tt1318514/,Filme,7.6,105,2011,"Ação, Drama, Ficção científica, Suspense",603776,2011-08-26,Rupert Wyatt,481.8,4.588571428571429,2011.0
193,tt0356910,2014-03-08,2014-03-08,WATCHED. $478.2,Sr. & Sra. Smith,Mr. & Mrs. Smith,https://www.imdb.com/title/tt0356910/,Filme,6.5,120,2005,"Ação, Comédia, Policial, Suspense",590192,2005-06-10,Doug Liman,478.2,3.985,2005.0
194,tt0099785,2014-03-08,2014-03-08,WATCHED. $476.7,Esqueceram de Mim,Home Alone,https://www.imdb.com/title/tt0099785/,Filme,7.8,103,1990,"Comédia, Família",740189,1990-12-21,Chris Columbus,476.7,4.628155339805825,1990.0
195,tt0086190,2014-03-08,2014-03-08,WATCHED. $475.1,Star Wars: Episódio VI - O Retorno de Jedi,Star Wars: Episode VI - Return of the Jedi,https://www.imdb.com/title/tt0086190/,Filme,8.3,131,1983,"Ação, Aventura, Fantasia, Ficção científica",1203531,1983-10-06,Richard Marquand,475.1,3.6267175572519084,1983.0
196,tt0367594,2014-03-08,2014-03-08,WATCHED. $475.0,A Fantástica Fábrica de Chocolate,Charlie and the Chocolate Factory,https://www.imdb.com/title/tt0367594/,Filme,6.7,115,2005,"Aventura, Comédia, Família, Fantasia, Musical",568662,2005-07-22,Tim Burton,475.0,4.130434782608695,2005.0
197,tt0097576,2014-03-08,2014-03-08,WATCHED. $474.2,Indiana Jones e a Última Cruzada,Indiana Jones and the Last Crusade,https://www.imdb.com/title/tt0097576/,Filme,8.2,127,1989,"Ação, Aventura",860590,1989-08-18,Steven Spielberg,474.2,3.7338582677165353,1989.0
198,tt2126355,2015-06-23,2016-01-07,WATCHED. $473.8,Terremoto: A Falha de San Andreas,San Andreas,https://www.imdb.com/title/tt2126355/,Filme,6.1,114,2015,"Ação, Aventura, Suspense",274602,2015-05-28,Brad Peyton,473.8,4.156140350877193,2015.0
199,tt2510894,2015-11-25,2017-11-20,WILL WATCH. $473.2,Hotel Transilvânia 2,Hotel Transylvania 2,https://www.imdb.com/title/tt2510894/,Filme,6.6,89,2015,"Animação, Aventura, Comédia, Família, Fantasia, Terror, Suspense",160866,2015-09-24,Genndy Tartakovsky,473.2,5.316853932584269,2015.0
200,tt1772341,2014-03-08,2014-03-08,WATCHED. $471.2,Detona Ralph,Wreck-It Ralph,https://www.imdb.com/title/tt1772341/,Filme,7.7,101,2012,"Animação, Aventura, Comédia, Família, Fantasia, Ficção científica, Esportes",495739,2013-01-04,Rich Moore,471.2,4.665346534653465,2013.0
201,tt0073195,2014-03-08,2014-03-08,WILL WATCH IT SOON. $470.7,Tubarão,Jaws,https://www.imdb.com/title/tt0073195/,Filme,8.1,124,1975,"Aventura, Terror, Suspense",733207,1975-12-25,Steven Spielberg,470.7,3.795967741935484,1975.0
202,tt1490017,2014-04-13,2016-02-23,WATCHED. $469.2,Uma Aventura Lego,The Lego Movie,https://www.imdb.com/title/tt1490017/,Filme,7.7,100,2014,"Animação, Ação, Aventura, Comédia, Família, Fantasia, Ficção científica",413464,2014-02-07,"Phil Lord, Christopher Miller",469.2,4.692,2014.0
203,tt1119646,2014-03-08,2014-03-08,WATCHED. $467.5,"Se Beber, Não Case!",The Hangover,https://www.imdb.com/title/tt1119646/,Filme,7.7,100,2009,Comédia,923787,2009-08-21,Todd Phillips,467.5,4.675,2009.0
204,tt1408101,2014-03-08,2014-03-08,WATCHED. $467.4,Além da Escuridão: Star Trek,Star Trek Into Darkness,https://www.imdb.com/title/tt1408101/,Filme,7.7,132,2013,"Ação, Aventura, Ficção científica",509539,2013-06-14,J.J. Abrams,467.4,3.5409090909090906,2013.0
205,tt0133093,2014-03-08,2014-03-08,WILL WATCH SOON. $463.5,Matrix,The Matrix,https://www.imdb.com/title/tt0133093/,Filme,8.7,136,1999,"Ação, Ficção científica",2234365,1999-05-21,"Lana Wachowski, Lilly Wachowski",463.5,3.4080882352941178,1999.0
206,tt0100405,2014-03-08,2014-03-08,WATCHED. $463.4,Uma Linda Mulher,Pretty Woman,https://www.imdb.com/title/tt0100405/,Filme,7.1,119,1990,"Comédia, Romance",402348,1990-07-27,Garry Marshall,463.4,3.8941176470588235,1990.0
207,tt2872732,2014-10-05,2016-01-07,WILL WATCH. $463.4,Lucy,Lucy,https://www.imdb.com/title/tt2872732/,Filme,6.4,89,2014,"Ação, Ficção científica, Suspense",575937,2014-08-28,Luc Besson,463.4,5.206741573033708,2014.0
208,tt0317219,2014-03-08,2014-03-08,WATCHED. $462.0,Carros,Cars,https://www.imdb.com/title/tt0317219/,Filme,7.3,116,2006,"Animação, Aventura, Comédia, Família, Esportes",530779,2006-06-30,"John Lasseter, Joe Ranft",462.0,3.9827586206896552,2006.0
209,tt0376994,2014-03-08,2015-04-01,WATCHED. $459.4,X-Men: O Confronto Final,X-Men: The Last Stand,https://www.imdb.com/title/tt0376994/,Filme,6.6,104,2006,"Ação, Aventura, Ficção científica",570628,2006-05-26,Brett Ratner,459.4,4.417307692307692,2006.0
210,tt0117060,2014-04-02,2014-04-02,WILL WATCH. $457.7,Missão: Impossível,Mission: Impossible,https://www.imdb.com/title/tt0117060/,Filme,7.2,110,1996,"Ação, Aventura, Suspense",515480,1996-07-12,Brian De Palma,457.7,4.160909090909091,1996.0
211,tt0172495,2014-04-02,2014-04-02,WATCHED. $457.6,Gladiador,Gladiator,https://www.imdb.com/title/tt0172495/,Filme,8.5,155,2000,"Ação, Aventura, Drama",1837736,2000-05-19,Ridley Scott,457.6,2.9522580645161294,2000.0
212,tt0465234,2014-04-02,2014-04-02,WATCHED. $457.4,A Lenda do Tesouro Perdido: Livro dos Segredos,National Treasure: Book of Secrets,https://www.imdb.com/title/tt0465234/,Filme,6.5,124,2007,"Ação, Aventura, Mistério, Suspense",266327,2008-01-25,Jon Turteltaub,457.4,3.6887096774193546,2008.0
213,tt0325710,2014-04-02,2014-04-02,HAVE NO INTENTION TO WATCH THIS. $456.8,O Último Samurai,The Last Samurai,https://www.imdb.com/title/tt0325710/,Filme,7.8,154,2003,"Ação, Drama",502867,2004-01-16,Edward Zwick,456.8,2.966233766233766,2004.0
214,tt0416449,2014-04-02,2014-04-02,WON'T WATCH. $456.1,300,300,https://www.imdb.com/title/tt0416449/,Filme,7.6,117,2006,"Ação, Drama",909282,2007-03-30,Zack Snyder,456.1,3.8982905982905987,2007.0
215,tt0240772,2014-04-03,2014-04-03,WATCHED. $450.7,Onze Homens e um Segredo,Ocean's Eleven,https://www.imdb.com/title/tt0240772/,Filme,7.7,116,2001,"Policial, Suspense",670177,2002-02-22,Steven Soderbergh,450.7,3.8853448275862066,2002.0
216,tt0800369,2014-04-03,2015-04-01,WATCHED. $449.3,Thor,Thor,https://www.imdb.com/title/tt0800369/,Filme,7.0,115,2011,"Ação, Fantasia",961014,2011-04-29,Kenneth Branagh,449.3,3.9069565217391307,2011.0
217,tt0213149,2014-04-03,2014-04-03,WATCHED. $449.2,Pearl Harbor,Pearl Harbor,https://www.imdb.com/title/tt0213149/,Filme,6.3,183,2001,"Ação, Drama, Romance, Guerra",368393,2001-06-01,Michael Bay,449.2,2.4546448087431694,2001.0
218,tt0120855,2014-04-03,2014-04-03,WATCHED. $448.2,Tarzan,Tarzan,https://www.imdb.com/title/tt0120855/,Filme,7.3,88,1999,"Animação, Aventura, Comédia, Drama, Família",267588,1999-07-02,"Chris Buck, Kevin Lima",448.2,5.093181818181818,1999.0
219,tt3783958,2017-03-01,2017-05-18,WATCHED. $443.3,La La Land: Cantando Estações,La La Land,https://www.imdb.com/title/tt3783958/,Filme,8.0,128,2016,"Comédia, Drama, Musical, Musical, Romance",755213,2017-01-19,Damien Chazelle,443.3,3.46328125,2017.0
220,tt1231580,2014-04-03,2014-04-03,WATCHED. $443.1,Alvin e os Esquilos 2,Alvin and the Chipmunks: The Squeakquel,https://www.imdb.com/title/tt1231580/,Filme,4.6,88,2009,"Animação, Aventura, Comédia, Família, Fantasia, Musical, Musical",60460,2010-01-08,Betty Thomas,443.1,5.035227272727273,2010.0
221,tt0440963,2014-04-03,2014-04-03,WILL WATCH. $442.8,O Ultimato Bourne,The Bourne Ultimatum,https://www.imdb.com/title/tt0440963/,Filme,8.0,115,2007,"Ação, Mistério, Suspense",682376,2007-08-24,Paul Greengrass,442.8,3.8504347826086955,2007.0
222,tt0120912,2014-04-03,2014-04-03,WATCHED. $441.8,MIB: Homens de Preto II,Men in Black II,https://www.imdb.com/title/tt0120912/,Filme,6.2,88,2002,"Ação, Aventura, Comédia, Mistério, Ficção científica",429741,2002-07-19,Barry Sonnenfeld,441.8,5.0204545454545455,2002.0
223,tt1707386,2014-04-03,2014-04-03,WATCHED. $441.8,Os Miseráveis,Les Misérables,https://www.imdb.com/title/tt1707386/,Filme,7.5,158,2012,"Drama, Musical, Romance",361186,2013-02-01,Tom Hooper,441.8,2.79620253164557,2013.0
224,tt0070047,2014-04-03,2014-04-03,WILL WATCH. $441.3,O Exorcista,The Exorcist,https://www.imdb.com/title/tt0070047/,Filme,8.1,122,1973,Terror,496377,1974-11-11,William Friedkin,441.3,3.6172131147540982,1974.0
225,tt0107614,2014-04-03,2014-04-03,WATCHED. $441.3,Uma Babá Quase Perfeita,Mrs. Doubtfire,https://www.imdb.com/title/tt0107614/,Filme,7.1,125,1993,"Comédia, Drama, Família",314337,1993-12-25,Chris Columbus,441.3,3.5304,1993.0
226,tt1340138,2015-09-13,2016-03-17,WILL WATCH. $440.6,O Exterminador do Futuro: Gênesis,Terminator Genisys,https://www.imdb.com/title/tt1340138/,Filme,6.3,126,2015,"Ação, Aventura, Ficção científica, Suspense",306491,2015-07-02,Alan Taylor,440.6,3.496825396825397,2015.0
227,tt0803096,2016-07-04,2016-10-08,WATCHED. $433.5,Warcraft - O Primeiro Encontro de Dois Mundos,Warcraft,https://www.imdb.com/title/tt0803096/,Filme,6.7,123,2016,"Ação, Aventura, Fantasia",294061,2016-06-02,Duncan Jones,433.5,3.524390243902439,2016.0
228,tt0181852,2014-04-03,2014-04-03,WILL WATCH. $433.4,O Exterminador do Futuro 3: A Rebelião das Máquinas,Terminator 3: Rise of the Machines,https://www.imdb.com/title/tt0181852/,Filme,6.3,109,2003,"Ação, Ficção científica",435910,2003-08-01,Jonathan Mostow,433.4,3.9761467889908255,2003.0
229,tt0209163,2014-04-03,2014-04-03,WATCHED. $433.0,O Retorno da Múmia,The Mummy Returns,https://www.imdb.com/title/tt0209163/,Filme,6.4,130,2001,"Ação, Aventura, Fantasia, Suspense",365997,2001-05-18,Stephen Sommers,433.0,3.330769230769231,2001.0
230,tt0246460,2014-04-03,2014-04-03,WATCHED. $432.0,007 - Um Novo Dia para Morrer,Die Another Day,https://www.imdb.com/title/tt0246460/,Filme,6.1,133,2002,"Ação, Aventura, Suspense",239735,2003-01-10,Lee Tamahori,432.0,3.2481203007518795,2003.0
231,tt0162222,2014-04-03,2014-04-03,WATCHED. $429.6,Náufrago,Cast Away,https://www.imdb.com/title/tt0162222/,Filme,7.8,143,2000,"Aventura, Drama, Romance",686399,2001-01-26,Robert Zemeckis,429.6,3.0041958041958043,2001.0
232,tt0242653,2014-04-03,2014-04-03,WILL WATCH. $427.3,Matrix Revolutions,The Matrix Revolutions,https://www.imdb.com/title/tt0242653/,Filme,6.7,129,2003,"Ação, Ficção científica",573300,2003-11-05,"Lana Wachowski, Lilly Wachowski",427.3,3.3124031007751937,2003.0
233,tt1675434,2014-04-03,2014-04-03,HAVE NO INTENTION TO WATCH. $426.6,Intocáveis,Intouchables,https://www.imdb.com/title/tt1675434/,Filme,8.5,112,2011,"Comédia, Drama",1020948,2012-08-31,"Olivier Nakache, Éric Toledano",426.6,3.8089285714285714,2012.0
234,tt1853728,2014-04-03,2014-04-03,WON'T WATCH. $425.4,Django Livre,Django Unchained,https://www.imdb.com/title/tt1853728/,Filme,8.5,165,2012,"Drama, Faroeste",1870859,2013-01-18,Quentin Tarantino,425.4,2.578181818181818,2013.0
235,tt0101414,2014-04-03,2014-04-03,WATCHED. $425.0,A Bela e a Fera,Beauty and the Beast,https://www.imdb.com/title/tt0101414/,Filme,8.0,84,1991,"Animação, Família, Fantasia, Musical, Romance",503732,1992-06-26,"Gary Trousdale, Kirk Wise",425.0,5.059523809523809,1992.0
236,tt0099348,2014-04-03,2014-04-03,HAVEN'T SEEN IT YET. $424.2,Dança com Lobos,Dances with Wolves,https://www.imdb.com/title/tt0099348/,Filme,8.0,181,1990,"Aventura, Drama, Faroeste",308950,1991-03-15,Kevin Costner,424.2,2.343646408839779,1991.0
237,tt0499448,2014-04-03,2014-04-03,WATCHED. $419.7,As Crônicas de Nárnia: Príncipe Caspian,The Chronicles of Narnia: Prince Caspian,https://www.imdb.com/title/tt0499448/,Filme,6.5,150,2008,"Ação, Aventura, Família, Fantasia",238599,2008-05-30,Andrew Adamson,419.7,2.798,2008.0
238,tt0120616,2014-04-03,2014-04-03,WATCHED. $415.9,A Múmia,The Mummy,https://www.imdb.com/title/tt0120616/,Filme,7.1,124,1999,"Ação, Aventura, Fantasia",498601,1999-06-18,Stephen Sommers,415.9,3.354032258064516,1999.0
239,tt0980970,2014-04-03,2014-04-03,WATCHED. $415.7,As Crônicas de Nárnia: A Viagem do Peregrino da Alvorada,The Chronicles of Narnia: The Voyage of the Dawn Treader,https://www.imdb.com/title/tt0980970/,Filme,6.3,113,2010,"Aventura, Família, Fantasia",176893,2010-12-10,Michael Apted,415.7,3.6787610619469024,2010.0
240,tt4196776,2016-11-06,2017-09-07,WILL WATCH. $415.5,Jason Bourne,Jason Bourne,https://www.imdb.com/title/tt4196776/,Filme,6.6,123,2016,"Ação, Suspense",256516,2016-07-28,Paul Greengrass,415.5,3.3780487804878048,2016.0
241,tt1000774,2014-04-03,2014-04-03,WILL WATCH. $415.3,Sex and the City: O Filme,Sex and the City,https://www.imdb.com/title/tt1000774/,Filme,5.7,145,2008,"Comédia, Drama, Romance",132998,2008-06-06,Michael Patrick King,415.3,2.8641379310344828,2008.0
242,tt1430132,2014-04-03,2015-04-01,WATCHED. $414.8,Wolverine: Imortal,The Wolverine,https://www.imdb.com/title/tt1430132/,Filme,6.7,126,2013,"Ação, Ficção científica",522324,2013-07-26,James Mangold,414.8,3.2920634920634924,2013.0
243,tt2802144,2015-03-29,2016-03-17,WATCHED. $414.4,Kingsman: Serviço Secreto,Kingsman: The Secret Service,https://www.imdb.com/title/tt2802144/,Filme,7.7,129,2014,"Ação, Aventura, Comédia, Suspense",773574,2015-03-05,Matthew Vaughn,414.4,3.2124031007751936,2015.0
244,tt1504320,2014-04-03,2014-04-03,WATCHED. $414.2,O Discurso do Rei,The King's Speech,https://www.imdb.com/title/tt1504320/,Filme,8.0,118,2010,"Biografia, Drama, História",731470,2010-12-25,Tom Hooper,414.2,3.510169491525424,2010.0
245,tt1078912,2014-04-03,2014-04-03,WATCHED. $413.1,Uma Noite no Museu 2,Night at the Museum: Battle of the Smithsonian,https://www.imdb.com/title/tt1078912/,Filme,6.0,105,2009,"Aventura, Comédia, Família, Fantasia",227884,2009-05-22,Shawn Levy,413.1,3.9342857142857146,2009.0
246,tt0096895,2014-04-09,2014-04-09,WATCHED. $411.3,Batman,Batman,https://www.imdb.com/title/tt0096895/,Filme,7.5,126,1989,"Ação, Aventura",430680,1989-10-26,Tim Burton,411.3,3.2642857142857142,1989.0
247,tt0103855,2014-08-30,2014-08-30,DIDN'T WATCH YET. $411.0,O Guarda-Costas,The Bodyguard,https://www.imdb.com/title/tt0103855/,Filme,6.4,129,1992,"Drama, Musical, Romance, Suspense",158808,1993-01-15,Mick Jackson,411.0,3.186046511627907,1993.0
248,tt1663662,2014-08-30,2014-08-30,WATCHED. $411.0,Círculo de Fogo,Pacific Rim,https://www.imdb.com/title/tt1663662/,Filme,6.9,131,2013,"Ação, Aventura, Ficção científica",557123,2013-08-09,Guillermo del Toro,411.0,3.1374045801526718,2013.0
249,tt3416828,2016-09-03,2017-09-07,DIDN'T WATCH. $408.6,A Era do Gelo: O Big Bang,Ice Age: Collision Course,https://www.imdb.com/title/tt3416828/,Filme,5.7,94,2016,"Animação, Ação, Aventura, Comédia, Família, Ficção científica",85221,2016-07-07,"Michael Thurmeier, Galen T. Chu",408.6,4.346808510638298,2016.0
250,tt0286106,2014-08-30,2014-08-30,WATCHED. $408.2,Sinais,Signs,https://www.imdb.com/title/tt0286106/,Filme,6.8,106,2002,"Drama, Mistério, Ficção científica, Suspense",412702,2002-09-20,M. Night Shyamalan,408.2,3.850943396226415,2002.0
251,tt2345759,2017-07-10,2017-09-13,WATCHED. $407.8,A Múmia,The Mummy,https://www.imdb.com/title/tt2345759/,Filme,5.4,111,2017,"Ação, Aventura, Fantasia, Terror, Suspense",221060,2017-06-08,Alex Kurtzman,407.8,3.673873873873874,2017.0
252,tt0290334,2014-08-30,2014-08-30,WATCHED. $407.7,X-Men 2,X2,https://www.imdb.com/title/tt0290334/,Filme,7.4,134,2003,"Ação, Ficção científica, Suspense",609915,2003-05-01,Bryan Singer,407.7,3.042537313432836,2003.0
253,tt1446714,2014-08-30,2015-05-12,HAVEN'T WATCHED. $403.4,Prometheus,Prometheus,https://www.imdb.com/title/tt1446714/,Filme,7.0,124,2012,"Aventura, Ficção científica",696502,2012-06-15,Ridley Scott,403.4,3.2532258064516126,2012.0
254,tt0859163,2014-08-30,2014-08-30,WATCHED. $401.1,A Múmia: Tumba do Imperador Dragão,The Mummy: Tomb of the Dragon Emperor,https://www.imdb.com/title/tt0859163/,Filme,5.2,112,2008,"Ação, Aventura, Fantasia",179477,2008-08-01,Rob Cohen,401.1,3.5812500000000003,2008.0
255,tt0031381,2014-08-30,2014-08-30,DIDN'T WATCH YET. $400.2,...E o Vento Levou,Gone with the Wind,https://www.imdb.com/title/tt0031381/,Filme,8.2,238,1939,"Drama, Romance, Guerra",355287,1940-09-19,Victor Fleming,400.2,1.6815126050420168,1940.0
256,tt1104001,2014-08-30,2014-08-30,WATCHED. $400.1,Tron: O Legado,Tron: Legacy,https://www.imdb.com/title/tt1104001/,Filme,6.8,125,2010,"Ação, Aventura, Ficção científica",386174,2010-12-17,Joseph Kosinski,400.1,3.2008,2010.0
257,tt0317919,2014-08-30,2014-08-30,WILL WATCH. $397.9,Missão: Impossível 3,Mission: Impossible III,https://www.imdb.com/title/tt0317919/,Filme,6.9,126,2006,"Ação, Aventura, Suspense",423351,2006-05-05,J.J. Abrams,397.9,3.157936507936508,2006.0
258,tt1735898,2014-08-30,2014-08-30,WATCHED. $396.6,Branca de Neve e o Caçador,Snow White and the Huntsman,https://www.imdb.com/title/tt1735898/,Filme,6.1,127,2012,"Ação, Aventura, Drama, Fantasia",314218,2012-06-01,Rupert Sanders,396.6,3.1228346456692915,2012.0
259,tt0077631,2014-08-30,2014-08-30,WATCHED. $395.0,Grease: Nos Tempos da Brilhantina,Grease,https://www.imdb.com/title/tt0077631/,Filme,7.2,110,1978,"Comédia, Musical, Romance",324656,1978-10-17,Randal Kleiser,395.0,3.590909090909091,1978.0
260,tt4649466,2017-11-08,2017-12-06,"WATCHED. $394.3still ongoing, not yet final",Kingsman: O Círculo Dourado,Kingsman: The Golden Circle,https://www.imdb.com/title/tt4649466/,Filme,6.7,141,2017,"Ação, Aventura, Comédia, Policial, Suspense",399634,2017-09-28,Matthew Vaughn,394.3,2.7964539007092197,2017.0
261,tt1099212,2014-08-30,2016-03-17,WATCHED. $393.6,Crepúsculo,Twilight,https://www.imdb.com/title/tt1099212/,Filme,5.4,122,2008,"Drama, Fantasia, Romance",523865,2008-12-19,Catherine Hardwicke,393.6,3.2262295081967216,2008.0
262,tt0993846,2014-08-30,2014-08-30,WILL WATCH. $392.0,O Lobo de Wall Street,The Wolf of Wall Street,https://www.imdb.com/title/tt0993846/,Filme,8.2,180,2013,"Biografia, Comédia, Policial, Drama",1773247,2014-01-24,Martin Scorsese,392.0,2.1777777777777776,2014.0
263,tt0348150,2014-08-30,2014-08-30,WON'T WATCH. $391.1,Superman: O Retorno,Superman Returns,https://www.imdb.com/title/tt0348150/,Filme,6.1,154,2006,"Ação, Aventura, Ficção científica",302452,2006-07-14,Bryan Singer,391.1,2.53961038961039,2006.0
264,tt0102798,2014-08-30,2014-08-30,DIDN'T WATCH YET. $390.5,Robin Hood: O Príncipe dos Ladrões,Robin Hood: Prince of Thieves,https://www.imdb.com/title/tt0102798/,Filme,6.9,143,1991,"Ação, Aventura, Drama, Romance",221234,1991-06-28,Kevin Reynolds,390.5,2.730769230769231,1991.0
265,tt0082971,2014-08-30,2014-08-30,WATCHED. $389.9,Os Caçadores da Arca Perdida,Raiders of the Lost Ark,https://www.imdb.com/title/tt0082971/,Filme,8.4,115,1981,"Ação, Aventura",1106056,1981-12-25,Steven Spielberg,389.9,3.3904347826086956,1981.0
266,tt1628841,2016-08-03,2016-10-08,WILL WATCH. $386.6,Independence Day: O Ressurgimento,Independence Day: Resurgence,https://www.imdb.com/title/tt1628841/,Filme,5.2,120,2016,"Ação, Aventura, Ficção científica",198925,2016-06-23,Roland Emmerich,386.6,3.2216666666666667,2016.0
267,tt2224026,2015-05-11,2015-10-18,HAVEN'T WATCHED. $386.0,Cada Um na Sua Casa,Home,https://www.imdb.com/title/tt2224026/,Filme,6.5,94,2015,"Animação, Aventura, Comédia, Família, Fantasia, Musical, Ficção científica",120673,2015-04-09,Tim Johnson,386.0,4.1063829787234045,2015.0
268,tt0796366,2014-08-30,2014-08-30,WATCHED. $385.7,Star Trek,Star Trek,https://www.imdb.com/title/tt0796366/,Filme,7.9,127,2009,"Ação, Aventura, Ficção científica",637167,2009-05-08,J.J. Abrams,385.7,3.037007874015748,2009.0
269,tt3781476,2016-01-07,2016-04-05,DIDN'T WATCH. $385.3,Upa - Meu Monstro Favorito,Zhuo yao ji,https://www.imdb.com/title/tt3781476/,Filme,6.1,117,2015,"Ação, Aventura, Comédia, Fantasia",6058,2015-07-16,Raman Hui,385.3,3.2931623931623935,2015.0
270,tt0366548,2014-08-30,2014-08-30,WILL WATCH. $384.3,Happy Feet: O Pinguim,Happy Feet,https://www.imdb.com/title/tt0366548/,Filme,6.4,108,2006,"Animação, Aventura, Comédia, Família, Musical, Musical, Romance",212981,2006-11-24,"George Miller, Warren Coleman, Judy Morris",384.3,3.5583333333333336,2006.0
271,tt0337978,2014-08-30,2014-08-30,DIDN'T WATCH YET. $383.5,Duro de Matar 4.0,Live Free or Die Hard,https://www.imdb.com/title/tt0337978/,Filme,7.1,128,2007,"Ação, Suspense",435101,2007-08-03,Len Wiseman,383.5,2.99609375,2007.0
272,tt0268380,2014-08-30,2014-08-30,WATCHED. $383.3,A Era do Gelo,Ice Age,https://www.imdb.com/title/tt0268380/,Filme,7.5,81,2002,"Animação, Aventura, Comédia, Família",561782,2002-03-22,"Chris Wedge, Carlos Saldanha",383.3,4.732098765432099,2002.0
273,tt3606752,2017-10-13,2017-11-08,WILL WATCH. $382.2,Carros 3,Cars 3,https://www.imdb.com/title/tt3606752/,Filme,6.7,102,2017,"Animação, Aventura, Comédia, Família, Esportes",149063,2017-07-13,Brian Fee,382.2,3.7470588235294118,2017.0
274,tt0892782,2014-10-05,2014-10-05,WILL WATCH. $381.5,Monstros vs. Alienígenas,Monsters vs Aliens,https://www.imdb.com/title/tt0892782/,Filme,6.4,94,2009,"Animação, Ação, Aventura, Comédia, Família, Fantasia, Ficção científica",187909,2009-04-03,"Rob Letterman, Conrad Vernon",381.5,4.058510638297872,2009.0
275,tt0088763,2014-10-05,2014-10-05,WATCHED. $381.1,De Volta para o Futuro,Back to the Future,https://www.imdb.com/title/tt0088763/,Filme,8.5,116,1985,"Aventura, Comédia, Ficção científica",1443272,1985-12-25,Robert Zemeckis,381.1,3.285344827586207,1985.0
276,tt4465564,2017-03-11,2017-10-25,WATCHED. $381.0,Cinquenta Tons Mais Escuros,Fifty Shades Darker,https://www.imdb.com/title/tt4465564/,Filme,4.6,118,2017,"Drama, Mistério, Romance, Suspense",120878,2017-02-09,James Foley,381.0,3.2288135593220337,2017.0
277,tt0120685,2014-10-05,2014-10-05,WATCHED. $379.0,Godzilla,Godzilla,https://www.imdb.com/title/tt0120685/,Filme,5.5,139,1998,"Ação, Ficção científica, Suspense",212579,1998-07-17,Roland Emmerich,379.0,2.726618705035971,1998.0
278,tt0111503,2014-10-05,2014-10-05,WON'T WATCH. $378.9,True Lies,True Lies,https://www.imdb.com/title/tt0111503/,Filme,7.3,141,1994,"Ação, Comédia, Suspense",300540,1994-09-02,James Cameron,378.9,2.6872340425531913,1994.0
279,tt1392190,2015-06-19,2017-03-30,WATCHED. $378.9,Mad Max: Estrada da Fúria,Mad Max: Fury Road,https://www.imdb.com/title/tt1392190/,Filme,8.1,120,2015,"Ação, Aventura, Ficção científica",1201036,2015-05-14,George Miller,378.9,3.1574999999999998,2015.0
280,tt1010048,2014-10-05,2014-10-05,WATCHED. $377.9,Quem Quer Ser um Milionário?,Slumdog Millionaire,https://www.imdb.com/title/tt1010048/,Filme,8.0,120,2008,"Policial, Drama, Romance",908143,2009-03-06,"Danny Boyle, Loveleen Tandan",377.9,3.1491666666666664,2009.0
281,tt1397280,2014-10-05,2014-10-05,WILL WATCH. $376.1,Busca Implacável 2,Taken 2,https://www.imdb.com/title/tt1397280/,Filme,6.2,92,2012,"Ação, Policial, Suspense",336145,2012-10-05,Olivier Megaton,376.1,4.08804347826087,2012.0
282,tt1583421,2014-10-05,2014-10-05,PROBABLY WON'T WATCH. $375.7,G.I. Joe: Retaliação,G.I. Joe: Retaliation,https://www.imdb.com/title/tt1583421/,Filme,5.7,110,2013,"Ação, Aventura, Ficção científica, Suspense",192717,2013-03-29,Jon M. Chu,375.7,3.4154545454545455,2013.0
283,tt0372784,2014-10-05,2014-10-05,WATCHED. $374.2,Batman Begins,Batman Begins,https://www.imdb.com/title/tt0372784/,Filme,8.2,140,2005,"Ação, Policial, Drama, Suspense",1704160,2005-06-17,Christopher Nolan,374.2,2.6728571428571426,2005.0
284,tt0207201,2014-10-05,2014-10-05,WATCHED. $374.1,Do Que as Mulheres Gostam,What Women Want,https://www.imdb.com/title/tt0207201/,Filme,6.5,127,2000,"Comédia, Fantasia, Romance",238638,2001-03-09,Nancy Meyers,374.1,2.9456692913385827,2001.0
285,tt0983193,2014-10-05,2014-10-05,WATCHED. $374.0,As Aventuras de Tintim,The Adventures of Tintin,https://www.imdb.com/title/tt0983193/,Filme,7.3,107,2011,"Animação, Ação, Aventura, Família, Mistério",254034,2012-01-20,Steven Spielberg,374.0,3.4953271028037385,2012.0
286,tt0114709,2014-10-05,2017-03-01,WATCHED. $373.6,Toy Story,Toy Story,https://www.imdb.com/title/tt0114709/,Filme,8.3,81,1995,"Animação, Aventura, Comédia, Família, Fantasia",1167060,1996-01-12,John Lasseter,373.6,4.612345679012346,1996.0
287,tt0458525,2014-10-05,2014-10-05,WATCHED. $373.1,X-Men Origens: Wolverine,X-Men Origins: Wolverine,https://www.imdb.com/title/tt0458525/,Filme,6.5,107,2009,"Ação, Ficção científica",566060,2009-04-30,Gavin Hood,373.1,3.4869158878504676,2009.0
288,tt1911658,2015-02-01,2016-03-17,DIDN'T WATCH. $373.0,Os Pinguins de Madagascar,Penguins of Madagascar,https://www.imdb.com/title/tt1911658/,Filme,6.6,92,2014,"Animação, Ação, Aventura, Comédia, Policial, Família, Ficção científica",114677,2015-01-15,"Eric Darnell, Simon J. Smith",373.0,4.054347826086956,2015.0
289,tt0385752,2014-10-05,2014-10-05,WATCHED. $372.2,A Bússola de Ouro,The Golden Compass,https://www.imdb.com/title/tt0385752/,Filme,6.1,113,2007,"Aventura, Família, Fantasia",203353,2007-12-25,Chris Weitz,372.2,3.293805309734513,2007.0
290,tt0438488,2014-10-05,2014-10-05,WILL WATCH. $371.4,O Exterminador do Futuro: A Salvação,Terminator Salvation,https://www.imdb.com/title/tt0438488/,Filme,6.5,115,2009,"Ação, Aventura, Ficção científica",391851,2009-06-05,McG,371.4,3.229565217391304,2009.0
291,tt0458339,2014-10-05,2014-10-05,WATCHED. $370.6,Capitão América: O Primeiro Vingador,Captain America: The First Avenger,https://www.imdb.com/title/tt0458339/,Filme,6.9,124,2011,"Ação, Aventura, Ficção científica",961943,2011-07-29,Joe Johnston,370.6,2.988709677419355,2011.0
292,tt1631867,2014-10-05,2016-03-17,WATCHED. $370.5,No Limite do Amanhã,Edge of Tomorrow,https://www.imdb.com/title/tt1631867/,Filme,7.9,113,2014,"Ação, Aventura, Ficção científica",800416,2014-05-29,Doug Liman,370.5,3.2787610619469025,2014.0
293,tt0129387,2014-10-05,2014-10-05,WATCHED. $369.9,Quem Vai Ficar com Mary?,There's Something About Mary,https://www.imdb.com/title/tt0129387/,Filme,7.1,119,1998,"Comédia, Romance",347257,1998-09-18,"Bobby Farrelly, Peter Farrelly",369.9,3.1084033613445374,1998.0
294,tt2267998,2014-11-22,2016-03-17,WATCHED. $369.3,Garota Exemplar,Gone Girl,https://www.imdb.com/title/tt2267998/,Filme,8.1,149,2014,"Drama, Mistério, Suspense",1162035,2014-10-02,David Fincher,369.3,2.478523489932886,2014.0
295,tt0106977,2014-10-05,2014-10-05,WILL WATCH. $368.9,O Fugitivo,The Fugitive,https://www.imdb.com/title/tt0106977/,Filme,7.8,130,1993,"Ação, Policial, Drama, Mistério, Suspense",344736,1993-09-10,Andrew Davis,368.9,2.8376923076923077,1993.0
296,tt0163025,2014-10-05,2014-10-05,WATCHED. $368.8,Jurassic Park III,Jurassic Park III,https://www.imdb.com/title/tt0163025/,Filme,6.0,92,2001,"Ação, Aventura, Ficção científica, Suspense",368623,2001-07-20,Joe Johnston,368.8,4.008695652173913,2001.0
297,tt0259446,2014-10-05,2014-10-05,WATCHED. $368.7,Casamento Grego,My Big Fat Greek Wedding,https://www.imdb.com/title/tt0259446/,Filme,6.6,95,2002,"Comédia, Drama, Romance",150907,2002-11-08,Joel Zwick,368.7,3.8810526315789473,2002.0
298,tt0386588,2014-10-05,2014-10-05,WATCHED. $368.1,"Hitch, Conselheiro Amoroso",Hitch,https://www.imdb.com/title/tt0386588/,Filme,6.6,118,2005,"Comédia, Romance",348331,2005-02-18,Andy Tennant,368.1,3.119491525423729,2005.0
299,tt0307453,2014-10-05,2014-10-05,WATCHED. $367.3,O Espanta Tubarões,Shark Tale,https://www.imdb.com/title/tt0307453/,Filme,6.0,90,2004,"Animação, Aventura, Comédia, Família, Suspense",211952,2004-10-08,"Bibo Bergeron, Vicky Jenson, Rob Letterman",367.3,4.081111111111111,2004.0
300,tt0112864,2014-10-05,2014-10-05,WILL WATCH. $366.1,Duro de Matar 3: A Vingança,Die Hard with a Vengeance,https://www.imdb.com/title/tt0112864/,Filme,7.6,128,1995,"Ação, Aventura, Suspense",429571,1995-06-02,John McTiernan,366.1,2.86015625,1995.0
301,tt0125439,2014-10-05,2014-10-05,WATCHED. $363.9,Um Lugar Chamado Notting Hill,Notting Hill,https://www.imdb.com/title/tt0125439/,Filme,7.2,124,1999,"Comédia, Drama, Romance",382110,1999-07-30,Roger Michell,363.9,2.9346774193548386,1999.0
302,tt0120623,2014-10-05,2014-10-05,WATCHED. $363.4,Vida de Inseto,A Bug's Life,https://www.imdb.com/title/tt0120623/,Filme,7.2,95,1998,"Animação, Aventura, Comédia, Família",336445,1998-12-18,"John Lasseter, Andrew Stanton",363.4,3.8252631578947365,1998.0
303,tt2692250,2015-02-09,2016-03-17,WILL WATCH. $363.2,Uma Noite no Museu 3: O Segredo da Tumba,Night at the Museum: Secret of the Tomb,https://www.imdb.com/title/tt2692250/,Filme,6.2,98,2014,"Aventura, Comédia, Família, Fantasia",148692,2015-01-01,Shawn Levy,363.2,3.706122448979592,2015.0
304,tt1013752,2014-10-05,2014-10-05,WATCHED. $363.2,Velozes & Furiosos 4,Fast & Furious,https://www.imdb.com/title/tt1013752/,Filme,6.5,107,2009,"Ação, Suspense",334039,2009-04-03,Justin Lin,363.2,3.394392523364486,2009.0
305,tt0349903,2014-10-05,2014-10-05,WATCHED. $362.7,Doze Homens e Outro Segredo,Ocean's Twelve,https://www.imdb.com/title/tt0349903/,Filme,6.5,125,2004,"Policial, Suspense",437051,2004-12-24,Steven Soderbergh,362.7,2.9015999999999997,2004.0
306,tt1959490,2014-10-05,2015-01-06,WILL WATCH. $362.6,Noé,Noah,https://www.imdb.com/title/tt1959490/,Filme,5.8,138,2014,"Ação, Aventura, Drama",276075,2014-04-03,Darren Aronofsky,362.6,2.6275362318840583,2014.0
307,tt0133152,2014-10-05,2014-10-05,WATCHED. $362.2,Planeta dos Macacos,Planet of the Apes,https://www.imdb.com/title/tt0133152/,Filme,5.7,120,2001,"Ação, Aventura, Ficção científica, Suspense",241369,2001-08-03,Tim Burton,362.2,3.018333333333333,2001.0
308,tt1951261,2014-10-05,2014-10-05,WILL WATCH. $362.0,"Se Beber, Não Case! Parte III",The Hangover Part III,https://www.imdb.com/title/tt1951261/,Filme,5.9,100,2013,"Comédia, Policial",361159,2013-05-31,Todd Phillips,362.0,3.62,2013.0
309,tt0143145,2014-10-05,2014-10-05,WILL WATCH. $361.8,007 - O Mundo Não é o Bastante,The World Is Not Enough,https://www.imdb.com/title/tt0143145/,Filme,6.4,128,1999,"Ação, Aventura, Suspense",219732,1999-12-24,Michael Apted,361.8,2.8265625,1999.0
310,tt0952640,2014-10-05,2014-10-05,WON'T WATCH. $361.3,Alvin e os Esquilos,Alvin and the Chipmunks,https://www.imdb.com/title/tt0952640/,Filme,5.3,92,2007,"Animação, Aventura, Comédia, Família, Fantasia, Musical, Musical",104607,2008-01-04,Tim Hill,361.3,3.9271739130434784,2008.0
311,tt1155076,2014-10-05,2014-10-05,WON'T WATCH. $359.1,Karate Kid,The Karate Kid,https://www.imdb.com/title/tt1155076/,Filme,6.3,140,2010,"Ação, Drama, Família, Esportes",225797,2010-08-27,Harald Zwart,359.1,2.565,2010.0
312,tt0104431,2014-10-05,2014-10-05,WATCHED. $359.0,Esqueceram de Mim 2: Perdido em Nova York,Home Alone 2: Lost in New York,https://www.imdb.com/title/tt0104431/,Filme,6.9,120,1992,"Aventura, Comédia, Policial, Família",453637,1992-12-18,Chris Columbus,359.0,2.9916666666666667,1992.0
313,tt0837562,2014-10-05,2014-10-05,WATCHED. $358.4,Hotel Transilvânia,Hotel Transylvania,https://www.imdb.com/title/tt0837562/,Filme,7.0,91,2012,"Animação, Comédia, Família, Fantasia, Terror, Suspense",311651,2012-10-05,Genndy Tartakovsky,358.4,3.9384615384615382,2012.0
314,tt0181689,2014-10-05,2014-10-05,WATCHED. $358.4,Minority Report: A Nova Lei,Minority Report,https://www.imdb.com/title/tt0181689/,Filme,7.6,145,2002,"Ação, Policial, Mistério, Ficção científica, Suspense",618902,2002-08-02,Steven Spielberg,358.4,2.471724137931034,2002.0
315,tt0092099,2014-10-05,2014-10-05,WILL WATCH. $356.8,Top Gun: Ases Indomáveis,Top Gun,https://www.imdb.com/title/tt0092099/,Filme,7.0,110,1986,"Ação, Drama",548043,1986-07-10,Tony Scott,356.8,3.2436363636363637,1986.0
316,tt0169547,2014-10-05,2014-10-05,WATCHED. $356.3,Beleza Americana,American Beauty,https://www.imdb.com/title/tt0169547/,Filme,8.3,122,1999,Drama,1275985,2000-02-25,Sam Mendes,356.3,2.9204918032786886,2000.0
317,tt0918940,2016-08-26,2016-10-08,will watch. $356.1,A Lenda de Tarzan,The Legend of Tarzan,https://www.imdb.com/title/tt0918940/,Filme,6.2,110,2016,"Ação, Aventura, Drama, Fantasia, Romance",197357,2016-07-21,David Yates,356.1,3.2372727272727273,2016.0
318,tt5311514,2017-01-30,2017-09-13,WATCHED. $355.3,Your Name,Kimi no na wa.,https://www.imdb.com/title/tt5311514/,Filme,8.4,106,2016,"Animação, Drama, Fantasia, Romance",387561,2017-10-11,Makoto Shinkai,355.3,3.3518867924528304,2017.0
319,tt0112384,2014-10-05,2014-10-05,WILL WATCH. $355.2,Apollo 13: Do Desastre ao Triunfo,Apollo 13,https://www.imdb.com/title/tt0112384/,Filme,7.7,140,1995,"Aventura, Drama, História",335029,1995-09-14,Ron Howard,355.2,2.537142857142857,1995.0
320,tt0095953,2014-10-13,2014-10-13,WILL PROBABLY WATCH IN THE FUTURE. $354.8,Rain Man,Rain Man,https://www.imdb.com/title/tt0095953/,Filme,8.0,133,1988,Drama,582663,1989-03-23,Barry Levinson,354.8,2.6676691729323307,1989.0
321,tt1270798,2014-10-13,2014-10-13,WATCHED. $353.6,X-Men: Primeira Classe,X: First Class,https://www.imdb.com/title/tt1270798/,Filme,7.7,131,2011,"Ação, Ficção científica",761825,2011-06-03,Matthew Vaughn,353.6,2.699236641221374,2011.0
322,tt0103772,2014-10-13,2014-10-13,WON'T WATCH. $352.9,Instinto Selvagem,Basic Instinct,https://www.imdb.com/title/tt0103772/,Filme,7.1,127,1992,"Drama, Mistério, Romance, Suspense",241970,1992-06-12,Paul Verhoeven,352.9,2.778740157480315,1992.0
323,tt0113189,2014-10-13,2014-10-13,WILL WATCH. $352.2,007 Contra GoldenEye,GoldenEye,https://www.imdb.com/title/tt0113189/,Filme,7.2,130,1995,"Ação, Aventura, Suspense",284974,1995-12-15,Martin Campbell,352.2,2.709230769230769,1995.0
324,tt0264464,2014-10-13,2014-10-13,WATCHED. $352.1,Prenda-Me Se for Capaz,Catch Me If You Can,https://www.imdb.com/title/tt0264464/,Filme,8.1,141,2002,"Biografia, Policial, Drama",1226202,2003-02-21,Steven Spielberg,352.1,2.497163120567376,2003.0
325,tt1670345,2014-10-13,2014-10-13,WATCHED. $351.7,Truque de Mestre,Now You See Me,https://www.imdb.com/title/tt1670345/,Filme,7.2,115,2013,"Policial, Mistério, Suspense",766943,2013-07-05,Louis Leterrier,351.7,3.0582608695652174,2013.0
326,tt0212985,2014-10-13,2014-10-13,WON'T WATCH. $351.7,Hannibal,Hannibal,https://www.imdb.com/title/tt0212985/,Filme,6.8,131,2001,"Policial, Drama, Suspense",312646,2001-02-23,Ridley Scott,351.7,2.684732824427481,2001.0
327,tt0110475,2014-10-13,2014-10-13,WATCHED. $351.6,O Máskara,The Mask,https://www.imdb.com/title/tt0110475/,Filme,7.0,101,1994,"Comédia, Policial, Fantasia",467358,1994-12-23,Chuck Russell,351.6,3.4811881188118816,1994.0
328,tt1343092,2014-10-13,2014-10-13,WILL WATCH. $351.0,O Grande Gatsby,The Great Gatsby,https://www.imdb.com/title/tt1343092/,Filme,7.2,143,2013,"Drama, Romance",639951,2013-06-07,Baz Luhrmann,351.0,2.4545454545454546,2013.0
329,tt0111257,2014-10-13,2014-10-13,WATCHED. $350.4,Velocidade Máxima,Speed,https://www.imdb.com/title/tt0111257/,Filme,7.3,116,1994,"Ação, Aventura, Suspense",421338,1994-08-12,Jan de Bont,350.4,3.0206896551724136,1994.0
330,tt0130623,2014-10-13,2014-10-13,WATCHED. $349.8,Dinossauro,Dinosaur,https://www.imdb.com/title/tt0130623/,Filme,6.4,82,2000,"Animação, Aventura, Drama, Família, Fantasia",72568,2000-06-30,"Eric Leighton, Ralph Zondag",349.8,4.265853658536585,2000.0
331,tt0120647,2014-10-13,2014-10-13,WILL WATCH. $349.5,Impacto Profundo,Deep Impact,https://www.imdb.com/title/tt0120647/,Filme,6.3,120,1998,"Ação, Drama, Ficção científica, Suspense",204514,1998-05-22,Mimi Leder,349.5,2.9125,1998.0
332,tt1482459,2014-10-13,2014-10-13,WATCHED. $348.8,"O Lorax, em Busca da Trúfula Perdida",The Lorax,https://www.imdb.com/title/tt1482459/,Filme,6.4,86,2012,"Animação, Aventura, Comédia, Drama, Família, Fantasia, Musical",143088,2012-03-30,"Chris Renaud, Kyle Balda",348.8,4.055813953488372,2012.0
333,tt1790864,2016-03-17,2016-03-17,WATCHED. $348.3,Maze Runner: Correr ou Morrer,The Maze Runner,https://www.imdb.com/title/tt1790864/,Filme,6.8,113,2014,"Ação, Mistério, Ficção científica, Suspense",558909,2014-09-18,Wes Ball,348.3,3.0823008849557523,2014.0
334,tt2017020,2014-10-13,2014-10-13,DIDN'T WATCH. $347.5,Os Smurfs 2,The Smurfs 2,https://www.imdb.com/title/tt2017020/,Filme,5.3,105,2013,"Animação, Aventura, Comédia, Família, Fantasia",50329,2013-08-02,Raja Gosnell,347.5,3.3095238095238093,2013.0
335,tt0368891,2014-10-13,2014-10-13,WATCHED. $347.5,A Lenda do Tesouro Perdido,National Treasure,https://www.imdb.com/title/tt0368891/,Filme,6.9,131,2004,"Ação, Aventura, Mistério, Suspense",375542,2004-12-31,Jon Turteltaub,347.5,2.6526717557251906,2004.0
336,tt0266915,2014-10-13,2014-10-13,DIDN'T WATCH. $347.3,A Hora do Rush 2,Rush Hour 2,https://www.imdb.com/title/tt0266915/,Filme,6.7,90,2001,"Ação, Comédia, Policial, Suspense",259131,2001-10-05,Brett Ratner,347.3,3.858888888888889,2001.0
337,tt0343818,2014-10-13,2014-10-13,WATCHED. $347.2,"Eu, Robô","I, Robot",https://www.imdb.com/title/tt0343818/,Filme,7.1,115,2004,"Ação, Mistério, Ficção científica, Suspense",612518,2004-08-06,Alex Proyas,347.2,3.0191304347826087,2004.0
338,tt1985949,2016-06-18,2016-10-08,DIDN'T WATCH. $347.1,Angry Birds: O Filme,The Angry Birds Movie,https://www.imdb.com/title/tt1985949/,Filme,6.3,97,2016,"Animação, Ação, Aventura, Comédia, Família",116372,2016-05-12,"Clay Kaytis, Fergal Reilly",347.1,3.5783505154639177,2016.0
339,tt0114148,2014-10-13,2014-10-13,WATCHED. $346.1,Pocahontas,Pocahontas,https://www.imdb.com/title/tt0114148/,Filme,6.7,81,1995,"Animação, Aventura, Drama, Família, Musical, Romance",216687,1995-06-30,"Mike Gabriel, Eric Goldberg",346.1,4.27283950617284,1995.0
340,tt1293847,2017-02-23,2017-03-20,DIDN'T WATCH. $345.9,xXx: Reativado,xXx: Return of Xander Cage,https://www.imdb.com/title/tt1293847/,Filme,5.2,107,2017,"Ação, Aventura, Suspense",101532,2017-01-19,D.J. Caruso,345.9,3.2327102803738317,2017.0
341,tt0170016,2014-10-13,2014-10-13,WATCHED. $345.1,O Grinch,How the Grinch Stole Christmas,https://www.imdb.com/title/tt0170016/,Filme,6.4,104,2000,"Comédia, Família, Fantasia",332139,2000-12-08,Ron Howard,345.1,3.318269230769231,2000.0
342,tt1679335,2016-12-16,2017-04-03,WATCHED. $344.7,Trolls,Trolls,https://www.imdb.com/title/tt1679335/,Filme,6.4,92,2016,"Animação, Aventura, Comédia, Família, Fantasia, Musical",100014,2016-10-27,"Mike Mitchell, Walt Dohrn",344.7,3.7467391304347823,2016.0
343,tt2660888,2016-09-08,2017-03-20,WILL WATCH. $343.5,Star Trek: Sem Fronteiras,Star Trek Beyond,https://www.imdb.com/title/tt2660888/,Filme,7.0,122,2016,"Ação, Aventura, Ficção científica, Suspense",269340,2016-09-01,Justin Lin,343.5,2.8155737704918034,2016.0
344,tt1615918,2014-10-13,2014-10-13,WATCHED. $342.7,Alvin e os Esquilos 3,Alvin and the Chipmunks: Chipwrecked,https://www.imdb.com/title/tt1615918/,Filme,4.4,87,2011,"Animação, Aventura, Comédia, Família, Fantasia, Musical, Musical",44326,2012-01-06,Mike Mitchell,342.7,3.939080459770115,2012.0
345,tt0109813,2014-10-13,2014-10-13,WATCHED. $341.6,Os Flintstones: O Filme,The Flintstones,https://www.imdb.com/title/tt0109813/,Filme,5.1,91,1994,"Comédia, Família, Fantasia",91673,1994-06-25,Brian Levant,341.6,3.7538461538461543,1994.0
346,tt0493464,2014-10-13,2014-10-13,WATCHED. $341.4,O Procurado,Wanted,https://www.imdb.com/title/tt0493464/,Filme,6.7,110,2008,"Ação, Policial, Suspense",427464,2008-08-22,Timur Bekmambetov,341.4,3.1036363636363635,2008.0
347,tt0461770,2014-10-13,2014-10-13,WATCHED. $340.5,Encantada,Enchanted,https://www.imdb.com/title/tt0461770/,Filme,7.1,107,2007,"Animação, Aventura, Comédia, Família, Fantasia, Musical, Romance",228824,2007-12-14,Kevin Lima,340.5,3.182242990654206,2007.0
348,tt1253863,2014-10-13,2015-02-04,DIDN'T WATCH. $337.6,300: A Ascensão do Império,300: Rise of an Empire,https://www.imdb.com/title/tt1253863/,Filme,6.2,102,2014,"Ação, Drama, Fantasia",328201,2014-03-07,Noam Murro,337.6,3.3098039215686277,2014.0
349,tt0112462,2014-10-13,2014-10-13,WATCHED. $336.5,Batman Eternamente,Batman Forever,https://www.imdb.com/title/tt0112462/,Filme,5.5,121,1995,"Ação, Aventura",281217,1995-07-07,Joel Schumacher,336.5,2.78099173553719,1995.0
350,tt0473075,2014-10-13,2014-10-13,WATCHED. $336.4,Príncipe da Pérsia: As Areias do Tempo,Prince of Persia: The Sands of Time,https://www.imdb.com/title/tt0473075/,Filme,6.5,116,2010,"Ação, Aventura, Fantasia",316684,2010-06-03,Mike Newell,336.4,2.9,2010.0
351,tt0327084,2014-10-13,2014-10-13,DIDN'T WATCH. $336.0,Os Sem-Floresta,Over the Hedge,https://www.imdb.com/title/tt0327084/,Filme,6.7,83,2006,"Animação, Aventura, Comédia, Família",202210,2006-07-07,"Tim Johnson, Karey Kirkpatrick",336.0,4.048192771084337,2006.0
352,tt1397514,2014-10-13,2014-10-13,WATCHED. $335.3,Viagem 2: A Ilha Misteriosa,Journey 2: The Mysterious Island,https://www.imdb.com/title/tt1397514/,Filme,5.7,94,2012,"Ação, Aventura, Comédia, Família, Fantasia, Ficção científica",120365,2012-02-03,Brad Peyton,335.3,3.567021276595745,2012.0
353,tt0117500,2014-10-13,2014-10-13,DIDN'T WATCH. $335.1,A Rocha,The Rock,https://www.imdb.com/title/tt0117500/,Filme,7.4,136,1996,"Ação, Aventura, Suspense",378864,1996-09-06,Michael Bay,335.1,2.4639705882352945,1996.0
354,tt3110958,2016-08-03,2016-12-27,WILL WATCH. $334.9,Truque de Mestre: O 2º Ato,Now You See Me 2,https://www.imdb.com/title/tt3110958/,Filme,6.4,129,2016,"Ação, Aventura, Comédia, Policial, Mistério, Suspense",358690,2016-06-09,Jon M. Chu,334.9,2.5961240310077516,2016.0
355,tt0421715,2014-10-13,2014-10-13,WATCHED. $333.9,O Curioso Caso de Benjamin Button,The Curious Case of Benjamin Button,https://www.imdb.com/title/tt0421715/,Filme,7.8,166,2008,"Drama, Fantasia, Romance",742171,2009-01-16,David Fincher,333.9,2.01144578313253,2009.0
356,tt0087469,2014-10-13,2014-10-13,WATCHED. $333.1,Indiana Jones e o Templo da Perdição,Indiana Jones and the Temple of Doom,https://www.imdb.com/title/tt0087469/,Filme,7.5,118,1984,"Ação, Aventura",565833,1984-07-05,Steven Spielberg,333.1,2.8228813559322035,1984.0
357,tt0120347,2014-10-13,2014-10-13,WILL WATCH. $333.0,007 - O Amanhã Nunca Morre,Tomorrow Never Dies,https://www.imdb.com/title/tt0120347/,Filme,6.5,119,1997,"Ação, Aventura, Suspense",215053,1998-01-16,Roger Spottiswoode,333.0,2.7983193277310923,1998.0
358,tt1979388,2016-01-27,2017-03-03,WILL WATCH. $332.2,O Bom Dinossauro,The Good Dinosaur,https://www.imdb.com/title/tt1979388/,Filme,6.7,93,2015,"Animação, Ação, Aventura, Comédia, Drama, Família, Fantasia",139000,2016-01-07,Peter Sohn,332.2,3.572043010752688,2016.0
359,tt2034800,2017-03-01,2017-04-25,DIDN'T WATCH. $332.0,A Grande Muralha,The Great Wall,https://www.imdb.com/title/tt2034800/,Filme,5.9,103,2016,"Ação, Aventura, Fantasia, Suspense",158694,2017-02-23,Yimou Zhang,332.0,3.2233009708737863,2017.0
360,tt0096874,2014-10-13,2014-10-13,WATCHED. $332.0,De Volta para o Futuro: Parte II,Back to the Future Part II,https://www.imdb.com/title/tt0096874/,Filme,7.8,108,1989,"Aventura, Comédia, Ficção científica",618231,1989-12-14,Robert Zemeckis,332.0,3.074074074074074,1989.0
361,tt2294449,2014-10-13,2014-12-13,WATCHED. $331.3,Anjos da Lei 2,22 Jump Street,https://www.imdb.com/title/tt2294449/,Filme,7.0,112,2014,"Ação, Comédia, Policial, Mistério",437467,2014-09-04,"Phil Lord, Christopher Miller",331.3,2.9580357142857143,2014.0
362,tt0120667,2014-10-13,2014-10-13,WATCHED. $330.6,Quarteto Fantástico,Fantastic Four,https://www.imdb.com/title/tt0120667/,Filme,5.7,106,2005,"Ação, Aventura, Fantasia, Ficção científica",372543,2005-07-08,Tim Story,330.6,3.118867924528302,2005.0
363,tt0212338,2014-10-13,2014-10-13,DIDN'T WATCH. $330.4,Entrando Numa Fria,Meet the Parents,https://www.imdb.com/title/tt0212338/,Filme,7.0,108,2000,"Comédia, Romance",376883,2001-01-12,Jay Roach,330.4,3.059259259259259,2001.0
364,tt0096438,2014-10-13,2014-10-13,WATCHED. $329.8,Uma Cilada para Roger Rabbit,Who Framed Roger Rabbit,https://www.imdb.com/title/tt0096438/,Filme,7.7,104,1988,"Animação, Aventura, Comédia, Policial, Família, Fantasia, Mistério",232540,1988-12-22,Robert Zemeckis,329.8,3.1711538461538464,1988.0
365,tt0947798,2014-10-13,2014-10-13,WILL WATCH. $329.4,Cisne Negro,Black Swan,https://www.imdb.com/title/tt0947798/,Filme,8.0,108,2010,"Drama, Suspense",885228,2011-02-04,Darren Aronofsky,329.4,3.05,2011.0
366,tt0177971,2014-10-13,2014-10-13,WATCHED. $328.7,Mar em Fúria,The Perfect Storm,https://www.imdb.com/title/tt0177971/,Filme,6.5,130,2000,"Ação, Aventura, Drama, Suspense",187805,2000-08-25,Wolfgang Petersen,328.7,2.5284615384615385,2000.0
367,tt0090555,2014-10-13,2014-10-13,DIDN'T WATCH. $328.2,Crocodilo Dundee,Crocodile Dundee,https://www.imdb.com/title/tt0090555/,Filme,6.7,97,1986,"Aventura, Comédia",123820,1987-01-22,Peter Faiman,328.2,3.3835051546391752,1987.0
368,tt0114369,2014-10-13,2014-10-13,WILL WATCH. $327.3,Seven - Os Sete Crimes Capitais,Se7en,https://www.imdb.com/title/tt0114369/,Filme,8.6,127,1995,"Policial, Drama, Mistério, Suspense",2006903,1995-12-15,David Fincher,327.3,2.5771653543307087,1995.0
369,tt0458352,2015-04-06,2015-04-06,WATCHED. $326.6,O Diabo Veste Prada,The Devil Wears Prada,https://www.imdb.com/title/tt0458352/,Filme,7.0,109,2006,"Comédia, Drama",526908,2006-09-22,David Frankel,326.6,2.996330275229358,2006.0
370,tt2446042,2015-02-09,2016-02-18,WILL WATCH. $326.5,Busca Implacável 3,Taken 3,https://www.imdb.com/title/tt2446042/,Filme,6.0,108,2014,"Ação, Policial, Suspense",214373,2015-01-22,Olivier Megaton,326.5,3.0231481481481484,2015.0
371,tt0116583,2014-10-13,2014-10-13,WATCHED. $325.3,O Corcunda de Notre Dame,The Hunchback of Notre Dame,https://www.imdb.com/title/tt0116583/,Filme,7.0,91,1996,"Animação, Drama, Família, Musical, Romance",183551,1996-06-28,"Gary Trousdale, Kirk Wise",325.3,3.574725274725275,1996.0
372,tt1067106,2014-10-13,2014-10-13,WATCHED. $325.3,Os Fantasmas de Scrooge,A Christmas Carol,https://www.imdb.com/title/tt1067106/,Filme,6.8,96,2009,"Animação, Aventura, Comédia, Drama, Família, Fantasia",140734,2009-11-06,Robert Zemeckis,325.3,3.388541666666667,2009.0
373,tt2279373,2015-03-16,2016-02-18,DIDN'T WATCH. $323.4,Bob Esponja: Um Herói Fora d'Água,The SpongeBob Movie: Sponge Out of Water,https://www.imdb.com/title/tt2279373/,Filme,6.0,92,2015,"Animação, Aventura, Comédia, Família, Fantasia",67314,2015-02-05,"Paul Tibbitt, Mike Mitchell",323.4,3.5152173913043474,2015.0
374,tt1001526,2014-10-13,2014-10-13,WATCHED. $321.9,Megamente,Megamind,https://www.imdb.com/title/tt1001526/,Filme,7.3,95,2010,"Animação, Ação, Aventura, Comédia, Policial, Família, Fantasia, Ficção científica",323789,2010-12-03,Tom McGrath,321.9,3.388421052631579,2010.0
375,tt0104714,2014-10-13,2014-10-13,DIDN'T WATCH. $321.7,Máquina Mortífera 3,Lethal Weapon 3,https://www.imdb.com/title/tt0104714/,Filme,6.7,118,1992,"Ação, Policial, Suspense",187964,1992-08-07,Richard Donner,321.7,2.7262711864406777,1992.0
376,tt0955308,2014-10-13,2014-10-13,DIDN'T WATCH. $321.7,Robin Hood,Robin Hood,https://www.imdb.com/title/tt0955308/,Filme,6.6,140,2010,"Ação, Aventura, Drama, História",295613,2010-05-14,Ridley Scott,321.7,2.2978571428571426,2010.0
377,tt0361748,2014-10-13,2014-10-13,DIDN'T WATCH. $321.5,Bastardos Inglórios,Inglourious Basterds,https://www.imdb.com/title/tt0361748/,Filme,8.4,153,2009,"Aventura, Drama, Guerra",1770004,2009-10-09,Quentin Tarantino,321.5,2.1013071895424837,2009.0
378,tt0108052,2014-10-13,2014-10-13,WATCHED. $321.3,A Lista de Schindler,Schindler's List,https://www.imdb.com/title/tt0108052/,Filme,9.0,195,1993,"Biografia, Drama, História",1577956,1994-03-11,Steven Spielberg,321.3,1.6476923076923078,1994.0
379,tt0115433,2014-10-13,2014-10-13,WATCHED. $320.7,101 Dálmatas,101 Dalmatians,https://www.imdb.com/title/tt0115433/,Filme,5.8,103,1996,"Aventura, Comédia, Policial, Família",124117,1996-12-14,Stephen Herek,320.7,3.1135922330097086,1996.0
380,tt3065204,2016-07-19,2017-08-10,WATCHED. $320.3,Invocação do Mal 2,The Conjuring 2,https://www.imdb.com/title/tt3065204/,Filme,7.3,134,2016,"Terror, Mistério, Suspense",340584,2016-06-09,James Wan,320.3,2.3902985074626866,2016.0
381,tt0093010,2014-10-13,2014-10-13,DIDN'T WATCH. $320.1,Atração Fatal,Fatal Attraction,https://www.imdb.com/title/tt0093010/,Filme,6.9,119,1987,"Drama, Suspense",110699,1988-01-14,Adrian Lyne,320.1,2.689915966386555,1988.0
382,tt0938283,2014-10-13,2014-10-13,DIDN'T WATCH. $319.7,O Último Mestre do Ar,The Last Airbender,https://www.imdb.com/title/tt0938283/,Filme,3.9,103,2010,"Ação, Aventura, Família, Fantasia",180789,2010-08-20,M. Night Shyamalan,319.7,3.103883495145631,2010.0
383,tt1457767,2014-10-13,2014-10-13,WATCHED. $318.0,Invocação do Mal,The Conjuring,https://www.imdb.com/title/tt1457767/,Filme,7.5,112,2013,"Terror, Mistério, Suspense",618456,2013-09-13,James Wan,318.0,2.8392857142857144,2013.0
384,tt1041829,2014-10-13,2014-10-13,WATCHED. $317.4,A Proposta,The Proposal,https://www.imdb.com/title/tt1041829/,Filme,6.8,108,2009,"Comédia, Drama, Romance",394400,2009-07-10,Anne Fletcher,317.4,2.9388888888888887,2009.0
385,tt0086960,2014-10-13,2014-10-13,DIDN'T WATCH. $316.4,Um Tira da Pesada,Beverly Hills Cop,https://www.imdb.com/title/tt0086960/,Filme,7.4,105,1984,"Ação, Comédia, Policial, Suspense",231164,1985-03-08,Martin Brest,316.4,3.013333333333333,1985.0
386,tt0118571,2014-10-13,2015-08-04,WILL WATCH. $315.2,Força Aérea Um,Air Force One,https://www.imdb.com/title/tt0118571/,Filme,6.5,124,1997,"Ação, Policial, Drama, Suspense",223080,1997-11-14,Wolfgang Petersen,315.2,2.541935483870968,1997.0
387,tt1764651,2014-10-13,2017-01-29,WILL WATCH. $315.0,Os Mercenários 2,The Expendables 2,https://www.imdb.com/title/tt1764651/,Filme,6.6,103,2012,"Ação, Aventura, Suspense",333798,2012-08-31,Simon West,315.0,3.058252427184466,2012.0
388,tt0371606,2014-10-13,2014-10-13,WATCHED. $314.4,O Galinho Chicken Little,Chicken Little,https://www.imdb.com/title/tt0371606/,Filme,5.7,81,2005,"Animação, Aventura, Comédia, Família, Fantasia, Ficção científica",108619,2005-11-11,Mark Dindal,314.4,3.8814814814814813,2005.0
389,tt0119822,2014-10-13,2014-10-13,WATCHED. $314.2,Melhor é Impossível,As Good as It Gets,https://www.imdb.com/title/tt0119822/,Filme,7.7,139,1997,"Comédia, Drama, Romance",337386,1998-03-06,James L. Brooks,314.2,2.260431654676259,1998.0
390,tt0268978,2014-10-14,2014-10-14,WILL WATCH. $313.5,Uma Mente Brilhante,A Beautiful Mind,https://www.imdb.com/title/tt0268978/,Filme,8.2,135,2001,"Biografia, Drama, Mistério",1049589,2002-02-15,Ron Howard,313.5,2.3222222222222224,2002.0
391,tt4046784,2015-11-02,2016-01-25,WATCHED. $312.3,Maze Runner: Prova de Fogo,Maze Runner: The Scorch Trials,https://www.imdb.com/title/tt4046784/,Filme,6.3,131,2015,"Ação, Aventura, Ficção científica, Suspense",305427,2015-09-17,Wes Ball,312.3,2.383969465648855,2015.0
392,tt2592614,2017-03-15,2017-04-03,WILL WATCH. $312.2,Resident Evil 6: O Capítulo Final,Resident Evil: The Final Chapter,https://www.imdb.com/title/tt2592614/,Filme,5.5,107,2016,"Ação, Terror, Ficção científica, Suspense",107778,2017-01-26,Paul W.S. Anderson,312.2,2.9177570093457943,2017.0
393,tt0145660,2014-10-13,2014-10-13,WILL WATCH. $312.0,Austin Powers: O Agente 'Bond' Cama,Austin Powers: The Spy Who Shagged Me,https://www.imdb.com/title/tt0145660/,Filme,6.7,95,1999,"Ação, Aventura, Comédia, Policial",261855,1999-10-08,Jay Roach,312.0,3.2842105263157895,1999.0
394,tt0496806,2014-10-13,2014-10-13,WATCHED. $311.3,Treze Homens e um Novo Segredo,Ocean's Thirteen,https://www.imdb.com/title/tt0496806/,Filme,6.9,122,2007,"Policial, Suspense",386004,2007-06-22,Steven Soderbergh,311.3,2.5516393442622953,2007.0
395,tt4116284,2017-04-10,2017-06-10,WATCHED. $310.9,Lego Batman: O Filme,The Lego Batman Movie,https://www.imdb.com/title/tt4116284/,Filme,7.3,104,2017,"Animação, Ação, Aventura, Comédia, Família, Fantasia, Ficção científica",191304,2017-02-09,Chris McKay,310.9,2.9894230769230767,2017.0
396,tt0970866,2014-10-13,2014-10-13,DIDN'T WATCH. $310.7,Entrando Numa Fria Maior Ainda com a Família,Little Fockers,https://www.imdb.com/title/tt0970866/,Filme,5.5,98,2010,"Comédia, Romance",125586,2011-01-07,Paul Weitz,310.7,3.170408163265306,2011.0
397,tt0397892,2014-10-13,2014-10-13,WATCHED. $310.0,Bolt: Supercão,Bolt,https://www.imdb.com/title/tt0397892/,Filme,6.8,96,2008,"Animação, Aventura, Comédia, Policial, Drama, Família, Ficção científica",246798,2009-01-01,"Byron Howard, Chris Williams",310.0,3.2291666666666665,2009.0
398,tt0338348,2014-10-13,2017-01-29,WATCHED. $309.8,O Expresso Polar,The Polar Express,https://www.imdb.com/title/tt0338348/,Filme,6.6,100,2004,"Animação, Aventura, Família, Fantasia, Musical",270347,2004-12-03,Robert Zemeckis,309.8,3.0980000000000003,2004.0
399,tt0117438,2014-10-13,2014-10-13,DIDN'T WATCH. $309.5,O Preço de um Resgate,Ransom,https://www.imdb.com/title/tt0117438/,Filme,6.7,121,1996,"Ação, Policial, Drama, Suspense",143559,1997-01-17,Ron Howard,309.5,2.5578512396694215,1997.0
400,tt0163187,2014-10-13,2014-10-13,WATCHED. $309.5,Noiva em Fuga,Runaway Bride,https://www.imdb.com/title/tt0163187/,Filme,5.6,116,1999,"Comédia, Romance",110204,1999-09-10,Garry Marshall,309.5,2.668103448275862,1999.0
401,tt0878804,2014-10-13,2014-10-13,WILL WATCH. $309.2,Um Sonho Possível,The Blind Side,https://www.imdb.com/title/tt0878804/,Filme,7.6,129,2009,"Biografia, Drama, Esportes",385217,2010-03-19,John Lee Hancock,309.2,2.3968992248062015,2010.0
402,tt2582846,2014-10-13,2015-07-27,WATCHED. $307.2,A Culpa é das Estrelas,The Fault in Our Stars,https://www.imdb.com/title/tt2582846/,Filme,7.6,126,2014,"Drama, Romance",423324,2014-06-05,Josh Boone,307.2,2.438095238095238,2014.0
403,tt0454921,2014-10-13,2014-10-13,WATCHED. $307.1,À Procura da Felicidade,The Pursuit of Happyness,https://www.imdb.com/title/tt0454921/,Filme,8.0,117,2006,"Biografia, Drama",616742,2007-02-02,Gabriele Muccino,307.1,2.624786324786325,2007.0
404,tt1446192,2014-10-13,2014-10-13,WATCHED. $306.9,A Origem dos Guardiões,Rise of the Guardians,https://www.imdb.com/title/tt1446192/,Filme,7.2,97,2012,"Animação, Ação, Aventura, Comédia, Drama, Família, Fantasia, Ficção científica",208323,2012-11-30,Peter Ramsey,306.9,3.1639175257731957,2012.0
405,tt0075860,2014-10-13,2017-11-08,WILL WATCH. $306.9,Contatos Imediatos do Terceiro Grau,Close Encounters of the Third Kind,https://www.imdb.com/title/tt0075860/,Filme,7.6,138,1977,"Drama, Ficção científica",232130,1978-02-27,Steven Spielberg,306.9,2.2239130434782606,1978.0
406,tt0299658,2014-10-13,2014-10-13,WILL WATCH. $306.8,Chicago,Chicago,https://www.imdb.com/title/tt0299658/,Filme,7.2,113,2002,"Comédia, Policial, Musical",255721,2003-03-07,Rob Marshall,306.8,2.7150442477876107,2003.0
407,tt1646987,2014-10-13,2014-10-13,WILL WATCH. $305.3,Fúria de Titãs 2,Wrath of the Titans,https://www.imdb.com/title/tt1646987/,Filme,5.7,99,2012,"Ação, Aventura, Fantasia",202924,2012-03-30,Jonathan Liebesman,305.3,3.083838383838384,2012.0
408,tt5140878,2017-09-13,2017-11-08,WATCHED. $305.1,Annabelle 2: A Criação do Mal,Annabelle: Creation,https://www.imdb.com/title/tt5140878/,Filme,6.5,109,2017,"Terror, Mistério, Suspense",169005,2017-08-17,David F. Sandberg,305.1,2.7990825688073397,2017.0
409,tt1606378,2014-10-13,2014-10-13,WILL WATCH. $304.7,Duro de Matar: Um Bom Dia para Morrer,A Good Day to Die Hard,https://www.imdb.com/title/tt1606378/,Filme,5.2,98,2013,"Ação, Suspense",222743,2013-02-22,John Moore,304.7,3.1091836734693876,2013.0
410,tt0120762,2014-10-13,2014-10-13,WATCHED. $304.3,Mulan,Mulan,https://www.imdb.com/title/tt0120762/,Filme,7.7,87,1998,"Animação, Aventura, Comédia, Família, Fantasia, Musical, Guerra",344168,1998-07-01,"Tony Bancroft, Barry Cook",304.3,3.4977011494252874,1998.0
411,tt1355644,2017-05-18,2017-05-18,WATCHED. $303.1,Passageiros,Passengers,https://www.imdb.com/title/tt1355644/,Filme,7.0,116,2016,"Drama, Romance, Ficção científica, Suspense",492872,2017-01-05,Morten Tyldum,303.1,2.612931034482759,2017.0
412,tt1440129,2014-10-14,2014-10-14,DIDN'T WATCH. $303.0,Battleship: A Batalha dos Mares,Battleship,https://www.imdb.com/title/tt1440129/,Filme,5.8,131,2012,"Ação, Aventura, Ficção científica, Suspense",268670,2012-05-11,Peter Berg,303.0,2.312977099236641,2012.0
413,tt0119528,2014-10-14,2014-10-14,WATCHED. $302.7,O Mentiroso,Liar Liar,https://www.imdb.com/title/tt0119528/,Filme,6.9,86,1997,"Comédia, Fantasia",361148,1997-05-30,Tom Shadyac,302.7,3.519767441860465,1997.0
414,tt1046173,2014-10-14,2014-10-14,WATCHED. $302.5,G.I. Joe: A Origem de Cobra,G.I. Joe: The Rise of Cobra,https://www.imdb.com/title/tt1046173/,Filme,5.7,118,2009,"Ação, Aventura, Ficção científica, Suspense",221081,2009-08-07,Stephen Sommers,302.5,2.5635593220338984,2009.0
415,tt0102057,2014-10-14,2014-10-14,WILL WATCH. $300.9,Hook: A Volta do Capitão Gancho,Hook,https://www.imdb.com/title/tt0102057/,Filme,6.8,142,1991,"Aventura, Comédia, Família, Fantasia",290254,1992-04-24,Steven Spielberg,300.9,2.119014084507042,1992.0
416,tt0089927,2014-10-14,2014-10-14,DIDN'T WATCH. $300.5,Rocky IV,Rocky IV,https://www.imdb.com/title/tt0089927/,Filme,6.9,91,1985,"Drama, Esportes",243760,1986-01-17,Sylvester Stallone,300.5,3.302197802197802,1986.0
417,tt0089880,2014-10-14,2014-10-14,DIDN'T WATCH. $300.4,Rambo II: A Missão,Rambo: First Blood Part II,https://www.imdb.com/title/tt0089880/,Filme,6.5,96,1985,"Ação, Aventura, Suspense",195104,1985-08-16,George P. Cosmatos,300.4,3.1291666666666664,1985.0
418,tt0338526,2014-10-14,2014-10-14,DIDN'T WATCH. $300.3,Van Helsing: O Caçador de Monstros,Van Helsing,https://www.imdb.com/title/tt0338526/,Filme,6.1,131,2004,"Ação, Aventura, Fantasia, Suspense",305917,2004-05-07,Stephen Sommers,300.3,2.2923664122137404,2004.0
419,tt1220634,2017-02-23,2017-02-23,WATCHED. $300.2,Resident Evil 4: Recomeço,Resident Evil: Afterlife,https://www.imdb.com/title/tt1220634/,Filme,5.8,96,2010,"Ação, Terror, Ficção científica",186986,2010-09-17,Paul W.S. Anderson,300.2,3.127083333333333,2010.0
420,tt0078346,2014-10-14,2014-10-14,DIDN'T WATCH. $300.2,Superman: O Filme,Superman,https://www.imdb.com/title/tt0078346/,Filme,7.4,143,1978,"Ação, Aventura, Ficção científica",206871,1979-04-02,Richard Donner,300.2,2.099300699300699,1979.0
421,tt0164912,2014-10-14,2014-10-14,WATCHED. $300.1,O Pequeno Stuart Little,Stuart Little,https://www.imdb.com/title/tt0164912/,Filme,6.0,84,1999,"Aventura, Comédia, Família, Fantasia",159791,2000-01-14,Rob Minkoff,300.1,3.572619047619048,2000.0
422,tt0092644,2014-10-14,2014-10-14,DIDN'T WATCH. $300.0,Um Tira da Pesada II,Beverly Hills Cop II,https://www.imdb.com/title/tt0092644/,Filme,6.6,103,1987,"Ação, Comédia, Policial, Suspense",147635,1987-09-03,Tony Scott,300.0,2.912621359223301,1987.0
423,tt2567026,2017-01-30,2017-01-30,WATCHED. $299.5,Alice Através do Espelho,Alice Through the Looking Glass,https://www.imdb.com/title/tt2567026/,Filme,6.2,113,2016,"Aventura, Família, Fantasia, Mistério",134004,2016-05-26,James Bobin,299.5,2.650442477876106,2016.0
424,tt0119738,2014-10-14,2014-10-14,WATCHED. $299.3,O Casamento do Meu Melhor Amigo,My Best Friend's Wedding,https://www.imdb.com/title/tt0119738/,Filme,6.4,105,1997,"Comédia, Drama, Romance",165995,1997-09-12,P.J. Hogan,299.3,2.8504761904761904,1997.0
425,tt0433035,2014-10-14,2014-10-14,WATCHED. $299.3,Gigantes de Aço,Real Steel,https://www.imdb.com/title/tt0433035/,Filme,7.1,127,2011,"Ação, Drama, Ficção científica, Esportes",379279,2011-10-21,Shawn Levy,299.3,2.3566929133858268,2011.0
426,tt5074352,2017-07-25,2017-07-25,DIDN'T WATCH. $298.1,Dangal,Dangal,https://www.imdb.com/title/tt5074352/,Filme,8.3,161,2016,"Ação, Biografia, Drama, Esportes",240838,2017-10-19,Nitesh Tiwari,298.1,1.851552795031056,2017.0
427,tt2908446,2015-04-28,2016-03-17,WATCHED. $297.3,A Série Divergente: Insurgente,The Divergent Series: Insurgent,https://www.imdb.com/title/tt2908446/,Filme,6.2,119,2015,"Ação, Aventura, Romance, Ficção científica, Suspense",270416,2015-03-19,Robert Schwentke,297.3,2.4983193277310924,2015.0
428,tt0451079,2014-10-14,2014-10-14,WATCHED. $297.1,Horton e o Mundo dos Quem!,Horton Hears a Who!,https://www.imdb.com/title/tt0451079/,Filme,6.8,86,2008,"Animação, Aventura, Comédia, Drama, Família, Fantasia, Musical",158092,2008-03-14,"Jimmy Hayward, Steve Martino",297.1,3.454651162790698,2008.0
429,tt0097778,2014-10-14,2014-10-14,DIDN'T WATCH. $297.0,Olha Quem Está Falando,Look Who's Talking,https://www.imdb.com/title/tt0097778/,Filme,6.0,93,1989,"Comédia, Romance",90787,1990-08-03,Amy Heckerling,297.0,3.193548387096774,1990.0
430,tt0295178,2014-10-14,2014-10-14,WILL WATCH. $296.7,Austin Powers em o Homem do Membro de Ouro,Austin Powers in Goldmember,https://www.imdb.com/title/tt0295178/,Filme,6.3,94,2002,"Ação, Aventura, Comédia, Policial",234022,2002-09-13,Jay Roach,296.7,3.1563829787234043,2002.0
431,tt1935859,2016-11-06,2017-02-23,WATCHED. $295.1,O Lar das Crianças Peculiares,Miss Peregrine's Home for Peculiar Children,https://www.imdb.com/title/tt1935859/,Filme,6.7,127,2016,"Aventura, Drama, Família, Fantasia, Suspense",207521,2016-09-29,Tim Burton,295.1,2.3236220472440947,2016.0
432,tt0120903,2014-10-14,2014-10-14,WATCHED. $296.3,X-Men: O Filme,X-Men,https://www.imdb.com/title/tt0120903/,Filme,7.3,104,2000,"Ação, Aventura, Ficção científica",689205,2000-08-11,Bryan Singer,296.3,2.849038461538462,2000.0
433,tt0087332,2014-10-14,2014-10-14,WATCHED. $295.2,Os Caça-Fantasmas,Ghostbusters,https://www.imdb.com/title/tt0087332/,Filme,7.8,105,1984,"Ação, Comédia, Fantasia, Ficção científica",485175,1984-12-20,Ivan Reitman,295.2,2.8114285714285714,1984.0
434,tt1130884,2014-10-14,2014-10-14,WATCHED. $294.8,Ilha do Medo,Shutter Island,https://www.imdb.com/title/tt1130884/,Filme,8.2,138,2010,"Drama, Mistério, Suspense",1632528,2010-03-12,Martin Scorsese,294.8,2.1362318840579713,2010.0
435,tt0118998,2014-10-14,2014-10-14,WATCHED. $294.5,Dr. Dolittle,Doctor Dolittle,https://www.imdb.com/title/tt0118998/,Filme,5.4,85,1998,"Comédia, Família, Fantasia",107449,1998-06-26,Betty Thomas,294.5,3.4647058823529413,1998.0
436,tt0944835,2014-10-14,2014-10-14,WILL WATCH. $293.5,Salt,Salt,https://www.imdb.com/title/tt0944835/,Filme,6.5,100,2010,"Ação, Suspense",342164,2010-07-30,Phillip Noyce,293.5,2.935,2010.0
437,tt0436339,2014-10-14,2014-10-14,DIDN'T WATCH. $292.8,Força-G,G-Force,https://www.imdb.com/title/tt0436339/,Filme,5.1,88,2009,"Animação, Ação, Aventura, Comédia, Família, Fantasia, Ficção científica",53186,2009-08-14,Hoyt Yeatman,292.8,3.3272727272727276,2009.0
438,tt0161081,2014-10-14,2014-10-14,DIDN'T WATCH. $291.4,Revelação,What Lies Beneath,https://www.imdb.com/title/tt0161081/,Filme,6.6,130,2000,"Drama, Terror, Mistério, Suspense",145007,2000-09-07,Robert Zemeckis,291.4,2.2415384615384615,2000.0
439,tt0407887,2014-10-14,2014-10-14,WILL WATCH. $289.8,Os Infiltrados,The Departed,https://www.imdb.com/title/tt0407887/,Filme,8.5,151,2006,"Policial, Drama, Suspense",1545500,2006-11-10,Martin Scorsese,289.8,1.919205298013245,2006.0
440,tt0138097,2014-10-14,2014-10-14,WILL WATCH. $289.3,Shakespeare Apaixonado,Shakespeare in Love,https://www.imdb.com/title/tt0138097/,Filme,7.1,123,1998,"Comédia, Drama, História, Romance",242521,1999-03-12,John Madden,289.3,2.3520325203252033,1999.0
441,tt0486576,2014-10-14,2014-10-14,WATCHED. $289.0,Quarteto Fantástico e o Surfista Prateado,4: Rise of the Silver Surfer,https://www.imdb.com/title/tt0486576/,Filme,5.6,92,2007,"Ação, Aventura, Fantasia, Ficção científica",298051,2007-06-29,Tim Story,289.0,3.141304347826087,2007.0
442,tt1840309,2014-10-14,2017-01-30,WATCHED. $288.9,Divergente,Divergent,https://www.imdb.com/title/tt1840309/,Filme,6.6,139,2014,"Ação, Aventura, Drama, Mistério, Ficção científica",516598,2014-04-17,Neil Burger,288.9,2.07841726618705,2014.0
443,tt0094898,2014-10-14,2014-10-14,DIDN'T WATCH. $288.8,Um Príncipe em Nova York,Coming to America,https://www.imdb.com/title/tt0094898/,Filme,7.1,117,1988,"Comédia, Romance",239110,1988-10-27,John Landis,288.8,2.4683760683760685,1988.0
444,tt0372183,2014-10-14,2014-10-14,WATCHED. $288.5,A Supremacia Bourne,The Bourne Supremacy,https://www.imdb.com/title/tt0372183/,Filme,7.7,108,2004,"Ação, Mistério, Suspense",511366,2004-09-24,Paul Greengrass,288.5,2.6712962962962963,2004.0
445,tt1478338,2014-10-14,2014-10-14,WATCHED. $288.4,Missão Madrinha de Casamento,Bridesmaids,https://www.imdb.com/title/tt1478338/,Filme,6.8,125,2011,Comédia,324320,2011-09-23,Paul Feig,288.4,2.3072,2011.0
446,tt1261945,2014-10-14,2014-10-14,DIDN'T WATCH. $288.3,Sex and the City 2,Sex and the City 2,https://www.imdb.com/title/tt1261945/,Filme,4.6,146,2010,"Comédia, Drama, Romance",88305,2010-05-28,Michael Patrick King,288.3,1.9746575342465755,2010.0
447,tt0112642,2014-10-14,2014-10-14,WATCHED. $287.9,"Gasparzinho, o Fantasminha Camarada",Casper,https://www.imdb.com/title/tt0112642/,Filme,6.2,100,1995,"Comédia, Família, Fantasia",158956,1995-06-23,Brad Silberling,287.9,2.8789999999999996,1995.0
448,tt0389790,2014-10-14,2014-10-14,WILL WATCH. $287.6,Bee Movie: A História de uma Abelha,Bee Movie,https://www.imdb.com/title/tt0389790/,Filme,6.1,91,2007,"Animação, Aventura, Comédia, Drama, Família, Romance",195833,2007-12-07,"Steve Hickner, Simon J. Smith",287.6,3.1604395604395608,2007.0
449,tt0252866,2014-10-14,2014-10-14,WATCHED. $287.6,American Pie: A Segunda Vez é Ainda Melhor,American Pie 2,https://www.imdb.com/title/tt0252866/,Filme,6.5,108,2001,Comédia,285963,2001-12-21,J.B. Rogers,287.6,2.662962962962963,2001.0
450,tt2848292,2016-03-17,2016-03-17,WILL WATCH. $287.5,A Escolha Perfeita 2,Pitch Perfect 2,https://www.imdb.com/title/tt2848292/,Filme,6.4,115,2015,"Comédia, Musical",179649,2015-08-13,Elizabeth Banks,287.5,2.5,2015.0
451,tt0120689,2014-10-14,2014-10-14,DIDN'T WATCH. $286.8,À Espera de um Milagre,The Green Mile,https://www.imdb.com/title/tt0120689/,Filme,8.6,189,1999,"Policial, Drama, Fantasia, Mistério",1552025,2000-03-10,Frank Darabont,286.8,1.5174603174603176,2000.0
452,tt1483013,2014-10-14,2014-10-14,WATCHED. $286.2,Oblivion,Oblivion,https://www.imdb.com/title/tt1483013/,Filme,7.0,124,2013,"Ação, Aventura, Ficção científica",584163,2013-04-12,Joseph Kosinski,286.2,2.3080645161290323,2013.0
453,tt1535108,2014-10-14,2014-10-14,WATCHED. $286.1,Elysium,Elysium,https://www.imdb.com/title/tt1535108/,Filme,6.6,109,2013,"Ação, Drama, Ficção científica, Suspense",490207,2013-09-20,Neill Blomkamp,286.1,2.624770642201835,2013.0
454,tt0122151,2014-10-14,2014-10-14,DIDN'T WATCH. $285.4,Máquina Mortífera 4,Lethal Weapon 4,https://www.imdb.com/title/tt0122151/,Filme,6.6,127,1998,"Ação, Policial, Suspense",180120,1998-07-24,Richard Donner,285.4,2.2472440944881886,1998.0
455,tt0396269,2014-10-14,2014-10-14,WATCHED. $285.2,Penetras Bons de Bico,Wedding Crashers,https://www.imdb.com/title/tt0396269/,Filme,7.0,119,2005,"Comédia, Romance",396539,2005-09-09,David Dobkin,285.2,2.396638655462185,2005.0
456,tt0401729,2014-10-14,2014-10-14,WILL WATCH. $284.1,John Carter - Entre Dois Mundos,John Carter,https://www.imdb.com/title/tt0401729/,Filme,6.6,132,2012,"Ação, Aventura, Ficção científica",298331,2012-03-09,Andrew Stanton,284.1,2.1522727272727273,2012.0
457,tt2380307,2017-12-06,2017-12-06,"WATCHED. $283.9still ongoing, not yet finished",Viva: A Vida é uma Festa,Coco,https://www.imdb.com/title/tt2380307/,Filme,8.4,105,2017,"Animação, Aventura, Drama, Família, Fantasia, Musical, Mistério",699724,2018-01-04,"Lee Unkrich, Adrian Molina",283.9,2.7038095238095234,2018.0
458,tt1860353,2014-10-14,2014-10-14,WILL WATCH. $282.6,Turbo,Turbo,https://www.imdb.com/title/tt1860353/,Filme,6.4,96,2013,"Animação, Aventura, Comédia, Família, Esportes",123950,2013-07-19,David Soren,282.6,2.94375,2013.0
459,tt0243155,2014-10-14,2014-10-14,WATCHED. $281.9,O Diário de Bridget Jones,Bridget Jones's Diary,https://www.imdb.com/title/tt0243155/,Filme,6.8,97,2001,"Comédia, Drama, Romance",285883,2001-08-17,Sharon Maguire,281.9,2.906185567010309,2001.0
460,tt1243957,2014-10-14,2014-10-14,WATCHED. $278.3,O Turista,The Tourist,https://www.imdb.com/title/tt1243957/,Filme,6.0,103,2010,"Ação, Romance, Suspense",268194,2011-01-21,Florian Henckel von Donnersmarck,278.3,2.701941747572816,2011.0
461,tt0175142,2014-10-14,2014-10-14,WATCHED. $278.0,Todo Mundo em Pânico,Scary Movie,https://www.imdb.com/title/tt0175142/,Filme,6.3,88,2000,Comédia,322743,2000-10-06,Keenen Ivory Wayans,278.0,3.159090909090909,2000.0
462,tt0295701,2014-10-14,2014-10-14,DIDN'T WATCH. $277.4,Triplo X,xXx,https://www.imdb.com/title/tt0295701/,Filme,5.9,124,2002,"Ação, Aventura, Drama, Suspense",193289,2002-09-06,Rob Cohen,277.4,2.237096774193548,2002.0
463,tt1194173,2014-10-14,2014-10-14,WATCHED. $276.1,O Legado Bourne,The Bourne Legacy,https://www.imdb.com/title/tt1194173/,Filme,6.6,135,2012,"Ação, Aventura, Suspense",327536,2012-09-07,Tony Gilroy,276.1,2.0451851851851854,2012.0
464,tt4972582,2017-03-20,2017-05-18,WATCHED. $275.9,Fragmentado,Split,https://www.imdb.com/title/tt4972582/,Filme,7.3,117,2016,"Terror, Suspense",617720,2017-03-23,M. Night Shyamalan,275.9,2.3581196581196577,2017.0
465,tt0864835,2015-11-13,2015-11-13,WATCHED. $275.7,As Aventuras de Peabody e Sherman,Mr. Peabody & Sherman,https://www.imdb.com/title/tt0864835/,Filme,6.8,92,2014,"Animação, Aventura, Comédia, Família, Fantasia, História, Ficção científica",83778,2014-02-28,Rob Minkoff,275.7,2.9967391304347823,2014.0
466,tt0267913,2014-10-14,2014-10-14,WATCHED. $275.7,Scooby-Doo,Scooby-Doo,https://www.imdb.com/title/tt0267913/,Filme,5.4,89,2002,"Aventura, Comédia, Família, Fantasia, Mistério",139771,2002-10-04,Raja Gosnell,275.7,3.097752808988764,2002.0
467,tt0443272,2014-10-14,2014-10-14,WILL WATCH. $275.3,Lincoln,Lincoln,https://www.imdb.com/title/tt0443272/,Filme,7.3,150,2012,"Biografia, Drama, História, Guerra",284008,2013-01-25,Steven Spielberg,275.3,1.8353333333333335,2013.0
468,tt0245429,2014-10-14,2014-10-14,WATCHED. $274.9,A Viagem de Chihiro,Sen to Chihiro no kamikakushi,https://www.imdb.com/title/tt0245429/,Filme,8.6,124,2001,"Animação, Aventura, Família, Fantasia",959769,2003-07-18,Hayao Miyazaki,274.9,2.2169354838709676,2003.0
469,tt0146316,2014-10-14,2014-10-14,WATCHED. $274.7,Lara Croft: Tomb Raider,Lara Croft: Tomb Raider,https://www.imdb.com/title/tt0146316/,Filme,5.8,100,2001,"Ação, Aventura, Fantasia, Suspense",230054,2001-07-06,Simon West,274.7,2.747,2001.0
470,tt1320253,2014-10-14,2014-10-14,WATCHED. $274.5,Os Mercenários,The Expendables,https://www.imdb.com/title/tt1320253/,Filme,6.4,103,2010,"Ação, Aventura, Suspense",379487,2010-08-13,Sylvester Stallone,274.5,2.6650485436893203,2010.0
471,tt1985966,2014-10-14,2014-10-14,WATCHED. $274.3,Tá Chovendo Hambúrguer 2,Cloudy with a Chance of Meatballs 2,https://www.imdb.com/title/tt1985966/,Filme,6.3,95,2013,"Animação, Aventura, Comédia, Família, Fantasia, Ficção científica",124849,2013-10-04,"Cody Cameron, Kris Pearn",274.3,2.887368421052632,2013.0
472,tt0117218,2014-10-14,2014-10-14,DIDN'T WATCH. $274.0,O Professor Aloprado,The Nutty Professor,https://www.imdb.com/title/tt0117218/,Filme,5.7,95,1996,"Comédia, Romance, Ficção científica",130588,1996-07-26,Tom Shadyac,274.0,2.8842105263157896,1996.0
473,tt0116695,2014-10-14,2014-10-14,WATCHED. $273.6,Jerry Maguire: A Grande Virada,Jerry Maguire,https://www.imdb.com/title/tt0116695/,Filme,7.3,139,1996,"Comédia, Drama, Romance, Esportes",309564,1997-02-14,Cameron Crowe,273.6,1.9683453237410073,1997.0
474,tt0172156,2014-10-14,2014-10-14,DIDN'T WATCH. $273.3,Bad Boys II,Bad Boys II,https://www.imdb.com/title/tt0172156/,Filme,6.6,147,2003,"Ação, Comédia, Policial, Suspense",287289,2003-09-19,Michael Bay,273.3,1.8591836734693878,2003.0
475,tt0275847,2014-10-14,2014-10-14,WATCHED. $273.1,Lilo & Stitch,Lilo & Stitch,https://www.imdb.com/title/tt0275847/,Filme,7.4,85,2002,"Animação, Aventura, Comédia, Drama, Família, Ficção científica",242435,2002-06-28,"Dean DeBlois, Chris Sanders",273.1,3.2129411764705886,2002.0
476,tt0102926,2014-10-14,2014-10-14,DIDN'T WATCH. $272.7,O Silêncio dos Inocentes,The Silence of the Lambs,https://www.imdb.com/title/tt0102926/,Filme,8.6,118,1991,"Policial, Drama, Terror, Suspense",1711857,1991-05-17,Jonathan Demme,272.7,2.3110169491525423,1991.0
477,tt1375670,2014-10-14,2014-10-14,DIDN'T WATCH. $271.4,Gente Grande,Grown Ups,https://www.imdb.com/title/tt1375670/,Filme,6.0,102,2010,Comédia,310503,2010-09-24,Dennis Dugan,271.4,2.66078431372549,2010.0
478,tt2004420,2014-10-14,2016-03-17,WILL WATCH. $270.7,Vizinhos,Neighbors,https://www.imdb.com/title/tt2004420/,Filme,6.3,97,2014,Comédia,344524,2014-06-19,Nicholas Stoller,270.7,2.790721649484536,2014.0
479,tt0106918,2014-10-14,2014-10-14,DIDN'T WATCH. $270.2,A Firma,The Firm,https://www.imdb.com/title/tt0106918/,Filme,6.9,154,1993,"Drama, Mistério, Suspense",160627,1993-06-30,Sydney Pollack,270.2,1.7545454545454544,1993.0
480,tt1723121,2014-10-14,2014-10-14,WATCHED. $270.0,Família do Bagulho,We're the Millers,https://www.imdb.com/title/tt1723121/,Filme,7.0,110,2013,"Comédia, Policial",521897,2013-09-27,Rawson Marshall Thurber,270.0,2.4545454545454546,2013.0
481,tt1205489,2014-10-14,2014-10-14,WILL WATCH. $270.0,Gran Torino,Gran Torino,https://www.imdb.com/title/tt1205489/,Filme,8.1,116,2008,Drama,858854,2009-03-20,Clint Eastwood,270.0,2.3275862068965516,2009.0
482,tt0443649,2014-10-14,2014-10-14,DIDN'T WATCH. $269.8,10.000 A.C.,"10,000 BC",https://www.imdb.com/title/tt0443649/,Filme,5.2,109,2008,"Ação, Aventura, Drama, Fantasia, História",139265,2008-03-07,Roland Emmerich,269.8,2.4752293577981654,2008.0
483,tt0848537,2014-10-14,2014-10-14,WATCHED. $268.4,Reino Escondido,Epic,https://www.imdb.com/title/tt0848537/,Filme,6.6,102,2013,"Animação, Ação, Aventura, Família, Fantasia, Suspense",114068,2013-05-17,Chris Wedge,268.4,2.631372549019608,2013.0
484,tt1528100,2015-02-25,2016-03-17,WILL WATCH. $268.2,Êxodo: Deuses e Reis,Exodus: Gods and Kings,https://www.imdb.com/title/tt1528100/,Filme,6.0,150,2014,"Ação, Aventura, Drama, Fantasia",186356,2014-12-25,Ridley Scott,268.2,1.788,2014.0
485,tt1109624,2015-02-25,2017-01-30,WILL WATCH. $268.0,As Aventuras de Paddington,Paddington,https://www.imdb.com/title/tt1109624/,Filme,7.3,95,2014,"Aventura, Comédia, Família, Fantasia",155421,2014-12-04,Paul King,268.0,2.8210526315789473,2014.0
486,tt0034492,2014-10-14,2014-10-14,WATCHED. $267.4,Bambi,Bambi,https://www.imdb.com/title/tt0034492/,Filme,7.3,69,1942,"Animação, Aventura, Drama, Família",164508,1943-03-10,"James Algar, Samuel Armstrong, David Hand, Graham Heid, Bill Roberts, Paul Satterfield, Norman Wright, Arthur Davis, Clyde Geronimi",267.4,3.8753623188405792,1943.0
487,tt0780521,2014-10-14,2014-10-14,WATCHED. $267.0,A Princesa e o Sapo,The Princess and the Frog,https://www.imdb.com/title/tt0780521/,Filme,7.2,97,2009,"Animação, Aventura, Comédia, Família, Fantasia, Musical, Romance",185588,2009-12-11,"Ron Clements, John Musker",267.0,2.752577319587629,2009.0
488,tt0103776,2014-10-14,2014-10-14,WATCHED. $266.8,Batman: O Retorno,Batman Returns,https://www.imdb.com/title/tt0103776/,Filme,7.1,126,1992,"Ação, Policial, Fantasia",349140,1992-07-03,Tim Burton,266.8,2.1174603174603175,1992.0
489,tt0337741,2014-10-26,2014-10-26,WATCHED. $266.7,Alguém Tem que Ceder,Something's Gotta Give,https://www.imdb.com/title/tt0337741/,Filme,6.8,128,2003,"Comédia, Drama, Romance",138383,2004-03-12,Nancy Meyers,266.7,2.08359375,2004.0
490,tt0107211,2014-10-26,2014-10-26,DIDN'T WATCH. $266.6,Proposta Indecente,Indecent Proposal,https://www.imdb.com/title/tt0107211/,Filme,6.0,117,1993,"Drama, Romance",86203,1993-05-14,Adrian Lyne,266.6,2.278632478632479,1993.0
491,tt0765429,2014-10-26,2014-10-26,DIDN'T WATCH. $266.5,O Gângster,American Gangster,https://www.imdb.com/title/tt0765429/,Filme,7.8,157,2007,"Biografia, Policial, Drama",483922,2008-01-25,Ridley Scott,266.5,1.697452229299363,2008.0
492,tt0114898,2014-10-26,2014-10-26,WATCHED. $264.2,Waterworld: O Segredo das Águas,Waterworld,https://www.imdb.com/title/tt0114898/,Filme,6.3,135,1995,"Ação, Aventura, Ficção científica",223671,1995-09-22,Kevin Reynolds,264.2,1.957037037037037,1995.0
493,tt0120382,2014-10-26,2014-10-26,WATCHED. $264.1,O Show de Truman: O Show da Vida,The Truman Show,https://www.imdb.com/title/tt0120382/,Filme,8.2,103,1998,"Comédia, Drama",1361079,1998-10-30,Peter Weir,264.1,2.564077669902913,1998.0
494,tt0160127,2014-10-26,2014-10-26,WATCHED. $264.1,As Panteras,Charlie's Angels,https://www.imdb.com/title/tt0160127/,Filme,5.7,98,2000,"Ação, Aventura, Comédia, Policial, Suspense",206991,2000-11-24,McG,264.1,2.694897959183674,2000.0
495,tt0119116,2014-10-26,2014-10-26,WILL WATCH. $263.9,O Quinto Elemento,Le cinquième élément,https://www.imdb.com/title/tt0119116/,Filme,7.6,126,1997,"Ação, Aventura, Ficção científica",541574,1997-05-23,Luc Besson,263.9,2.094444444444444,1997.0
496,tt0800080,2014-10-26,2014-10-26,WATCHED. $263.4,O Incrível Hulk,The Incredible Hulk,https://www.imdb.com/title/tt0800080/,Filme,6.6,112,2008,"Ação, Aventura, Ficção científica",561679,2008-06-13,Louis Leterrier,263.4,2.351785714285714,2008.0
497,tt0113497,2014-10-26,2014-10-26,WATCHED. $262.8,Jumanji,Jumanji,https://www.imdb.com/title/tt0113497/,Filme,7.1,104,1995,"Aventura, Comédia, Família, Fantasia",410711,1996-03-29,Joe Johnston,262.8,2.526923076923077,1996.0
498,tt0317198,2014-10-26,2014-10-26,WATCHED. $262.5,Bridget Jones: No Limite da Razão,Bridget Jones: The Edge of Reason,https://www.imdb.com/title/tt0317198/,Filme,6.0,108,2004,"Comédia, Drama, Romance",132720,2004-12-03,Beeban Kidron,262.5,2.4305555555555554,2004.0
499,tt1013743,2014-10-26,2014-10-26,WATCHED. $261.9,Encontro Explosivo,Knight and Day,https://www.imdb.com/title/tt1013743/,Filme,6.3,109,2010,"Ação, Aventura, Comédia",224191,2010-07-16,James Mangold,261.9,2.4027522935779815,2010.0
500,tt0443453,2014-10-26,2014-10-26,WATCHED. $261.6,Borat: O Segundo Melhor Repórter do Glorioso País Cazaquistão Viaja à América,Borat: Cultural Learnings of America for Make Benefit Glorious Nation of Kazakhstan,https://www.imdb.com/title/tt0443453/,Filme,7.4,84,2006,Comédia,474595,2007-02-23,Larry Charles,261.6,3.1142857142857148,2007.0
501,tt0100802,2014-10-26,2014-10-26,WILL WATCH. $261.3,O Vingador do Futuro,Total Recall,https://www.imdb.com/title/tt0100802/,Filme,7.5,113,1990,"Ação, Aventura, Ficção científica",379563,1990-10-03,Paul Verhoeven,261.3,2.3123893805309734,1990.0
502,tt1477715,2014-10-26,2014-10-26,DIDN'T WATCH. $261.2,Michael Jackson: This Is It,Michael Jackson's This Is It,https://www.imdb.com/title/tt1477715/,Filme,7.2,111,2009,"Documentário, Musical",43084,2009-10-30,Kenny Ortega,261.2,2.353153153153153,2009.0
503,tt0358082,2014-10-26,2014-10-26,WATCHED. $260.7,Robôs,Robots,https://www.imdb.com/title/tt0358082/,Filme,6.4,91,2005,"Animação, Aventura, Comédia, Família, Romance, Ficção científica",174107,2005-03-18,"Chris Wedge, Carlos Saldanha",260.7,2.864835164835165,2005.0
504,tt1210819,2014-10-26,2014-10-26,WILL WATCH. $260.5,O Cavaleiro Solitário,The Lone Ranger,https://www.imdb.com/title/tt1210819/,Filme,6.4,150,2013,"Ação, Aventura, Drama, Faroeste",252433,2013-07-12,Gore Verbinski,260.5,1.7366666666666666,2013.0
505,tt1650062,2014-10-26,2014-10-26,WATCHED. $260.1,Super 8,Super 8,https://www.imdb.com/title/tt1650062/,Filme,7.0,112,2011,"Ação, Ficção científica, Suspense",379986,2011-08-12,J.J. Abrams,260.1,2.3223214285714286,2011.0
506,tt4276752,2016-04-18,2016-04-18,DIDN'T WATCH. $259.4,Mojin - A lenda perdida,Xun long jue,https://www.imdb.com/title/tt4276752/,Filme,5.9,127,2015,"Ação, Aventura, Drama, Fantasia, Terror, Mistério, Suspense",4695,2015-12-18,Wuershan,259.4,2.04251968503937,2015.0
507,tt0305357,2014-10-26,2014-10-26,WATCHED. $259.2,As Panteras: Detonando,Charlie's Angels: Full Throttle,https://www.imdb.com/title/tt0305357/,Filme,5.0,106,2003,"Ação, Aventura, Comédia, Policial",138669,2003-07-11,McG,259.2,2.4452830188679244,2003.0
508,tt0293564,2014-10-26,2014-10-26,WATCHED. $258.0,A Hora do Rush 3,Rush Hour 3,https://www.imdb.com/title/tt0293564/,Filme,6.3,91,2007,"Ação, Comédia, Policial, Suspense",198489,2007-09-07,Brett Ratner,258.0,2.8351648351648353,2007.0
509,tt0119164,2014-10-26,2014-10-26,DIDN'T WATCH. $257.9,Ou Tudo ou Nada,The Full Monty,https://www.imdb.com/title/tt0119164/,Filme,7.2,91,1997,"Comédia, Drama",119487,1998-02-27,Peter Cattaneo,257.9,2.8340659340659338,1998.0
510,tt3322940,2014-11-03,2015-11-25,WATCHED. $256.9,Annabelle,Annabelle,https://www.imdb.com/title/tt3322940/,Filme,5.5,99,2014,"Terror, Mistério, Suspense",194707,2014-10-09,John R. Leonetti,256.9,2.594949494949495,2014.0
511,tt0368447,2014-10-26,2014-10-26,WATCHED. $256.7,A Vila,The Village,https://www.imdb.com/title/tt0368447/,Filme,6.6,108,2004,"Drama, Mistério, Suspense",295796,2004-09-03,M. Night Shyamalan,256.7,2.3768518518518515,2004.0
512,tt1856101,2017-11-08,2017-12-06,"WILL WATCH. $256.6still ongoing, not yet final",Blade Runner 2049,Blade Runner 2049,https://www.imdb.com/title/tt1856101/,Filme,8.0,164,2017,"Ação, Drama, Mistério, Ficção científica, Suspense",747632,2017-10-05,Denis Villeneuve,256.6,1.5646341463414635,2017.0
513,tt4242158,2016-04-18,2016-04-18,DIDN'T WATCH. $256.3,Perdido em Hong Kong,Gang jiong,https://www.imdb.com/title/tt4242158/,Filme,5.4,114,2015,"Ação, Aventura, Comédia, Policial, Família, Romance, Suspense",2024,2015-09-25,Zheng Xu,256.3,2.248245614035088,2015.0
514,tt0195685,2014-10-26,2014-10-26,WATCHED. $256.3,Erin Brockovich: Uma Mulher de Talento,Erin Brockovich,https://www.imdb.com/title/tt0195685/,Filme,7.5,131,2000,"Biografia, Drama",244493,2000-04-20,Steven Soderbergh,256.3,1.9564885496183206,2000.0
515,tt0106582,2014-10-26,2014-10-26,DIDN'T WATCH. $255.0,Risco Total,Cliffhanger,https://www.imdb.com/title/tt0106582/,Filme,6.5,113,1993,"Ação, Aventura, Suspense",147882,1993-09-17,Renny Harlin,255.0,2.256637168141593,1993.0
516,tt4217392,2017-03-20,2017-04-10,DIDN'T WATCH. $254.2,Kung Fu Yoga,Gong fu yu jia,https://www.imdb.com/title/tt4217392/,Filme,5.2,107,2017,"Ação, Aventura, Comédia, Família, Fantasia, Mistério",12255,2017-01-28,Stanley Tong,254.2,2.3757009345794393,2017.0
517,tt0112431,2014-10-26,2014-10-26,WATCHED. $254.1,Babe: O Porquinho Atrapalhado,Babe,https://www.imdb.com/title/tt0112431/,Filme,6.9,91,1995,"Comédia, Drama, Família",141711,1995-12-25,Chris Noonan,254.1,2.792307692307692,1995.0
518,tt0486946,2014-10-26,2014-10-26,DIDN'T WATCH. $253.6,Motoqueiros Selvagens,Wild Hogs,https://www.imdb.com/title/tt0486946/,Filme,5.9,100,2007,"Ação, Aventura, Comédia",127531,2007-04-20,Walt Becker,253.6,2.536,2007.0
519,tt0962726,2014-10-26,2014-10-26,WATCHED. $252.9,High School Musical 3: Ano da Formatura,High School Musical 3: Senior Year,https://www.imdb.com/title/tt0962726/,Filme,5.1,112,2008,"Comédia, Drama, Família, Musical, Musical, Romance",72180,2008-10-24,Kenny Ortega,252.9,2.258035714285714,2008.0
520,tt0119282,2014-10-26,2014-10-26,WATCHED. $252.7,Hércules,Hercules,https://www.imdb.com/title/tt0119282/,Filme,7.3,93,1997,"Animação, Ação, Aventura, Comédia, Família, Fantasia, Musical, Romance",277972,1997-07-04,"Ron Clements, John Musker",252.7,2.717204301075269,1997.0
521,tt5052448,2017-05-26,2017-07-25,WATCHED. $252.4,Corra!,Get Out,https://www.imdb.com/title/tt5052448/,Filme,7.8,104,2017,"Terror, Mistério, Suspense",810682,2017-05-18,Jordan Peele,252.4,2.426923076923077,2017.0
522,tt1403865,2014-10-26,2014-10-26,DIDN'T WATCH. $252.3,Bravura Indômita,True Grit,https://www.imdb.com/title/tt1403865/,Filme,7.6,110,2010,"Drama, Faroeste",375308,2011-02-11,"Ethan Coen, Joel Coen",252.3,2.293636363636364,2011.0
523,tt0118689,2014-10-26,2014-10-26,WATCHED. $251.2,Mr. Bean: O Filme,Bean,https://www.imdb.com/title/tt0118689/,Filme,6.5,89,1997,"Aventura, Comédia, Família",116247,1997-08-22,Mel Smith,251.2,2.8224719101123594,1997.0
524,tt1800241,2014-10-26,2014-10-26,WATCHED. $251.2,Trapaça,American Hustle,https://www.imdb.com/title/tt1800241/,Filme,7.2,138,2013,"Policial, Drama",517634,2014-02-07,David O. Russell,251.2,1.8202898550724638,2014.0
525,tt0128853,2014-10-26,2014-10-26,WATCHED. $250.8,Mensagem Para Você,You've Got Mail,https://www.imdb.com/title/tt0128853/,Filme,6.7,119,1998,"Comédia, Drama, Romance",244753,1999-02-17,Nora Ephron,250.8,2.107563025210084,1999.0
526,tt0120660,2014-10-26,2014-10-26,DIDN'T WATCH. $250.6,Inimigo do Estado,Enemy of the State,https://www.imdb.com/title/tt0120660/,Filme,7.3,132,1998,"Ação, Suspense",273998,1999-04-09,Tony Scott,250.6,1.8984848484848484,1999.0
527,tt0328880,2014-10-26,2014-10-26,WILL WATCH. $250.4,Irmão Urso,Brother Bear,https://www.imdb.com/title/tt0328880/,Filme,6.9,85,2003,"Animação, Aventura, Comédia, Drama, Família, Fantasia, Musical",135685,2003-12-12,"Aaron Blaise, Robert Walker",250.4,2.9458823529411764,2003.0
528,tt0120746,2014-10-26,2014-10-26,WATCHED. $250.3,A Máscara do Zorro,The Mask of Zorro,https://www.imdb.com/title/tt0120746/,Filme,6.8,136,1998,"Ação, Aventura, Comédia, Drama, Romance, Suspense, Faroeste",209397,1998-10-09,Martin Campbell,250.3,1.8404411764705884,1998.0
529,tt0449010,2014-10-26,2014-10-26,WATCHED. $249.5,Eragon,Eragon,https://www.imdb.com/title/tt0449010/,Filme,5.1,104,2006,"Ação, Aventura, Família, Fantasia",134427,2006-12-25,Stefen Fangmeier,249.5,2.3990384615384617,2006.0
530,tt0298130,2014-10-26,2014-10-26,WATCHED. $249.3,O Chamado,The Ring,https://www.imdb.com/title/tt0298130/,Filme,7.1,115,2002,"Terror, Mistério",400817,2003-01-31,Gore Verbinski,249.3,2.167826086956522,2003.0
531,tt0185937,2014-10-26,2014-10-26,WILL WATCH. $248.6,A Bruxa de Blair,The Blair Witch Project,https://www.imdb.com/title/tt0185937/,Filme,6.5,81,1999,"Terror, Mistério",314775,1999-10-01,"Daniel Myrick, Eduardo Sánchez",248.6,3.0691358024691358,1999.0
532,tt0217869,2014-10-26,2014-10-26,DIDN'T WATCH. $248.1,Corpo Fechado,Unbreakable,https://www.imdb.com/title/tt0217869/,Filme,7.3,106,2000,"Drama, Mistério, Ficção científica, Suspense",466270,2001-01-19,M. Night Shyamalan,248.1,2.340566037735849,2001.0
533,tt0109686,2014-10-26,2014-10-26,DIDN'T WATCH. $247.3,Debi e Loide: Dois Idiotas em Apuros,Dumb and Dumber,https://www.imdb.com/title/tt0109686/,Filme,7.3,107,1994,Comédia,441874,1995-02-27,"Peter Farrelly, Bobby Farrelly",247.3,2.311214953271028,1995.0
534,tt2191701,2014-10-26,2014-10-26,DIDN'T WATCH. $247.0,Gente Grande 2,Grown Ups 2,https://www.imdb.com/title/tt2191701/,Filme,5.4,101,2013,Comédia,189645,2013-08-16,Dennis Dugan,247.0,2.4455445544554455,2013.0
535,tt0314331,2014-10-26,2014-10-26,WATCHED. $246.9,Simplesmente Amor,Love Actually,https://www.imdb.com/title/tt0314331/,Filme,7.5,135,2003,"Comédia, Drama, Romance",579030,2003-12-05,Richard Curtis,246.9,1.828888888888889,2003.0
536,tt2452042,2016-01-25,2016-04-05,WILL WATCH. $246.2,"Snoopy & Charlie Brown: Peanuts, o Filme",The Peanuts Movie,https://www.imdb.com/title/tt2452042/,Filme,7.0,88,2015,"Animação, Aventura, Comédia, Drama, Família",53238,2016-01-14,Steve Martino,246.2,2.7977272727272724,2016.0
537,tt1192628,2014-10-26,2014-10-26,WILL WATCH. $245.7,Rango,Rango,https://www.imdb.com/title/tt1192628/,Filme,7.3,107,2011,"Animação, Ação, Aventura, Comédia, Drama, Família, Faroeste",317364,2011-03-09,Gore Verbinski,245.7,2.2962616822429904,2011.0
538,tt0109831,2014-10-26,2014-10-26,WILL WATCH. $245.7,Quatro Casamentos e um Funeral,Four Weddings and a Funeral,https://www.imdb.com/title/tt0109831/,Filme,7.1,117,1994,"Comédia, Drama, Romance",181352,1994-07-06,Mike Newell,245.7,2.1,1994.0
539,tt0119094,2014-10-26,2014-10-26,WILL WATCH. $245.7,A Outra Face,Face/Off,https://www.imdb.com/title/tt0119094/,Filme,7.3,138,1997,"Ação, Policial, Ficção científica, Suspense",425374,1997-08-01,John Woo,245.7,1.7804347826086955,1997.0
540,tt3949660,2016-10-08,2016-10-08,DIDN'T WATCH. $245.6,As Tartarugas Ninja: Fora das Sombras,Teenage Mutant Ninja Turtles: Out of the Shadows,https://www.imdb.com/title/tt3949660/,Filme,5.9,112,2016,"Animação, Ação, Aventura, Comédia, Policial, Fantasia, Ficção científica",106042,2016-06-16,Dave Green,245.6,2.1928571428571426,2016.0
541,tt1077368,2014-10-26,2014-10-26,WATCHED. $245.5,Sombras da Noite,Dark Shadows,https://www.imdb.com/title/tt1077368/,Filme,6.2,113,2012,"Comédia, Fantasia, Terror",293539,2012-06-22,Tim Burton,245.5,2.172566371681416,2012.0
542,tt0286716,2014-10-26,2014-10-26,DIDN'T WATCH. $245.4,Hulk,Hulk,https://www.imdb.com/title/tt0286716/,Filme,5.7,138,2003,"Ação, Ficção científica",291758,2003-06-27,Ang Lee,245.4,1.7782608695652173,2003.0
543,tt1064932,2014-10-26,2014-10-26,DIDN'T WATCH. $245.1,A Riviera Não é Aqui,Bienvenue chez les Ch'tis,https://www.imdb.com/title/tt1064932/,Filme,7.1,106,2008,"Comédia, Romance",47429,2010-04-09,Dany Boon,245.1,2.3122641509433963,2010.0
544,tt0068646,2014-10-26,2014-10-26,DIDN'T WATCH. $245.1,O Poderoso Chefão,The Godfather,https://www.imdb.com/title/tt0068646/,Filme,9.2,175,1972,"Policial, Drama",2213698,1972-09-10,Francis Ford Coppola,245.1,1.4005714285714286,1972.0
545,tt2120120,2015-10-06,2016-08-26,WILL WATCH. $244.9,Pixels,Pixels,https://www.imdb.com/title/tt2120120/,Filme,5.6,105,2015,"Ação, Aventura, Comédia, Fantasia, Ficção científica, Suspense",178195,2015-04-17,Chris Columbus,244.9,2.3323809523809524,2015.0
546,tt1267297,2014-10-26,2015-11-09,WILL WATCH. $244.8,Hércules,Hercules,https://www.imdb.com/title/tt1267297/,Filme,6.0,98,2014,"Ação, Aventura, Fantasia",171389,2014-09-04,Brett Ratner,244.8,2.4979591836734696,2014.0
547,tt5273624,2017-02-23,2017-03-11,DIDN'T WATCH. $244.6,Viagem ao Ocidente: Capítulo Demoníaco,Xi you fu yao pian,https://www.imdb.com/title/tt5273624/,Filme,5.5,109,2017,"Aventura, Comédia, Fantasia",3979,2017-01-28,Hark Tsui,244.6,2.244036697247706,2017.0
548,tt0099088,2014-10-26,2014-10-26,WATCHED. $244.5,De Volta para o Futuro: Parte III,Back to the Future Part III,https://www.imdb.com/title/tt0099088/,Filme,7.5,118,1990,"Aventura, Comédia, Ficção científica, Faroeste",517406,1990-07-13,Robert Zemeckis,244.5,2.0720338983050848,1990.0
549,tt0120812,2014-10-26,2014-10-26,DIDN'T WATCH. $244.4,A Hora do Rush,Rush Hour,https://www.imdb.com/title/tt0120812/,Filme,7.1,98,1998,"Ação, Comédia, Policial, Suspense",326595,1999-01-08,Brett Ratner,244.4,2.4938775510204083,1999.0
550,tt1815862,2014-10-26,2014-10-26,WATCHED. $243.8,Depois da Terra,After Earth,https://www.imdb.com/title/tt1815862/,Filme,4.8,100,2013,"Ação, Aventura, Drama, Ficção científica",216205,2013-06-07,M. Night Shyamalan,243.8,2.438,2013.0
551,tt0104257,2014-10-26,2014-10-26,DIDN'T WATCH. $243.2,Questão de Honra,A Few Good Men,https://www.imdb.com/title/tt0104257/,Filme,7.7,138,1992,"Drama, Suspense",315215,1993-02-22,Rob Reiner,243.2,1.76231884057971,1993.0
552,tt0844471,2014-10-26,2014-10-26,WATCHED. $243.0,Tá Chovendo Hambúrguer,Cloudy with a Chance of Meatballs,https://www.imdb.com/title/tt0844471/,Filme,6.9,90,2009,"Animação, Aventura, Comédia, Família, Fantasia, Ficção científica",283465,2009-10-02,"Phil Lord, Christopher Miller",243.0,2.7,2009.0
553,tt0298203,2014-10-26,2014-10-26,WATCHED. $242.9,8 Mile: Rua das Ilusões,8 Mile,https://www.imdb.com/title/tt0298203/,Filme,7.2,110,2002,"Drama, Musical",349790,2003-03-21,Curtis Hanson,242.9,2.208181818181818,2003.0
554,tt1528854,2016-03-17,2017-04-17,DIDN'T WATCH. $242.8,Pai em Dose Dupla,Daddy's Home,https://www.imdb.com/title/tt1528854/,Filme,6.2,96,2015,"Comédia, Família",138707,2016-01-21,Sean Anders,242.8,2.529166666666667,2016.0
555,tt0822832,2014-10-26,2014-10-26,DIDN'T WATCH. $242.7,Marley & Eu,Marley & Me,https://www.imdb.com/title/tt0822832/,Filme,7.0,111,2008,"Drama, Família",175228,2008-12-25,David Frankel,242.7,2.1864864864864866,2008.0
556,tt1234721,2014-10-26,2014-10-26,WILL WATCH. $242.7,RoboCop,RoboCop,https://www.imdb.com/title/tt1234721/,Filme,6.1,117,2014,"Ação, Policial, Ficção científica, Suspense",248613,2014-02-21,José Padilha,242.7,2.074358974358974,2014.0
557,tt0116213,2014-10-26,2014-10-26,DIDN'T WATCH. $242.3,Queima de Arquivo,Eraser,https://www.imdb.com/title/tt0116213/,Filme,6.2,115,1996,"Ação, Policial, Suspense",123778,1996-07-26,Chuck Russell,242.3,2.1069565217391304,1996.0
558,tt0373051,2014-10-26,2014-10-26,WATCHED. $242.0,Viagem ao Centro da Terra: O Filme,Journey to the Center of the Earth,https://www.imdb.com/title/tt0373051/,Filme,5.8,93,2008,"Ação, Aventura, Família, Fantasia, Ficção científica",140363,2008-07-11,Eric Brevig,242.0,2.6021505376344085,2008.0
559,tt2316204,2017-07-10,2017-11-08,WATCHED. $240.7,Alien: Covenant,Alien: Covenant,https://www.imdb.com/title/tt2316204/,Filme,6.4,122,2017,"Terror, Ficção científica, Suspense",343333,2017-05-11,Ridley Scott,240.7,1.972950819672131,2017.0
560,tt2094766,2017-03-01,2017-04-17,WILL WATCH. $240.8,Assassin's Creed,Assassin's Creed,https://www.imdb.com/title/tt2094766/,Filme,5.6,115,2016,"Ação, Aventura, Ficção científica",218550,2017-01-12,Justin Kurzel,240.8,2.093913043478261,2017.0
561,tt0099423,2014-10-26,2014-10-26,DIDN'T WATCH. $240.0,Duro de Matar 2,Die Hard 2,https://www.imdb.com/title/tt0099423/,Filme,7.2,124,1990,"Ação, Suspense",406130,1990-08-24,Renny Harlin,240.0,1.935483870967742,1990.0
562,tt1855325,2014-10-26,2014-10-26,WATCHED. $240.2,Resident Evil 5: Retribuição,Resident Evil: Retribution,https://www.imdb.com/title/tt1855325/,Filme,5.3,95,2012,"Ação, Terror, Ficção científica, Suspense",158142,2012-09-14,Paul W.S. Anderson,240.2,2.528421052631579,2012.0
563,tt0092493,2014-10-26,2014-10-26,DIDN'T WATCH. $239.6,Crocodilo Dundee II,Crocodile Dundee II,https://www.imdb.com/title/tt0092493/,Filme,5.7,111,1988,"Ação, Aventura, Comédia",64224,1988-12-16,John Cornell,239.6,2.1585585585585587,1988.0
564,tt1691917,2015-04-14,2015-04-14,WILL WATCH. $239.3,Aviões,Planes,https://www.imdb.com/title/tt1691917/,Filme,5.7,91,2013,"Animação, Aventura, Comédia, Família, Fantasia, Esportes",52323,2013-08-09,Klay Hall,239.3,2.6296703296703297,2013.0
565,tt3402236,2017-12-06,2017-12-06,"WILL WATCH. $238.8still ongoing, not yet finished",Assassinato no Expresso do Oriente,Murder on the Orient Express,https://www.imdb.com/title/tt3402236/,Filme,6.5,114,2017,"Comédia, Policial, Drama, Mistério, Suspense",319970,2017-11-30,Kenneth Branagh,238.8,2.0947368421052635,2017.0
566,tt3263904,2016-12-16,2017-01-30,WATCHED. $238.5,Sully: O Herói do Rio Hudson,Sully,https://www.imdb.com/title/tt3263904/,Filme,7.4,96,2016,"Biografia, Drama, História",320814,2016-12-15,Clint Eastwood,238.5,2.484375,2016.0
567,tt0118688,2014-10-26,2014-10-26,WATCHED. $238.2,Batman & Robin,Batman & Robin,https://www.imdb.com/title/tt0118688/,Filme,3.8,125,1997,"Ação, Ficção científica",281593,1997-07-04,Joel Schumacher,238.2,1.9056,1997.0
568,tt0389860,2014-10-26,2014-10-26,WATCHED. $237.7,Click,Click,https://www.imdb.com/title/tt0389860/,Filme,6.4,107,2006,"Comédia, Drama, Fantasia, Romance",385283,2006-08-11,Frank Coraci,237.7,2.2214953271028035,2006.0
569,tt1320261,2014-10-26,2014-10-26,WATCHED. $237.4,As Viagens de Gulliver,Gulliver's Travels,https://www.imdb.com/title/tt1320261/,Filme,4.9,85,2010,"Aventura, Comédia, Família, Fantasia",77578,2011-01-14,Rob Letterman,237.4,2.7929411764705883,2011.0
570,tt0187078,2014-10-26,2014-10-26,DIDN'T WATCH. $237.2,60 Segundos,Gone in Sixty Seconds,https://www.imdb.com/title/tt0187078/,Filme,6.5,118,2000,"Ação, Policial, Suspense",309170,2000-08-04,Dominic Sena,237.2,2.010169491525424,2000.0
571,tt0076666,2014-10-26,2014-10-26,DIDN'T WATCH. $237.1,Os Embalos de Sábado à Noite,Saturday Night Fever,https://www.imdb.com/title/tt0076666/,Filme,6.8,118,1977,"Drama, Musical",94244,1978-07-03,John Badham,237.1,2.009322033898305,1978.0
572,tt1045658,2014-10-26,2014-10-26,WATCHED. $236.4,O Lado Bom da Vida,Silver Linings Playbook,https://www.imdb.com/title/tt1045658/,Filme,7.7,122,2012,"Comédia, Drama, Romance",771548,2013-02-01,David O. Russell,236.4,1.937704918032787,2013.0
573,tt0322259,2014-10-26,2014-10-26,WATCHED. $236.4,+ Velozes + Furiosos,2 Fast 2 Furious,https://www.imdb.com/title/tt0322259/,Filme,6.0,107,2003,"Ação, Policial, Suspense",322294,2003-06-13,John Singleton,236.4,2.209345794392523,2003.0
574,tt0212720,2014-10-26,2014-10-26,WATCHED. $235.9,A.I.: Inteligência Artificial,A.I. Artificial Intelligence,https://www.imdb.com/title/tt0212720/,Filme,7.2,146,2001,"Aventura, Drama, Ficção científica",338098,2001-09-07,Steven Spielberg,235.9,1.6157534246575342,2001.0
575,tt0097165,2014-10-26,2014-10-26,WATCHED. $235.9,Sociedade dos Poetas Mortos,Dead Poets Society,https://www.imdb.com/title/tt0097165/,Filme,8.1,128,1989,"Comédia, Drama",645644,1990-02-28,Peter Weir,235.9,1.84296875,1990.0
576,tt3079380,2015-08-04,2016-03-15,WATCHED. $235.7,A Espiã Que Sabia de Menos,Spy,https://www.imdb.com/title/tt3079380/,Filme,7.0,120,2015,"Ação, Comédia",273343,2015-06-04,Paul Feig,235.7,1.9641666666666666,2015.0
577,tt0163651,2014-10-26,2014-10-26,WATCHED. $235.5,American Pie: A Primeira Vez é Inesquecível,American Pie,https://www.imdb.com/title/tt0163651/,Filme,7.0,95,1999,Comédia,466414,1999-10-29,Paul Weitz,235.5,2.4789473684210526,1999.0
578,tt4846340,2017-03-30,2017-12-06,"WILL WATCH. $235.5still ongoing, not yet final",Estrelas Além do Tempo,Hidden Figures,https://www.imdb.com/title/tt4846340/,Filme,7.8,127,2016,"Biografia, Drama, História",286799,2017-02-02,Theodore Melfi,235.5,1.8543307086614174,2017.0
579,tt0347149,2014-10-26,2014-10-26,WATCHED. $235.2,O Castelo Animado,Hauru no ugoku shiro,https://www.imdb.com/title/tt0347149/,Filme,8.2,119,2004,"Animação, Aventura, Família, Fantasia",508273,2005-08-05,Hayao Miyazaki,235.2,1.976470588235294,2005.0
580,tt1605630,2014-10-26,2014-10-26,DIDN'T WATCH. $235.0,American Pie: O Reencontro,American Reunion,https://www.imdb.com/title/tt1605630/,Filme,6.7,113,2012,Comédia,233294,2012-04-20,"Jon Hurwitz, Hayden Schlossberg",235.0,2.079646017699115,2012.0
581,tt0142342,2014-10-26,2015-08-24,WATCHED. $234.8,O Paizão,Big Daddy,https://www.imdb.com/title/tt0142342/,Filme,6.5,93,1999,"Comédia, Drama",250729,1999-10-08,Dennis Dugan,234.8,2.524731182795699,1999.0
582,tt2974918,2016-02-23,2016-05-27,DIDN'T WATCH. $234.8,Alvin e os Esquilos: Na Estrada,Alvin and the Chipmunks: The Road Chip,https://www.imdb.com/title/tt2974918/,Filme,5.0,92,2015,"Aventura, Comédia, Família, Fantasia, Musical, Musical",25632,2015-12-24,Walt Becker,234.8,2.5521739130434784,2015.0
583,tt2084970,2015-03-12,2016-03-15,WILL WATCH. $233.6,O Jogo da Imitação,The Imitation Game,https://www.imdb.com/title/tt2084970/,Filme,8.0,114,2014,"Biografia, Drama, Suspense, Guerra",874473,2015-02-05,Morten Tyldum,233.6,2.049122807017544,2015.0
584,tt0970416,2014-10-26,2014-10-26,WILL WATCH. $233.1,O Dia em que a Terra Parou,The Day the Earth Stood Still,https://www.imdb.com/title/tt0970416/,Filme,5.5,104,2008,"Aventura, Drama, Ficção científica, Suspense",186800,2009-01-09,Scott Derrickson,233.1,2.2413461538461537,2009.0
585,tt1568346,2014-10-26,2014-10-26,DIDN'T WATCH. $232.6,Millennium - Os Homens que Não Amavam as Mulheres,The Girl with the Dragon Tattoo,https://www.imdb.com/title/tt1568346/,Filme,7.8,158,2011,"Policial, Drama, Mistério, Suspense",526542,2012-01-27,David Fincher,232.6,1.4721518987341773,2012.0
586,tt1024648,2014-10-26,2014-10-26,WATCHED. $232.3,Argo,Argo,https://www.imdb.com/title/tt1024648/,Filme,7.7,120,2012,"Biografia, Drama, História, Suspense",664472,2012-11-09,Ben Affleck,232.3,1.9358333333333335,2012.0
587,tt0116209,2014-10-26,2014-10-26,DIDN'T WATCH. $232.0,O Paciente Inglês,The English Patient,https://www.imdb.com/title/tt0116209/,Filme,7.4,162,1996,"Drama, Romance, Guerra",212942,1997-02-21,Anthony Minghella,232.0,1.4320987654320987,1997.0
588,tt0105417,2014-10-26,2014-10-26,DIDN'T WATCH. $231.6,Mudança de Hábito,Sister Act,https://www.imdb.com/title/tt0105417/,Filme,6.6,100,1992,"Comédia, Família, Musical",117902,1992-10-30,Emile Ardolino,231.6,2.316,1992.0
589,tt0328828,2014-10-26,2014-10-26,WATCHED. $231.4,American Pie: O Casamento,American Wedding,https://www.imdb.com/title/tt0328828/,Filme,6.3,96,2003,Comédia,228425,2003-11-28,Jesse Dylan,231.4,2.410416666666667,2003.0
590,tt0467406,2014-10-26,2014-10-26,WATCHED. $231.4,Juno,Juno,https://www.imdb.com/title/tt0467406/,Filme,7.4,96,2007,"Comédia, Drama",571124,2008-02-22,Jason Reitman,231.4,2.410416666666667,2008.0
591,tt0360486,2014-10-26,2014-10-26,WATCHED. $230.9,Constantine,Constantine,https://www.imdb.com/title/tt0360486/,Filme,7.0,121,2005,"Ação, Fantasia, Terror, Mistério",405780,2005-03-11,Francis Lawrence,230.9,1.9082644628099175,2005.0
592,tt0425061,2014-10-26,2014-10-26,WATCHED. $230.7,Agente 86,Get Smart,https://www.imdb.com/title/tt0425061/,Filme,6.5,110,2008,"Ação, Aventura, Comédia",237100,2008-06-20,Peter Segal,230.7,2.097272727272727,2008.0
593,tt0117705,2014-10-26,2014-10-26,WATCHED. $230.4,Space Jam - O Jogo do Século,Space Jam,https://www.imdb.com/title/tt0117705/,Filme,6.5,88,1996,"Animação, Aventura, Comédia, Família, Fantasia, Ficção científica, Esportes",228909,1996-12-25,Joe Pytka,230.4,2.618181818181818,1996.0
594,tt2404463,2014-10-26,2014-10-26,WILL WATCH. $229.9,As Bem-Armadas,The Heat,https://www.imdb.com/title/tt2404463/,Filme,6.6,117,2013,"Ação, Comédia, Policial",188037,2013-09-20,Paul Feig,229.9,1.964957264957265,2013.0
595,tt0453451,2014-10-26,2014-10-26,WATCHED. $229.7,As Férias de Mr. Bean,Mr. Bean's Holiday,https://www.imdb.com/title/tt0453451/,Filme,6.4,90,2007,"Comédia, Família",141680,2007-04-06,Steve Bendelack,229.7,2.552222222222222,2007.0
596,tt0118799,2014-10-26,2014-10-26,DIDN'T WATCH TILL THE END. $229.2,A Vida é Bela,La vita è bella,https://www.imdb.com/title/tt0118799/,Filme,8.6,116,1997,"Comédia, Drama, Romance, Guerra",808523,1999-02-05,Roberto Benigni,229.2,1.975862068965517,1999.0
597,tt1289401,2016-09-03,2016-12-16,WILL WATCH. $229.1,Caça-Fantasmas,Ghostbusters,https://www.imdb.com/title/tt1289401/,Filme,6.8,117,2016,"Ação, Comédia, Fantasia, Ficção científica",258063,2016-07-14,Paul Feig,229.1,1.958119658119658,2016.0
598,tt0259324,2014-10-26,2014-10-26,WATCHED. $228.7,Motoqueiro Fantasma,Ghost Rider,https://www.imdb.com/title/tt0259324/,Filme,5.3,110,2007,"Ação, Fantasia, Suspense",267942,2007-03-02,Mark Steven Johnson,228.7,2.079090909090909,2007.0
599,tt5061814,2016-04-18,2016-04-18,DIDN'T WATCH. $228.1,Xia Luo te fan nao,Xia Luo te fan nao,https://www.imdb.com/title/tt5061814/,Filme,6.7,104,2015,"Comédia, Drama, Fantasia, Romance",4084,2015-09-30,"Da-Mo Peng, Fei Yan",228.1,2.1932692307692307,2015.0
600,tt0097733,2014-10-26,2014-10-26,DIDN'T WATCH. $227.9,Máquina Mortífera 2,Lethal Weapon 2,https://www.imdb.com/title/tt0097733/,Filme,7.3,114,1989,"Ação, Policial, Suspense",200583,1989-09-21,Richard Donner,227.9,1.999122807017544,1989.0
601,tt0990407,2014-10-26,2014-10-26,WATCHED. $227.8,O Besouro Verde,The Green Hornet,https://www.imdb.com/title/tt0990407/,Filme,5.8,119,2011,"Ação, Comédia, Policial",168793,2011-02-18,Michel Gondry,227.8,1.9142857142857144,2011.0
602,tt0108160,2014-10-26,2014-10-26,WATCHED. $227.8,Sintonia de Amor,Sleepless in Seattle,https://www.imdb.com/title/tt0108160/,Filme,6.8,105,1993,"Comédia, Drama, Romance",206284,1993-11-26,Nora Ephron,227.8,2.1695238095238096,1993.0
603,tt0089755,2016-08-26,2016-08-26,WILL WATCH. $227.5,Entre Dois Amores,Out of Africa,https://www.imdb.com/title/tt0089755/,Filme,7.2,161,1985,"Biografia, Drama, Romance",92529,1986-03-20,Sydney Pollack,227.5,1.4130434782608696,1986.0
604,tt1253864,2014-10-26,2014-10-26,DIDN'T WATCH. $226.9,Imortais,Immortals,https://www.imdb.com/title/tt1253864/,Filme,6.0,110,2011,"Ação, Drama, Fantasia, Romance",182792,2011-12-30,Tarsem Singh,226.9,2.062727272727273,2011.0
605,tt3890160,2017-10-25,2017-10-25,WATCHED. $226.8,Em Ritmo de Fuga,Baby Driver,https://www.imdb.com/title/tt3890160/,Filme,7.5,113,2017,"Ação, Policial, Drama, Musical",679676,2017-07-27,Edgar Wright,226.8,2.0070796460176994,2017.0
606,tt0936501,2014-10-26,2014-10-26,WILL WATCH. $226.8,Busca Implacável,Taken,https://www.imdb.com/title/tt0936501/,Filme,7.7,90,2008,"Ação, Policial, Suspense",669682,2008-10-03,Pierre Morel,226.8,2.52,2008.0
607,tt0814255,2014-10-26,2014-10-26,WATCHED. $226.5,Percy Jackson e o Ladrão de Raios,Percy Jackson & the Olympians: The Lightning Thief,https://www.imdb.com/title/tt0814255/,Filme,5.9,118,2010,"Aventura, Família, Fantasia",214618,2010-02-12,Chris Columbus,226.5,1.9194915254237288,2010.0
608,tt1428538,2014-10-26,2014-10-26,DIDN'T WATCH. $226.3,João e Maria: Caçadores de Bruxas,Hansel & Gretel: Witch Hunters,https://www.imdb.com/title/tt1428538/,Filme,6.1,88,2013,"Ação, Fantasia, Terror",226202,2013-01-25,Tommy Wirkola,226.3,2.5715909090909093,2013.0
609,tt0119217,2014-10-26,2014-10-26,DIDN'T WATCH. $225.9,Gênio Indomável,Good Will Hunting,https://www.imdb.com/title/tt0119217/,Filme,8.4,126,1997,"Drama, Romance",1206991,1998-02-20,Gus Van Sant,225.9,1.792857142857143,1998.0
610,tt1285016,2014-10-26,2014-10-26,WATCHED. $224.9,A Rede Social,The Social Network,https://www.imdb.com/title/tt1285016/,Filme,7.8,120,2010,"Biografia, Drama",815461,2010-12-03,David Fincher,224.9,1.8741666666666668,2010.0
611,tt0120630,2014-10-26,2014-10-26,WATCHED. $224.8,A Fuga das Galinhas,Chicken Run,https://www.imdb.com/title/tt0120630/,Filme,7.1,84,2000,"Animação, Aventura, Comédia, Drama, Família",224289,2000-12-22,"Peter Lord, Nick Park",224.8,2.6761904761904765,2000.0
612,tt0118880,2014-10-26,2014-10-26,DIDN'T WATCH. $224.0,Con Air: A Rota de Fuga,Con Air,https://www.imdb.com/title/tt0118880/,Filme,6.9,115,1997,"Ação, Policial, Suspense",338104,1997-06-20,Simon West,224.0,1.9478260869565218,1997.0
613,tt0110148,2014-10-26,2014-10-26,DIDN'T WATCH. $223.7,Entrevista com o Vampiro,Interview with the Vampire: The Vampire Chronicles,https://www.imdb.com/title/tt0110148/,Filme,7.5,123,1994,"Drama, Fantasia, Terror",375047,1994-12-16,Neil Jordan,223.7,1.8186991869918698,1994.0
614,tt0408790,2014-10-26,2014-10-26,DIDN'T WATCH. $223.4,Plano de Vôo,Flightplan,https://www.imdb.com/title/tt0408790/,Filme,6.3,98,2005,"Drama, Mistério, Suspense",184975,2005-10-21,Robert Schwentke,223.4,2.279591836734694,2005.0
615,tt1068680,2014-10-26,2014-10-26,WATCHED. $223.2,Sim Senhor,Yes Man,https://www.imdb.com/title/tt1068680/,Filme,6.8,104,2008,"Comédia, Romance",403683,2009-01-30,Peyton Reed,223.2,2.146153846153846,2009.0
616,tt2239822,2017-09-07,2017-09-28,WILL WATCH. $223.2,Valerian e a Cidade dos Mil Planetas,Valerian and the City of a Thousand Planets,https://www.imdb.com/title/tt2239822/,Filme,6.4,136,2017,"Animação, Ação, Aventura, Fantasia, Ficção científica",208808,2017-08-10,Luc Besson,223.2,1.6411764705882352,2017.0
617,tt2024469,2014-10-26,2016-03-17,WILL WATCH. $222.8,Sem Escalas,Non-Stop,https://www.imdb.com/title/tt2024469/,Filme,6.9,106,2014,"Ação, Mistério, Suspense",286864,2014-02-28,Jaume Collet-Serra,222.8,2.1018867924528304,2014.0
618,tt0097523,2014-10-26,2014-10-26,WATCHED. $222.7,"Querida, Encolhi as Crianças","Honey, I Shrunk the Kids",https://www.imdb.com/title/tt0097523/,Filme,6.4,93,1989,"Aventura, Comédia, Família, Ficção científica",176464,1990-01-18,Joe Johnston,222.7,2.3946236559139784,1990.0
619,tt0361596,2014-10-26,2014-10-26,WATCHED. $222.4,Fahrenheit 11 de Setembro,Fahrenheit 9/11,https://www.imdb.com/title/tt0361596/,Filme,7.5,122,2004,"Documentário, Drama, Guerra",134913,2004-07-30,Michael Moore,222.4,1.8229508196721311,2004.0
620,tt0489099,2014-10-26,2014-10-26,WATCHED. $222.2,Jumper,Jumper,https://www.imdb.com/title/tt0489099/,Filme,6.1,88,2008,"Ação, Aventura, Ficção científica, Suspense",336932,2008-03-28,Doug Liman,222.2,2.525,2008.0
621,tt0120891,2014-10-26,2014-10-26,DIDN'T WATCH. $222.1,As Loucas Aventuras de James West,Wild Wild West,https://www.imdb.com/title/tt0120891/,Filme,4.9,106,1999,"Ação, Comédia, Ficção científica, Faroeste",173106,1999-07-09,Barry Sonnenfeld,222.1,2.0952830188679243,1999.0
622,tt0100404,2014-10-26,2014-10-26,DIDN'T WATCH. $221.3,Acima de Qualquer Suspeita,Presumed Innocent,https://www.imdb.com/title/tt0100404/,Filme,6.9,127,1990,"Mistério, Suspense",52418,1990-10-26,Alan J. Pakula,221.3,1.7425196850393703,1990.0
623,tt0306047,2014-10-26,2014-10-26,WATCHED. $220.7,Todo Mundo em Pânico 3,Scary Movie 3,https://www.imdb.com/title/tt0306047/,Filme,5.6,84,2003,Comédia,171042,2004-01-09,David Zucker,220.7,2.6273809523809524,2004.0
624,tt0319343,2014-10-26,2014-10-26,WILL WATCH. $220.4,Um Duende em Nova York,Elf,https://www.imdb.com/title/tt0319343/,Filme,7.1,97,2003,"Aventura, Comédia, Família, Fantasia, Romance",345749,2003-12-05,Jon Favreau,220.4,2.272164948453608,2003.0
625,tt3062096,2016-12-04,2017-04-03,WATCHED. $220.0,Inferno,Inferno,https://www.imdb.com/title/tt3062096/,Filme,6.2,121,2016,"Ação, Aventura, Policial, Drama, Mistério, Suspense",201735,2016-10-13,Ron Howard,220.0,1.8181818181818181,2016.0
626,tt1133985,2014-10-26,2014-10-26,WATCHED. $219.9,Lanterna Verde,Green Lantern,https://www.imdb.com/title/tt1133985/,Filme,5.5,114,2011,"Ação, Aventura, Ficção científica",307902,2011-08-19,Martin Campbell,219.9,1.9289473684210527,2011.0
627,tt0362227,2014-10-26,2014-10-26,WATCHED. $219.4,O Terminal,The Terminal,https://www.imdb.com/title/tt0362227/,Filme,7.4,128,2004,"Comédia, Drama, Romance",533074,2004-09-10,Steven Spielberg,219.4,1.7140625,2004.0
628,tt1033643,2014-10-26,2014-10-26,WATCHED. $219.4,Jogo de Amor em Las Vegas,What Happens in Vegas,https://www.imdb.com/title/tt1033643/,Filme,6.1,99,2008,"Comédia, Romance",194913,2008-06-27,Tom Vaughan,219.4,2.216161616161616,2008.0
629,tt1230414,2014-10-26,2014-10-26,DIDN'T WATCH. $219.1,Simplesmente Complicado,It's Complicated,https://www.imdb.com/title/tt1230414/,Filme,6.6,121,2009,"Comédia, Drama, Romance",102855,2010-02-26,Nancy Meyers,219.1,1.8107438016528925,2010.0
630,tt0478311,2014-10-26,2014-10-26,WATCHED. $219.1,Ligeiramente Grávidos,Knocked Up,https://www.imdb.com/title/tt0478311/,Filme,6.9,129,2007,"Comédia, Romance",397778,2007-09-21,Judd Apatow,219.1,1.6984496124031008,2007.0
631,tt1535109,2014-10-26,2014-10-26,WATCHED. $218.8,Capitão Phillips,Captain Phillips,https://www.imdb.com/title/tt1535109/,Filme,7.8,134,2013,"Ação, Biografia, Policial, Drama, Suspense",517785,2013-11-08,Paul Greengrass,218.8,1.6328358208955225,2013.0
632,tt0120794,2014-10-26,2014-10-26,WATCHED. $218.6,O Príncipe do Egito,The Prince of Egypt,https://www.imdb.com/title/tt0120794/,Filme,7.2,99,1998,"Animação, Aventura, Drama, Família, Fantasia, Musical",160821,1998-12-25,"Brenda Chapman, Steve Hickner, Simon Wells",218.6,2.208080808080808,1998.0
633,tt0790724,2014-10-26,2014-10-26,DIDN'T WATCH. $218.3,Jack Reacher: O Último Tiro,Jack Reacher,https://www.imdb.com/title/tt0790724/,Filme,7.0,130,2012,"Ação, Suspense",390062,2013-01-11,Christopher McQuarrie,218.3,1.6792307692307693,2013.0
634,tt0369339,2014-10-26,2014-10-26,DIDN'T WATCH. $217.8,Colateral,Collateral,https://www.imdb.com/title/tt0369339/,Filme,7.5,120,2004,"Ação, Policial, Drama, Suspense",465413,2004-08-27,Michael Mann,217.8,1.8150000000000002,2004.0
635,tt0829150,2014-11-11,2015-11-13,WILL WATCH. $217.1,Drácula: A História Nunca Contada,Dracula Untold,https://www.imdb.com/title/tt0829150/,Filme,6.2,92,2014,"Ação, Drama, Fantasia, Terror",222150,2014-10-23,Gary Shore,217.1,2.359782608695652,2014.0
636,tt1489889,2016-09-08,2016-11-06,DIDN'T WATCH. $217.0,Um Espião e Meio,Central Intelligence,https://www.imdb.com/title/tt1489889/,Filme,6.3,107,2016,"Ação, Comédia, Policial",237165,2016-08-11,Rawson Marshall Thurber,217.0,2.02803738317757,2016.0
637,tt4877122,2017-10-25,2017-12-06,"DIDN'T WATCH. $216.9still ongoing, not yet final",Emoji: O Filme,The Emoji Movie,https://www.imdb.com/title/tt4877122/,Filme,3.5,86,2017,"Animação, Aventura, Comédia, Família, Fantasia, Ficção científica",79138,2017-08-31,Tony Leondis,216.9,2.522093023255814,2017.0
638,tt0405159,2014-10-26,2014-10-26,DIDN'T WATCH. $216.8,Menina de Ouro,Million Dollar Baby,https://www.imdb.com/title/tt0405159/,Filme,8.1,132,2004,"Drama, Esportes",763378,2005-02-11,Clint Eastwood,216.8,1.6424242424242426,2005.0
639,tt2637276,2015-09-18,2016-01-29,WILL WATCH. $216.7,Ted 2,Ted 2,https://www.imdb.com/title/tt2637276/,Filme,6.3,115,2015,Comédia,259077,2015-08-27,Seth MacFarlane,216.7,1.8843478260869564,2015.0
640,tt1454029,2014-10-26,2014-10-26,WATCHED. $216.6,Histórias Cruzadas,The Help,https://www.imdb.com/title/tt1454029/,Filme,8.1,146,2011,Drama,526549,2012-02-03,Tate Taylor,216.6,1.4835616438356165,2012.0
641,tt0096320,2014-10-26,2014-10-26,DIDN'T WATCH. $216.6,Irmãos Gêmeos,Twins,https://www.imdb.com/title/tt0096320/,Filme,6.2,107,1988,"Comédia, Policial",148218,1989-02-24,Ivan Reitman,216.6,2.0242990654205606,1989.0
642,tt0817230,2014-10-26,2014-10-26,WATCHED. $216.5,Idas e Vindas do Amor,Valentine's Day,https://www.imdb.com/title/tt0817230/,Filme,5.8,125,2010,"Comédia, Romance",130450,2010-02-19,Garry Marshall,216.5,1.732,2010.0
643,tt1284575,2014-10-26,2014-10-26,DIDN'T WATCH. $216.2,Professora Sem Classe,Bad Teacher,https://www.imdb.com/title/tt1284575/,Filme,5.7,92,2011,"Comédia, Romance",222325,2011-08-19,Jake Kasdan,216.2,2.35,2011.0
644,tt0109444,2014-10-26,2014-10-26,DIDN'T WATCH. $215.9,Perigo Real e Imediato,Clear and Present Danger,https://www.imdb.com/title/tt0109444/,Filme,6.9,141,1994,"Ação, Policial, Drama, Suspense",115809,1994-09-30,Phillip Noyce,215.9,1.5312056737588653,1994.0
645,tt0055254,2014-10-26,2014-10-26,WATCHED. $215.9,101 Dálmatas,One Hundred and One Dalmatians,https://www.imdb.com/title/tt0055254/,Filme,7.3,79,1961,"Animação, Aventura, Comédia, Família",195702,1961-01-25,"Clyde Geronimi, Hamilton Luske, Wolfgang Reitherman",215.9,2.732911392405063,1961.0
646,tt0103874,2014-10-26,2014-10-26,WATCHED. $215.9,Drácula de Bram Stoker,Bram Stoker's Dracula,https://www.imdb.com/title/tt0103874/,Filme,7.4,128,1992,"Fantasia, Terror, Romance",267873,1992-12-25,Francis Ford Coppola,215.9,1.68671875,1992.0
647,tt0190865,2014-10-26,2014-10-26,DIDN'T WATCH. $215.7,Limite Vertical,Vertical Limit,https://www.imdb.com/title/tt0190865/,Filme,6.0,124,2000,"Ação, Aventura, Drama, Esportes, Suspense",68962,2001-02-09,Martin Campbell,215.7,1.739516129032258,2001.0
648,tt0097428,2014-10-26,2014-10-26,WATCHED. $215.4,Os Caça-Fantasmas 2,Ghostbusters II,https://www.imdb.com/title/tt0097428/,Filme,6.6,108,1989,"Ação, Comédia, Fantasia, Ficção científica",239041,1989-12-14,Ivan Reitman,215.4,1.9944444444444445,1989.0
649,tt0187393,2014-10-26,2014-10-26,DIDN'T WATCH. $215.3,O Patriota,The Patriot,https://www.imdb.com/title/tt0187393/,Filme,7.2,165,2000,"Ação, Drama, Guerra",311535,2000-07-21,Roland Emmerich,215.3,1.304848484848485,2000.0
650,tt0963966,2014-10-26,2014-10-26,WATCHED. $215.3,O Aprendiz de Feiticeiro,The Sorcerer's Apprentice,https://www.imdb.com/title/tt0963966/,Filme,6.1,109,2010,"Ação, Aventura, Família, Fantasia",176276,2010-08-13,Jon Turteltaub,215.3,1.9752293577981652,2010.0
651,tt1564367,2014-10-26,2014-10-26,DIDN'T WATCH. $214.9,Esposa de Mentirinha,Just Go with It,https://www.imdb.com/title/tt1564367/,Filme,6.4,117,2011,"Comédia, Romance",288317,2011-03-04,Dennis Dugan,214.9,1.8367521367521369,2011.0
652,tt2333784,2014-10-26,2017-01-20,WILL WATCH. $214.7,Os Mercenários 3,The Expendables 3,https://www.imdb.com/title/tt2333784/,Filme,6.1,126,2014,"Ação, Aventura, Comédia, Policial, Suspense",205526,2014-08-21,Patrick Hughes,214.7,1.703968253968254,2014.0
653,tt1152836,2014-10-26,2014-10-26,DIDN'T WATCH. $214.1,Inimigos Públicos,Public Enemies,https://www.imdb.com/title/tt1152836/,Filme,6.9,140,2009,"Biografia, Policial, Drama, História",334199,2009-07-24,Michael Mann,214.1,1.5292857142857141,2009.0
654,tt0258463,2014-10-26,2014-10-26,WATCHED. $214.0,A Identidade Bourne,The Bourne Identity,https://www.imdb.com/title/tt0258463/,Filme,7.8,119,2002,"Ação, Mistério, Suspense",611121,2002-10-11,Doug Liman,214.0,1.7983193277310925,2002.0
655,tt0109635,2014-10-26,2014-10-26,DIDN'T WATCH. $214.0,Assédio Sexual,Disclosure,https://www.imdb.com/title/tt0109635/,Filme,6.2,128,1994,"Drama, Suspense",57938,1995-01-25,Barry Levinson,214.0,1.671875,1995.0
656,tt0092890,2014-10-26,2014-10-26,WILL WATCH. $214.0,Dirty Dancing: Ritmo quente,Dirty Dancing,https://www.imdb.com/title/tt0092890/,Filme,7.1,100,1987,"Drama, Musical, Romance",278803,1988-01-28,Emile Ardolino,214.0,2.14,1988.0
657,tt0110912,2014-10-26,2014-10-26,DIDN'T WATCH. $213.9,Pulp Fiction: Tempo de Violência,Pulp Fiction,https://www.imdb.com/title/tt0110912/,Filme,8.8,154,1994,"Policial, Drama",2421733,1995-03-03,Quentin Tarantino,213.9,1.388961038961039,1995.0
658,tt0338751,2014-10-26,2014-10-26,DIDN'T WATCH. $213.7,O Aviador,The Aviator,https://www.imdb.com/title/tt0338751/,Filme,7.5,170,2004,"Biografia, Drama",406471,2005-02-11,Martin Scorsese,213.7,1.2570588235294118,2005.0
659,tt0190332,2014-10-26,2014-10-26,WATCHED. $213.5,O Tigre e o Dragão,Wo hu cang long,https://www.imdb.com/title/tt0190332/,Filme,7.9,120,2000,"Ação, Aventura, Drama, Fantasia, Romance",293470,2001-02-16,Ang Lee,213.5,1.7791666666666666,2001.0
660,tt2180411,2015-04-01,2016-03-17,WILL WATCH. $213.1,Caminhos da Floresta,Into the Woods,https://www.imdb.com/title/tt2180411/,Filme,5.9,125,2014,"Aventura, Comédia, Drama, Família, Fantasia, Musical",153382,2015-01-29,Rob Marshall,213.1,1.7047999999999999,2015.0
661,tt0960731,2014-10-26,2014-10-26,WATCHED. $212.9,Um Faz de Conta Que Acontece,Bedtime Stories,https://www.imdb.com/title/tt0960731/,Filme,6.0,99,2008,"Aventura, Comédia, Família, Fantasia, Romance, Ficção científica",105997,2009-01-23,Adam Shankman,212.9,2.1505050505050507,2009.0
662,tt0212346,2014-10-26,2014-10-26,WATCHED. $212.7,Miss Simpatia,Miss Congeniality,https://www.imdb.com/title/tt0212346/,Filme,6.4,109,2000,"Ação, Comédia, Policial, Romance",247100,2001-04-27,Donald Petrie,212.7,1.9513761467889907,2001.0
663,tt0137494,2014-10-26,2014-10-26,WATCHED. $212.4,Armadilha,Entrapment,https://www.imdb.com/title/tt0137494/,Filme,6.3,113,1999,"Ação, Policial, Romance, Suspense",129487,1999-06-03,Jon Amiel,212.4,1.879646017699115,1999.0
664,tt0112281,2014-10-26,2014-10-26,DIDN'T WATCH. $212.4,Ace Ventura 2: Um Maluco na África,Ace Ventura: When Nature Calls,https://www.imdb.com/title/tt0112281/,Filme,6.4,90,1995,"Aventura, Comédia, Policial",248309,1995-12-25,Steve Oedekerk,212.4,2.36,1995.0
665,tt0311113,2014-10-26,2014-10-26,DIDN'T WATCH. $212.0,Mestre dos Mares: O Lado Mais Distante do Mundo,Master and Commander: The Far Side of the World,https://www.imdb.com/title/tt0311113/,Filme,7.5,138,2003,"Ação, Aventura, Drama, Guerra",254478,2004-01-30,Peter Weir,212.0,1.536231884057971,2004.0
666,tt0146675,2014-10-26,2014-10-26,DIDN'T WATCH. $212.0,Fim dos Dias,End of Days,https://www.imdb.com/title/tt0146675/,Filme,5.8,122,1999,"Ação, Fantasia, Terror, Suspense",122348,1999-12-03,Peter Hyams,212.0,1.7377049180327868,1999.0
667,tt1473832,2017-01-20,2017-01-20,WILL WATCH. $212.0,O Bebê de Bridget Jones,Bridget Jones's Baby,https://www.imdb.com/title/tt1473832/,Filme,6.4,123,2016,"Comédia, Drama, Romance",90972,2016-09-29,Sharon Maguire,212.0,1.7235772357723578,2016.0
668,tt1217613,2014-10-26,2014-10-26,WATCHED. $211.8,Invasão do Mundo: Batalha de Los Angeles,Battle: Los Angeles,https://www.imdb.com/title/tt1217613/,Filme,5.7,116,2011,"Ação, Aventura, Ficção científica",190133,2011-03-18,Jonathan Liebesman,211.8,1.8258620689655174,2011.0
669,tt2713180,2015-01-14,2015-02-15,WILL WATCH. $211.8,Corações de Ferro,Fury,https://www.imdb.com/title/tt2713180/,Filme,7.6,134,2014,"Ação, Drama, Guerra",604400,2015-02-05,David Ayer,211.8,1.5805970149253732,2015.0
670,tt1231583,2014-10-26,2014-10-26,DIDN'T WATCH. $211.8,Um Parto de Viagem,Due Date,https://www.imdb.com/title/tt1231583/,Filme,6.5,95,2010,"Comédia, Drama",370880,2010-11-05,Todd Phillips,211.8,2.2294736842105265,2010.0
671,tt0320661,2014-10-26,2014-10-26,DIDN'T WATCH. $211.7,Cruzada,Kingdom of Heaven,https://www.imdb.com/title/tt0320661/,Filme,7.3,144,2005,"Ação, Aventura, Drama, História, Guerra",350917,2005-05-06,Ridley Scott,211.7,1.4701388888888889,2005.0
672,tt0097757,2014-10-26,2014-10-26,WATCHED. $211.3,A Pequena Sereia,The Little Mermaid,https://www.imdb.com/title/tt0097757/,Filme,7.6,83,1989,"Animação, Aventura, Família, Fantasia, Musical, Romance",310555,1990-11-30,"Ron Clements, John Musker",211.3,2.545783132530121,1990.0
673,tt0455824,2014-10-26,2014-10-26,DIDN'T WATCH. $211.3,Austrália,Australia,https://www.imdb.com/title/tt0455824/,Filme,6.6,165,2008,"Aventura, Drama, Romance, Guerra, Faroeste",133516,2009-01-23,Baz Luhrmann,211.3,1.2806060606060607,2009.0
674,tt1136608,2014-10-26,2014-10-26,WATCHED. $210.8,Distrito 9,District 9,https://www.imdb.com/title/tt1136608/,Filme,7.9,112,2009,"Ação, Ficção científica, Suspense",750306,2009-10-16,Neill Blomkamp,210.8,1.8821428571428573,2009.0
675,tt0112573,2014-10-26,2014-10-26,WATCHED. $210.4,Coração Valente,Braveheart,https://www.imdb.com/title/tt0112573/,Filme,8.3,178,1995,"Biografia, Drama, Guerra",1156833,1995-07-14,Mel Gibson,210.4,1.1820224719101124,1995.0
676,tt0079574,2014-10-26,2014-10-26,DIDN'T WATCH. $210.3,007 Contra o Foguete da Morte,Moonraker,https://www.imdb.com/title/tt0079574/,Filme,6.3,126,1979,"Ação, Aventura, Ficção científica, Suspense",116787,1979-09-05,Lewis Gilbert,210.3,1.6690476190476191,1979.0
677,tt0230600,2014-10-26,2014-10-26,WATCHED. $209.9,Os Outros,The Others,https://www.imdb.com/title/tt0230600/,Filme,7.6,101,2001,"Terror, Mistério, Suspense",425156,2001-11-01,Alejandro Amenábar,209.9,2.0782178217821783,2001.0
678,tt1499658,2014-10-26,2014-10-26,DIDN'T WATCH. $209.6,Quero Matar Meu Chefe,Horrible Bosses,https://www.imdb.com/title/tt1499658/,Filme,6.9,98,2011,"Comédia, Policial",486722,2011-08-05,Seth Gordon,209.6,2.1387755102040815,2011.0
679,tt0289765,2014-10-26,2014-10-26,DIDN'T WATCH. $209.2,Dragão Vermelho,Red Dragon,https://www.imdb.com/title/tt0289765/,Filme,7.2,124,2002,"Policial, Drama, Suspense",310687,2002-11-01,Brett Ratner,209.2,1.6870967741935483,2002.0
680,tt1964418,2015-07-01,2017-09-07,WATCHED. $209.2,Tomorrowland - Um Lugar Onde Nada é Impossível,Tomorrowland,https://www.imdb.com/title/tt1964418/,Filme,6.4,130,2015,"Ação, Aventura, Família, Fantasia, Mistério, Ficção científica",199099,2015-06-04,Brad Bird,209.2,1.6092307692307692,2015.0
681,tt0339291,2014-10-26,2014-10-26,WATCHED. $209.1,Desventuras em Série,A Series of Unfortunate Events,https://www.imdb.com/title/tt0339291/,Filme,6.8,108,2004,"Aventura, Comédia, Família, Fantasia",230698,2005-01-21,Brad Silberling,209.1,1.9361111111111111,2005.0
682,tt1599348,2014-10-26,2014-10-26,DIDN'T WATCH. $208.1,Protegendo o Inimigo,Safe House,https://www.imdb.com/title/tt1599348/,Filme,6.7,115,2012,"Ação, Suspense",249093,2012-03-16,Daniel Espinosa,208.1,1.8095652173913044,2012.0
683,tt2674426,2016-09-08,2017-10-25,WATCHED. $207.9,Como Eu Era Antes de Você,Me Before You,https://www.imdb.com/title/tt2674426/,Filme,7.4,110,2016,"Drama, Romance",331657,2016-06-16,Thea Sharrock,207.9,1.8900000000000001,2016.0
684,tt0257076,2014-10-26,2014-10-26,DIDN'T WATCH. $207.7,S.W.A.T.: Comando Especial,S.W.A.T.,https://www.imdb.com/title/tt0257076/,Filme,6.1,117,2003,"Ação, Aventura, Policial, Suspense",159626,2003-11-28,Clark Johnson,207.7,1.7752136752136751,2003.0
685,tt0181865,2014-10-26,2014-10-26,DIDN'T WATCH. $207.5,Traffic - Ninguém Sai Limpo,Traffic,https://www.imdb.com/title/tt0181865/,Filme,7.5,147,2000,"Policial, Drama, Suspense",229861,2001-03-16,Steven Soderbergh,207.5,1.41156462585034,2001.0
686,tt1981128,2017-11-20,2017-12-06,"DIDN'T WATCH. $207.5still ongoing, not yet final",Tempestade: Planeta em Fúria,Geostorm,https://www.imdb.com/title/tt1981128/,Filme,5.4,111,2017,"Ação, Ficção científica, Suspense",132081,2017-10-19,Dean Devlin,207.5,1.8693693693693694,2017.0
687,tt0232500,2014-10-26,2014-10-26,WATCHED. $207.3,Velozes & Furiosos,The Fast and the Furious,https://www.imdb.com/title/tt0232500/,Filme,6.8,106,2001,"Ação, Policial, Suspense",454891,2001-09-28,Rob Cohen,207.3,1.9556603773584906,2001.0
688,tt1778304,2014-10-26,2014-10-26,WATCHED. $207.0,Atividade Paranormal 3,Paranormal Activity 3,https://www.imdb.com/title/tt1778304/,Filme,5.8,83,2011,"Terror, Mistério, Suspense",104183,2011-10-21,"Henry Joost, Ariel Schulman",207.0,2.4939759036144578,2011.0
689,tt0107818,2014-10-26,2014-10-26,DIDN'T WATCH. $206.7,Filadélfia,Philadelphia,https://www.imdb.com/title/tt0107818/,Filme,7.7,125,1993,Drama,272949,1994-03-04,Jonathan Demme,206.7,1.6536,1994.0
690,tt0162661,2014-10-26,2014-10-26,DIDN'T WATCH. $206.1,A Lenda do Cavaleiro Sem Cabeça,Sleepy Hollow,https://www.imdb.com/title/tt0162661/,Filme,7.3,105,1999,"Fantasia, Terror, Mistério",411316,2000-01-28,Tim Burton,206.1,1.9628571428571429,2000.0
691,tt0061852,2014-10-26,2014-10-26,WATCHED. $205.8,Mogli: O Menino Lobo,The Jungle Book,https://www.imdb.com/title/tt0061852/,Filme,7.6,78,1967,"Animação, Aventura, Comédia, Família, Musical",212334,1968-12-26,Wolfgang Reitherman,205.8,2.6384615384615384,1968.0
692,tt3300542,2017-01-20,2017-06-04,WILL WATCH. $205.8,Invasão a Londres,London Has Fallen,https://www.imdb.com/title/tt3300542/,Filme,5.9,99,2016,"Ação, Suspense",179928,2016-04-07,Babak Najafi,205.8,2.078787878787879,2016.0
693,tt2017561,2017-02-11,2017-02-11,DIDN'T WATCH. $205.6,Xi you: Xiang mo pian,Xi you: Xiang mo pian,https://www.imdb.com/title/tt2017561/,Filme,6.7,110,2013,"Ação, Aventura, Comédia, Fantasia, Romance",15033,2013-02-07,"Stephen Chow, Chi-Kin Kwok",205.6,1.8690909090909091,2013.0
694,tt0102138,2014-10-26,2014-10-26,DIDN'T WATCH. $205.4,JFK: A Pergunta que Não Quer Calar,JFK,https://www.imdb.com/title/tt0102138/,Filme,8.0,189,1991,"Drama, História, Suspense",181457,1991-12-20,Oliver Stone,205.4,1.0867724867724868,1991.0
695,tt2334879,2014-10-26,2014-10-26,WATCHED. $205.4,O Ataque,White House Down,https://www.imdb.com/title/tt2334879/,Filme,6.3,131,2013,"Ação, Drama, Suspense",248269,2013-09-06,Roland Emmerich,205.4,1.56793893129771,2013.0
696,tt1142988,2014-10-26,2014-10-26,WATCHED. $205.3,A Verdade Nua e Crua,The Ugly Truth,https://www.imdb.com/title/tt1142988/,Filme,6.4,96,2009,"Comédia, Romance",241099,2009-09-18,Robert Luketic,205.3,2.138541666666667,2009.0
697,tt0457939,2014-10-26,2014-10-26,WATCHED. $205.1,O Amor Não Tira Férias,The Holiday,https://www.imdb.com/title/tt0457939/,Filme,7.0,136,2006,"Comédia, Romance",365919,2006-12-22,Nancy Meyers,205.1,1.5080882352941176,2006.0
698,tt0452594,2014-10-26,2014-10-26,WATCHED. $205.0,Separados pelo Casamento,The Break-Up,https://www.imdb.com/title/tt0452594/,Filme,5.8,106,2006,"Comédia, Drama, Romance",145177,2006-07-14,Peyton Reed,205.0,1.9339622641509433,2006.0
699,tt0879870,2014-10-26,2014-10-26,WILL WATCH. $204.6,"Comer, Rezar, Amar",Eat Pray Love,https://www.imdb.com/title/tt0879870/,Filme,5.9,133,2010,"Biografia, Comédia, Drama, Romance",113393,2010-10-01,Ryan Murphy,204.6,1.5383458646616541,2010.0
700,tt0349683,2014-10-26,2014-10-26,DIDN'T WATCH. $203.6,Rei Arthur,King Arthur,https://www.imdb.com/title/tt0349683/,Filme,6.3,126,2004,"Ação, Aventura, Drama, Guerra",182460,2004-09-17,Antoine Fuqua,203.6,1.615873015873016,2004.0
701,tt2719848,2015-11-25,2016-03-17,WILL WATCH. $203.4,Evereste,Everest,https://www.imdb.com/title/tt2719848/,Filme,7.1,121,2015,"Aventura, Biografia, Drama, Suspense",246293,2015-09-24,Baltasar Kormákur,203.4,1.6809917355371902,2015.0
702,tt0259711,2014-10-26,2014-10-26,WILL WATCH. $203.4,Vanilla Sky,Vanilla Sky,https://www.imdb.com/title/tt0259711/,Filme,6.9,136,2001,"Fantasia, Mistério, Romance, Ficção científica, Suspense",307388,2002-01-25,Cameron Crowe,203.4,1.4955882352941177,2002.0
703,tt2369135,2014-10-26,2014-10-26,WATCHED. $203.3,Need for Speed: O Filme,Need for Speed,https://www.imdb.com/title/tt2369135/,Filme,6.4,132,2014,"Ação, Policial, Drama, Suspense",186197,2014-03-13,Scott Waugh,203.3,1.5401515151515153,2014.0
704,tt0427327,2014-10-26,2014-10-26,WATCHED. $202.5,Hairspray: Em Busca da Fama,Hairspray,https://www.imdb.com/title/tt0427327/,Filme,6.7,117,2007,"Comédia, Drama, Musical, Romance",145238,2007-10-05,Adam Shankman,202.5,1.7307692307692308,2007.0
705,tt0129290,2014-10-26,2014-10-26,DIDN'T WATCH. $202.3,"Patch Adams, o Amor é Contagioso",Patch Adams,https://www.imdb.com/title/tt0129290/,Filme,6.9,115,1998,"Biografia, Comédia, Drama, Romance",129473,1999-03-19,Tom Shadyac,202.3,1.7591304347826089,1999.0
706,tt2543164,2017-06-10,2017-06-10,WATCHED. $202.1,A Chegada,Arrival,https://www.imdb.com/title/tt2543164/,Filme,7.9,116,2016,"Drama, Mistério, Ficção científica",856574,2016-11-24,Denis Villeneuve,202.1,1.7422413793103448,2016.0
707,tt0369441,2014-10-26,2014-10-26,DIDN'T WATCH. $202.0,As Loucuras de Dick e Jane,Fun with Dick and Jane,https://www.imdb.com/title/tt0369441/,Filme,6.2,90,2005,"Comédia, Policial",162535,2006-01-20,Dean Parisot,202.0,2.2444444444444445,2006.0
708,tt0100758,2014-10-26,2014-10-26,DIDN'T WATCH. $202.0,As Tartarugas Ninja,Teenage Mutant Ninja Turtles,https://www.imdb.com/title/tt0100758/,Filme,6.8,93,1990,"Ação, Aventura, Comédia, Família, Ficção científica",112105,1990-09-21,Steve Barron,202.0,2.172043010752688,1990.0
709,tt0099938,2014-10-26,2014-10-26,DIDN'T WATCH. $202.0,Um Tira no Jardim de Infância,Kindergarten Cop,https://www.imdb.com/title/tt0099938/,Filme,6.3,111,1990,"Ação, Comédia, Policial",174582,1991-01-25,Ivan Reitman,202.0,1.8198198198198199,1991.0
710,tt0876563,2014-10-26,2014-10-26,WATCHED. $201.8,Ponyo: Uma Amizade que Veio do Mar,Gake no ue no Ponyo,https://www.imdb.com/title/tt0876563/,Filme,7.6,101,2008,"Animação, Aventura, Comédia, Família, Fantasia",183898,,Hayao Miyazaki,201.8,1.9980198019801982,
711,tt1398426,2015-11-13,2016-01-31,DIDN'T WATCH. $201.6,Straight Outta Compton: A História do N.W.A.,Straight Outta Compton,https://www.imdb.com/title/tt1398426/,Filme,7.8,147,2015,"Biografia, Drama, História, Musical, Musical",232988,2015-10-29,F. Gary Gray,201.6,1.3714285714285714,2015.0
712,tt1232829,2014-10-26,2014-10-26,WATCHED. $201.6,Anjos da Lei,21 Jump Street,https://www.imdb.com/title/tt1232829/,Filme,7.2,109,2012,"Ação, Comédia, Policial",642848,2012-05-04,"Phil Lord, Christopher Miller",201.6,1.8495412844036696,2012.0
713,tt1302067,2014-10-26,2014-10-26,DIDN'T WATCH. $201.6,Zé Colmeia: O Filme,Yogi Bear,https://www.imdb.com/title/tt1302067/,Filme,4.6,81,2010,"Animação, Aventura, Comédia, Família",24635,2011-01-21,Eric Brevig,201.6,2.488888888888889,2011.0
714,tt1753383,2017-10-13,2017-10-13,WILL WATCH. $201.0,Quatro Vidas de um Cachorro,A Dog's Purpose,https://www.imdb.com/title/tt1753383/,Filme,7.3,100,2017,"Aventura, Comédia, Drama, Família, Fantasia",86004,2017-01-26,Lasse Hallström,201.0,2.01,2017.0
715,tt0356634,2014-10-26,2014-10-26,WATCHED. $200.8,Garfield: O Filme,Garfield: The Movie,https://www.imdb.com/title/tt0356634/,Filme,5.1,80,2004,"Aventura, Comédia, Família, Fantasia",100399,2004-07-16,Peter Hewitt,200.8,2.5100000000000002,2004.0
716,tt0239395,2014-10-26,2014-10-26,WATCHED. $200.7,Como Cães e Gatos,Cats & Dogs,https://www.imdb.com/title/tt0239395/,Filme,5.2,87,2001,"Ação, Aventura, Comédia, Família, Fantasia",65476,2001-10-05,Lawrence Guterman,200.7,2.306896551724138,2001.0
717,tt0099810,2014-10-26,2014-10-26,DIDN'T WATCH. $200.5,A Caçada ao Outubro Vermelho,The Hunt for Red October,https://www.imdb.com/title/tt0099810/,Filme,7.5,135,1990,"Ação, Aventura, Suspense",229986,1990-07-20,John McTiernan,200.5,1.4851851851851852,1990.0
718,tt0985699,2014-10-26,2014-10-26,DIDN'T WATCH. $200.3,Operação Valquíria,Valkyrie,https://www.imdb.com/title/tt0985699/,Filme,7.1,121,2008,"Drama, História, Suspense, Guerra",274074,2009-02-13,Bryan Singer,200.3,1.6553719008264465,2009.0
