id,first_name,last_name,email,gender,part_time_job,absence_days,extracurricular_activities,weekly_self_study_hours,career_aspiration,math_score,history_score,physics_score,chemistry_score,biology_score,english_score,geography_score
1,Paul,Casey,paul.casey.1@gslingacademy.com,male,False,3,False,27,Lawyer,73,81,93,97,63,80,87
2,Elizabeth,Martin,elizabeth.martin.2@gslingacademy.com,female,False,5,True,27,Lawyer,71,85,93,68,100,91,87
3,Sandra,Thornton,sandra.thornton.3@gslingacademy.com,female,False,2,False,24,Lawyer,99,81,73,70,85,86,61
4,Brittany,Koch,brittany.koch.4@gslingacademy.com,female,False,5,False,33,Lawyer,83,86,61,99,99,88,73
5,Derrick,Figueroa,derrick.figueroa.5@gslingacademy.com,male,True,0,False,28,Lawyer,100,93,85,61,96,83,86
6,Cathy,Wilson,cathy.wilson.6@gslingacademy.com,female,False,1,False,29,Lawyer,70,99,79,96,60,97,100
7,Matthew,Jackson,matthew.jackson.7@gslingacademy.com,male,False,0,False,34,Lawyer,92,90,65,79,96,87,74
8,Rebecca,Norris,rebecca.norris.8@gslingacademy.com,female,False,1,False,34,Lawyer,91,98,76,99,65,98,71
9,John,Bennett,john.bennett.9@gslingacademy.com,male,False,1,False,33,Lawyer,100,96,75,68,77,97,81
10,Jason,Bell,jason.bell.10@gslingacademy.com,male,False,1,False,31,Lawyer,73,99,75,70,100,86,62
11,Kathryn,Frazier,kathryn.frazier.11@gslingacademy.com,female,False,3,False,34,Lawyer,94,88,65,88,60,81,78
12,Kyle,James,kyle.james.12@gslingacademy.com,male,False,2,False,27,Lawyer,87,82,95,81,85,84,73
13,Robert,Swanson,robert.swanson.13@gslingacademy.com,male,False,3,False,35,Lawyer,90,88,94,99,92,87,97
14,Jessica,Waters,jessica.waters.14@gslingacademy.com,female,False,3,False,31,Lawyer,91,96,77,76,80,97,80
15,Randy,Rodriguez,randy.rodriguez.15@gslingacademy.com,male,False,1,False,24,Lawyer,90,89,82,74,67,92,82
16,Robert,Salazar,robert.salazar.16@gslingacademy.com,male,False,1,True,33,Lawyer,76,81,96,74,75,80,98
17,Benjamin,Davis,benjamin.davis.17@gslingacademy.com,male,False,3,False,30,Lawyer,85,94,83,76,77,81,92
18,Penny,Zuniga,penny.zuniga.18@gslingacademy.com,female,False,7,True,30,Lawyer,84,97,60,100,83,88,94
19,Laura,Miller,laura.miller.19@gslingacademy.com,female,False,1,True,26,Lawyer,74,92,81,79,74,85,86
20,Matthew,Anderson,matthew.anderson.20@gslingacademy.com,male,False,2,False,27,Lawyer,70,88,60,68,66,82,60
21,Cody,Jimenez,cody.jimenez.21@gslingacademy.com,male,False,1,False,32,Lawyer,100,89,95,63,67,92,75
22,Wayne,Lane,wayne.lane.22@gslingacademy.com,male,False,8,True,32,Lawyer,96,95,61,72,71,83,96
23,Brenda,Collins,brenda.collins.23@gslingacademy.com,female,False,2,True,26,Lawyer,71,81,99,74,74,82,67
24,Casey,Galvan,casey.galvan.24@gslingacademy.com,male,False,1,False,25,Lawyer,95,89,96,89,60,99,93
25,Courtney,Rodriguez,courtney.rodriguez.25@gslingacademy.com,female,False,1,False,24,Lawyer,99,97,68,85,86,85,73
26,Jennifer,Kemp,jennifer.kemp.26@gslingacademy.com,female,False,1,False,34,Lawyer,98,93,67,74,81,87,76
27,Susan,Brown,susan.brown.27@gslingacademy.com,female,False,3,False,29,Lawyer,94,82,81,90,76,97,86
28,Taylor,Nelson,taylor.nelson.28@gslingacademy.com,female,False,3,True,32,Lawyer,79,81,63,79,96,96,89
29,Christina,Patterson,christina.patterson.29@gslingacademy.com,female,False,3,False,29,Lawyer,78,90,69,100,90,91,90
30,Stephen,Gallagher,stephen.gallagher.30@gslingacademy.com,male,False,1,False,33,Lawyer,95,82,62,76,64,91,79
31,Sandra,Prince,sandra.prince.31@gslingacademy.com,female,False,0,False,29,Lawyer,70,94,67,74,84,95,65
32,John,Owen,john.owen.32@gslingacademy.com,male,False,6,False,34,Lawyer,82,85,72,69,63,99,68
33,Christopher,Murphy,christopher.murphy.33@gslingacademy.com,male,False,2,False,26,Lawyer,98,88,76,72,92,81,89
34,Andrew,Thomas,andrew.thomas.34@gslingacademy.com,male,False,0,False,29,Lawyer,98,87,75,63,85,88,75
35,Charles,Reid,charles.reid.35@gslingacademy.com,male,False,3,True,28,Lawyer,76,87,99,69,89,93,85
36,Gary,Rivera,gary.rivera.36@gslingacademy.com,male,False,6,False,34,Lawyer,89,89,85,74,78,87,82
37,Wendy,Warner,wendy.warner.37@gslingacademy.com,female,False,4,False,31,Lawyer,80,93,93,94,81,81,78
38,Gary,Patel,gary.patel.38@gslingacademy.com,male,False,1,False,28,Lawyer,91,88,98,89,75,91,92
39,Kelly,Schwartz,kelly.schwartz.39@gslingacademy.com,female,False,4,True,33,Lawyer,84,89,74,79,86,93,95
40,Brittany,Orozco,brittany.orozco.40@gslingacademy.com,female,False,4,True,34,Lawyer,87,94,74,84,77,82,85
41,William,Smith,william.smith.41@gslingacademy.com,male,False,3,False,25,Lawyer,77,80,88,84,84,92,82
42,Kyle,Williams,kyle.williams.42@gslingacademy.com,male,False,6,False,27,Lawyer,85,92,62,95,65,89,95
43,Patricia,Hall,patricia.hall.43@gslingacademy.com,female,False,7,False,26,Lawyer,80,90,85,89,85,80,68
44,Philip,Walker,philip.walker.44@gslingacademy.com,male,False,5,False,27,Lawyer,84,86,90,80,72,99,85
45,Lauren,Cordova,lauren.cordova.45@gslingacademy.com,female,True,3,False,28,Lawyer,96,93,100,96,97,81,72
46,Donald,Coleman,donald.coleman.46@gslingacademy.com,male,False,9,True,24,Lawyer,95,82,84,69,63,85,69
47,Katie,Davenport,katie.davenport.47@gslingacademy.com,female,False,2,False,26,Lawyer,77,96,86,84,90,85,91
48,William,Kennedy,william.kennedy.48@gslingacademy.com,male,False,4,False,29,Lawyer,81,88,85,89,81,91,98
49,Kenneth,Clark,kenneth.clark.49@gslingacademy.com,male,False,1,True,27,Lawyer,86,97,72,90,95,99,76
50,Curtis,Bennett,curtis.bennett.50@gslingacademy.com,male,False,6,True,25,Lawyer,70,83,63,86,97,88,79
51,Debra,Gutierrez,debra.gutierrez.51@gslingacademy.com,female,False,9,False,26,Lawyer,76,83,90,68,96,94,87
52,Linda,West,linda.west.52@gslingacademy.com,female,True,7,False,34,Lawyer,75,82,89,65,85,89,81
53,Ebony,Shepherd,ebony.shepherd.53@gslingacademy.com,female,False,1,False,32,Lawyer,83,84,96,96,79,80,81
54,Craig,Graham,craig.graham.54@gslingacademy.com,male,False,7,False,31,Lawyer,95,87,96,97,83,93,88
55,Kendra,Dalton,kendra.dalton.55@gslingacademy.com,female,False,4,False,27,Lawyer,74,84,71,93,65,98,61
56,Patrick,Kirk,patrick.kirk.56@gslingacademy.com,male,False,5,False,31,Lawyer,71,92,60,73,74,86,94
57,Randy,Lopez,randy.lopez.57@gslingacademy.com,male,False,2,False,26,Lawyer,97,100,87,90,96,86,93
58,Andre,Hoffman,andre.hoffman.58@gslingacademy.com,male,False,2,False,31,Lawyer,100,96,67,63,91,96,84
59,Stephanie,Hernandez,stephanie.hernandez.59@gslingacademy.com,female,False,1,True,28,Lawyer,100,92,66,96,76,88,77
60,Alexander,Mitchell,alexander.mitchell.60@gslingacademy.com,male,False,5,False,35,Lawyer,85,90,89,98,100,97,95
61,Regina,Spencer,regina.spencer.61@gslingacademy.com,female,False,1,False,31,Lawyer,86,85,66,94,62,86,92
62,Michael,Mccarthy,michael.mccarthy.62@gslingacademy.com,male,False,5,False,29,Lawyer,77,92,65,62,76,84,100
63,Bradley,Avery,bradley.avery.63@gslingacademy.com,male,False,3,False,30,Lawyer,80,81,75,72,71,84,87
64,Anna,Wolf,anna.wolf.64@gslingacademy.com,female,False,0,True,29,Lawyer,92,82,63,61,66,84,98
65,Brian,Griffin,brian.griffin.65@gslingacademy.com,male,False,3,True,31,Lawyer,81,98,71,92,74,93,63
66,Natasha,Butler,natasha.butler.66@gslingacademy.com,female,False,5,False,28,Lawyer,85,99,64,78,63,95,91
67,Christopher,Lester,christopher.lester.67@gslingacademy.com,male,False,8,False,31,Lawyer,97,80,60,98,86,83,75
68,Nichole,Harrington,nichole.harrington.68@gslingacademy.com,female,False,6,False,28,Lawyer,72,88,62,60,97,86,64
69,Ashley,Baker,ashley.baker.69@gslingacademy.com,female,False,5,False,29,Lawyer,86,95,95,72,72,80,65
70,Lacey,Norris,lacey.norris.70@gslingacademy.com,female,False,8,False,30,Lawyer,86,98,97,75,83,95,80
71,Kyle,Garcia,kyle.garcia.71@gslingacademy.com,male,False,9,False,34,Lawyer,91,88,79,60,82,96,83
72,Trevor,Stark,trevor.stark.72@gslingacademy.com,male,True,3,False,31,Lawyer,86,92,66,66,100,99,91
73,William,Fleming,william.fleming.73@gslingacademy.com,male,False,1,False,28,Lawyer,72,93,68,62,83,98,67
74,George,Kerr,george.kerr.74@gslingacademy.com,male,True,1,False,34,Lawyer,94,82,83,76,83,93,94
75,Jennifer,Salas,jennifer.salas.75@gslingacademy.com,female,False,6,True,32,Lawyer,78,92,77,100,61,82,61
76,Rebecca,Clark,rebecca.clark.76@gslingacademy.com,female,False,3,False,28,Lawyer,87,99,70,81,62,90,91
77,Robert,Ross,robert.ross.77@gslingacademy.com,male,False,3,False,32,Lawyer,91,92,64,69,82,94,61
78,Katherine,Taylor,katherine.taylor.78@gslingacademy.com,female,False,0,False,33,Lawyer,88,83,62,88,100,83,84
79,Larry,Bruce,larry.bruce.79@gslingacademy.com,male,False,5,False,31,Lawyer,99,81,80,89,75,83,93
80,Ronald,Brewer,ronald.brewer.80@gslingacademy.com,male,False,2,True,28,Lawyer,100,94,76,60,95,90,66
81,Joan,Frederick,joan.frederick.81@gslingacademy.com,female,False,4,False,26,Lawyer,94,91,98,94,88,97,94
82,Jessica,Smith,jessica.smith.82@gslingacademy.com,female,False,1,False,24,Lawyer,88,100,89,87,76,89,85
83,Jesus,Jones,jesus.jones.83@gslingacademy.com,male,False,4,False,31,Lawyer,81,92,97,73,90,90,60
84,Elizabeth,Smith,elizabeth.smith.84@gslingacademy.com,female,False,0,False,29,Lawyer,100,92,67,89,90,83,89
85,Christina,Martinez,christina.martinez.85@gslingacademy.com,female,False,10,False,33,Lawyer,94,89,96,98,61,95,67
86,Kathleen,Simpson,kathleen.simpson.86@gslingacademy.com,female,False,7,False,31,Lawyer,100,94,94,87,65,83,95
87,Calvin,Huynh,calvin.huynh.87@gslingacademy.com,male,False,1,False,33,Lawyer,86,86,64,61,97,97,91
88,Christina,Velasquez,christina.velasquez.88@gslingacademy.com,female,False,1,False,33,Lawyer,94,85,78,66,95,87,95
89,Krista,Myers,krista.myers.89@gslingacademy.com,female,False,3,False,34,Lawyer,72,86,69,81,67,98,72
90,Connor,Mitchell,connor.mitchell.90@gslingacademy.com,male,False,10,False,33,Lawyer,72,80,84,91,96,93,74
91,Michael,Ferguson,michael.ferguson.91@gslingacademy.com,male,False,3,False,26,Lawyer,85,87,85,69,80,99,93
92,Jeremy,Cook,jeremy.cook.92@gslingacademy.com,male,False,2,True,27,Lawyer,83,89,95,70,95,80,70
93,Peter,Peck,peter.peck.93@gslingacademy.com,male,False,2,False,24,Lawyer,96,88,68,95,67,95,75
94,Michael,Vance,michael.vance.94@gslingacademy.com,male,False,4,False,29,Lawyer,71,93,90,89,69,94,79
95,Allison,Hendricks,allison.hendricks.95@gslingacademy.com,female,False,2,False,35,Lawyer,89,90,99,91,94,96,85
96,Daniel,Lee,daniel.lee.96@gslingacademy.com,male,True,1,False,29,Lawyer,90,84,90,81,92,83,69
97,Jeffrey,Conley,jeffrey.conley.97@gslingacademy.com,male,False,0,False,30,Lawyer,80,84,82,69,91,80,96
98,Jennifer,Arnold,jennifer.arnold.98@gslingacademy.com,female,False,1,False,26,Lawyer,90,100,89,69,100,95,94
99,Renee,Smith,renee.smith.99@gslingacademy.com,female,False,0,False,25,Lawyer,87,87,69,71,74,91,74
100,Austin,Sanders,austin.sanders.100@gslingacademy.com,male,False,1,False,24,Lawyer,84,95,87,100,96,92,76
101,Leslie,Mercado,leslie.mercado.101@gslingacademy.com,female,False,5,False,32,Lawyer,81,90,82,80,98,81,91
102,Maria,Perkins,maria.perkins.102@gslingacademy.com,female,False,5,False,35,Lawyer,86,86,100,86,94,87,85
103,Laura,Sanders,laura.sanders.103@gslingacademy.com,female,False,1,False,33,Lawyer,100,82,85,68,97,81,100
104,Karen,Ramsey,karen.ramsey.104@gslingacademy.com,female,False,4,False,31,Lawyer,73,95,78,79,84,89,96
105,Gary,Odonnell,gary.odonnell.105@gslingacademy.com,male,False,1,True,25,Lawyer,76,87,98,88,94,86,64
106,Anthony,Arnold,anthony.arnold.106@gslingacademy.com,male,False,2,False,31,Lawyer,96,83,97,100,85,92,69
107,Deanna,Coleman,deanna.coleman.107@gslingacademy.com,female,False,5,False,29,Lawyer,90,89,70,90,83,82,87
108,Matthew,Bartlett,matthew.bartlett.108@gslingacademy.com,male,False,5,True,27,Lawyer,81,94,61,86,72,97,82
109,Charlotte,Zuniga,charlotte.zuniga.109@gslingacademy.com,female,False,8,False,34,Lawyer,83,94,93,62,92,98,94
110,Christopher,Evans,christopher.evans.110@gslingacademy.com,male,False,5,False,26,Lawyer,77,86,62,85,72,98,90
111,Laura,Barber,laura.barber.111@gslingacademy.com,female,False,2,True,34,Lawyer,97,89,76,61,91,91,70
112,Jon,Mendoza,jon.mendoza.112@gslingacademy.com,male,False,2,False,32,Lawyer,95,95,92,61,63,81,100
113,Eric,Erickson,eric.erickson.113@gslingacademy.com,male,False,4,False,32,Lawyer,87,82,74,77,100,93,65
114,Shane,Lopez,shane.lopez.114@gslingacademy.com,male,False,1,False,29,Lawyer,78,80,72,65,90,99,95
115,Eric,Obrien,eric.obrien.115@gslingacademy.com,male,False,3,False,26,Lawyer,71,92,92,96,81,81,85
116,Kevin,Joyce,kevin.joyce.116@gslingacademy.com,male,True,4,False,27,Lawyer,72,85,92,83,84,96,81
117,Patricia,Phelps,patricia.phelps.117@gslingacademy.com,female,False,4,True,34,Lawyer,87,90,98,90,83,94,84
118,Sydney,Wood,sydney.wood.118@gslingacademy.com,female,False,2,False,27,Lawyer,76,100,94,81,60,85,73
119,Erin,Cannon,erin.cannon.119@gslingacademy.com,female,True,0,False,34,Lawyer,91,85,81,93,100,87,77
120,Amber,Stuart,amber.stuart.120@gslingacademy.com,female,False,4,True,35,Lawyer,98,88,88,89,90,90,90
121,Joseph,Jones,joseph.jones.121@gslingacademy.com,male,False,2,False,35,Lawyer,90,89,96,94,100,88,85
122,Chad,Gomez,chad.gomez.122@gslingacademy.com,male,True,3,False,30,Lawyer,97,88,94,75,66,91,64
123,Renee,Smith,renee.smith.123@gslingacademy.com,female,False,1,False,34,Lawyer,99,81,92,86,65,99,79
124,Joseph,Garcia,joseph.garcia.124@gslingacademy.com,male,False,2,False,34,Lawyer,89,97,77,90,93,87,90
125,Michael,York,michael.york.125@gslingacademy.com,male,False,2,False,27,Lawyer,97,81,71,77,90,86,80
126,Jonathon,Wilson,jonathon.wilson.126@gslingacademy.com,male,False,0,False,27,Lawyer,77,99,94,81,80,87,98
127,Steven,Webster,steven.webster.127@gslingacademy.com,male,False,2,False,26,Lawyer,94,93,92,67,61,85,94
128,Robin,Reeves,robin.reeves.128@gslingacademy.com,female,False,6,False,25,Lawyer,81,82,69,94,88,95,84
129,Michael,Davis,michael.davis.129@gslingacademy.com,male,False,2,False,33,Lawyer,83,91,76,71,82,82,79
130,Christopher,Mcconnell,christopher.mcconnell.130@gslingacademy.com,male,False,2,True,26,Lawyer,73,85,80,64,69,95,64
131,Bridget,Martin,bridget.martin.131@gslingacademy.com,female,False,2,False,32,Lawyer,90,96,95,80,93,95,67
132,Sabrina,Davis,sabrina.davis.132@gslingacademy.com,female,False,7,False,27,Lawyer,88,81,73,70,60,95,68
133,Kyle,Novak,kyle.novak.133@gslingacademy.com,male,False,1,False,35,Lawyer,100,87,85,90,92,99,94
134,Michelle,Lopez,michelle.lopez.134@gslingacademy.com,female,False,2,False,32,Lawyer,72,95,71,74,84,97,66
135,Vicki,Jackson,vicki.jackson.135@gslingacademy.com,female,False,2,True,33,Lawyer,89,89,69,87,69,97,79
136,Allison,Henderson,allison.henderson.136@gslingacademy.com,female,False,3,False,27,Lawyer,87,86,83,80,90,90,61
137,Alison,Palmer,alison.palmer.137@gslingacademy.com,female,False,2,False,30,Lawyer,80,81,96,92,100,91,87
138,Charlotte,Rowe,charlotte.rowe.138@gslingacademy.com,female,False,4,False,27,Lawyer,88,96,79,70,95,90,99
139,Leroy,Romero,leroy.romero.139@gslingacademy.com,male,False,4,True,30,Lawyer,87,97,96,71,77,85,77
140,Cassandra,Weber,cassandra.weber.140@gslingacademy.com,female,False,8,False,26,Lawyer,98,84,100,96,58,87,71
141,Dylan,Willis,dylan.willis.141@gslingacademy.com,male,False,3,True,36,Lawyer,93,86,73,74,76,88,91
142,Steven,Sullivan,steven.sullivan.142@gslingacademy.com,male,False,6,False,23,Lawyer,74,94,94,62,51,90,72
143,Mia,Mcdonald,mia.mcdonald.143@gslingacademy.com,female,False,5,True,32,Lawyer,90,96,87,98,69,91,76
144,Meghan,Allen,meghan.allen.144@gslingacademy.com,female,False,2,False,26,Lawyer,95,92,83,71,72,93,84
145,Tim,Myers,tim.myers.145@gslingacademy.com,male,False,1,True,24,Lawyer,92,89,71,62,90,87,100
146,Eva,Watkins,eva.watkins.146@gslingacademy.com,female,False,3,True,33,Lawyer,77,91,86,79,79,90,90
147,Dolores,Johnson,dolores.johnson.147@gslingacademy.com,female,False,4,False,28,Lawyer,85,81,82,87,64,90,77
148,Michelle,Knox,michelle.knox.148@gslingacademy.com,female,True,4,True,29,Lawyer,97,81,78,84,69,84,60
149,Madelyn,Poole,madelyn.poole.149@gslingacademy.com,female,False,0,True,27,Lawyer,75,94,70,85,88,93,81
150,Jeffery,Miles,jeffery.miles.150@gslingacademy.com,male,False,6,False,29,Lawyer,76,87,81,63,61,90,71
151,Derek,Pena,derek.pena.151@gslingacademy.com,male,False,3,False,30,Lawyer,81,82,69,88,79,100,69
152,Cody,Lester,cody.lester.152@gslingacademy.com,male,False,1,True,33,Lawyer,76,81,91,77,92,92,73
153,Rylee,Miller,rylee.miller.153@gslingacademy.com,female,False,5,False,26,Lawyer,78,90,100,88,80,100,77
154,Francisco,Snyder,francisco.snyder.154@gslingacademy.com,male,False,0,True,25,Lawyer,85,86,87,46,76,81,77
155,Meghan,Dougherty,meghan.dougherty.155@gslingacademy.com,female,False,2,False,32,Lawyer,91,84,76,74,87,81,74
156,Jayden,Gordon,jayden.gordon.156@gslingacademy.com,male,False,0,False,26,Lawyer,87,96,71,64,70,93,87
157,Hailey,Novak,hailey.novak.157@gslingacademy.com,female,True,4,False,32,Lawyer,78,86,84,44,100,93,82
158,John,Patel,john.patel.158@gslingacademy.com,male,False,4,True,33,Lawyer,83,86,81,95,65,84,75
159,Diego,Jimenez,diego.jimenez.159@gslingacademy.com,male,False,5,False,32,Lawyer,99,85,93,80,75,90,56
160,Brayden,Pitts,brayden.pitts.160@gslingacademy.com,male,False,1,False,33,Lawyer,84,80,84,88,76,93,62
161,Earl,Howell,earl.howell.161@gslingacademy.com,male,False,5,True,32,Lawyer,79,91,90,86,100,83,100
162,Melissa,Hodge,melissa.hodge.162@gslingacademy.com,female,False,0,True,29,Lawyer,77,87,90,83,53,89,99
163,Riley,Buck,riley.buck.163@gslingacademy.com,female,False,0,False,26,Lawyer,84,98,81,88,79,91,80
164,Emma,Mccann,emma.mccann.164@gslingacademy.com,female,False,0,False,32,Lawyer,88,86,68,68,60,87,73
165,Taylor,Gallagher,taylor.gallagher.165@gslingacademy.com,female,False,1,False,26,Lawyer,84,95,80,75,69,89,71
166,Alfred,Hood,alfred.hood.166@gslingacademy.com,male,False,1,True,27,Lawyer,76,93,80,82,76,85,79
167,Allison,Bailey,allison.bailey.167@gslingacademy.com,female,False,0,True,27,Lawyer,94,86,88,78,80,100,81
168,Peter,Daniels,peter.daniels.168@gslingacademy.com,male,True,1,False,31,Lawyer,68,93,77,100,89,87,84
169,Nathan,Luna,nathan.luna.169@gslingacademy.com,male,False,1,True,35,Lawyer,93,91,61,87,85,87,91
170,Emma,Watkins,emma.watkins.170@gslingacademy.com,female,False,4,False,23,Lawyer,80,90,88,74,68,92,84
171,Elizabeth,Miranda,elizabeth.miranda.171@gslingacademy.com,female,False,0,True,33,Lawyer,84,97,78,87,87,90,79
172,Jayden,Baxter,jayden.baxter.172@gslingacademy.com,male,False,8,False,31,Lawyer,75,81,67,88,83,91,68
173,Bianca,Munoz,bianca.munoz.173@gslingacademy.com,female,False,1,False,37,Lawyer,91,81,78,72,100,93,70
174,Marissa,Jefferson,marissa.jefferson.174@gslingacademy.com,female,False,3,False,28,Lawyer,83,80,75,73,80,76,82
175,Naomi,Finley,naomi.finley.175@gslingacademy.com,female,False,1,True,32,Lawyer,96,89,82,75,79,87,85
176,Oliver,Juarez,oliver.juarez.176@gslingacademy.com,male,False,3,True,30,Lawyer,66,94,76,71,78,90,58
177,Joan,Boyd,joan.boyd.177@gslingacademy.com,female,False,2,False,23,Lawyer,80,79,83,67,94,81,98
178,Jessie,Rose,jessie.rose.178@gslingacademy.com,male,False,2,True,30,Lawyer,78,79,85,76,95,90,82
179,Harold,Carlson,harold.carlson.179@gslingacademy.com,male,True,5,True,32,Lawyer,87,85,78,97,79,96,86
180,Adam,Cannon,adam.cannon.180@gslingacademy.com,male,False,0,False,32,Lawyer,100,90,75,87,62,88,76
181,Diego,Mccoy,diego.mccoy.181@gslingacademy.com,male,False,5,True,21,Lawyer,90,86,86,75,76,86,75
182,Leroy,Mitchell,leroy.mitchell.182@gslingacademy.com,male,False,9,False,33,Lawyer,80,88,88,80,97,82,98
183,Benjamin,Tanner,benjamin.tanner.183@gslingacademy.com,male,False,0,True,26,Lawyer,82,90,88,78,65,98,62
184,Rafael,Edwards,rafael.edwards.184@gslingacademy.com,male,False,3,True,29,Lawyer,79,90,65,87,100,90,96
185,Nathan,Allen,nathan.allen.185@gslingacademy.com,male,False,4,False,26,Lawyer,82,87,71,90,73,90,78
186,Jaime,Bates,jaime.bates.186@gslingacademy.com,male,True,9,False,30,Lawyer,91,81,92,61,100,86,67
187,Darius,Hanson,darius.hanson.187@gslingacademy.com,male,False,1,False,29,Lawyer,91,84,83,100,75,90,81
188,Lauren,Andrews,lauren.andrews.188@gslingacademy.com,female,False,0,False,31,Lawyer,87,88,73,96,81,91,48
189,Howard,Barnett,howard.barnett.189@gslingacademy.com,male,False,0,False,28,Lawyer,82,96,76,84,77,100,75
190,Alice,Watkins,alice.watkins.190@gslingacademy.com,female,True,2,False,33,Lawyer,85,93,60,82,95,87,86
191,Reed,Mcbride,reed.mcbride.191@gslingacademy.com,male,False,4,True,30,Lawyer,78,93,62,67,85,100,73
192,Courtney,Vargas,courtney.vargas.192@gslingacademy.com,female,False,4,False,28,Lawyer,77,87,67,67,92,98,76
193,Vivian,Woods,vivian.woods.193@gslingacademy.com,female,False,1,True,32,Lawyer,100,94,69,78,100,96,86
194,Eliana,Knox,eliana.knox.194@gslingacademy.com,female,False,0,False,26,Lawyer,80,82,68,59,91,93,73
195,Clara,Kirby,clara.kirby.195@gslingacademy.com,female,False,4,True,28,Lawyer,100,90,77,68,69,98,76
196,Brett,Mccall,brett.mccall.196@gslingacademy.com,male,False,5,False,29,Lawyer,87,87,48,74,89,84,82
197,Darius,Hood,darius.hood.197@gslingacademy.com,male,False,3,True,29,Lawyer,64,88,88,88,100,90,94
198,Benjamin,Fernandez,benjamin.fernandez.198@gslingacademy.com,male,False,0,False,28,Lawyer,100,79,75,50,98,78,91
199,Terri,Farley,terri.farley.199@gslingacademy.com,female,False,4,True,24,Lawyer,81,95,76,66,56,96,92
200,Amelia,Carter,amelia.carter.200@gslingacademy.com,female,True,5,True,28,Lawyer,87,86,81,74,90,100,94
201,Scarlett,Simpson,scarlett.simpson.201@gslingacademy.com,female,False,6,False,24,Lawyer,89,86,88,92,74,96,71
202,Martin,Snyder,martin.snyder.202@gslingacademy.com,male,False,2,False,35,Lawyer,87,97,95,89,64,84,89
203,Ernesto,Huff,ernesto.huff.203@gslingacademy.com,male,True,0,True,24,Lawyer,84,89,72,84,88,83,86
204,Frederick,Rogers,frederick.rogers.204@gslingacademy.com,male,False,8,False,29,Lawyer,77,92,79,77,100,87,66
205,Teresa,Bush,teresa.bush.205@gslingacademy.com,female,False,6,False,33,Lawyer,94,82,72,98,81,82,84
206,Frederick,Oneal,frederick.oneal.206@gslingacademy.com,male,False,1,False,29,Lawyer,96,92,98,89,100,76,100
207,Melanie,Bennett,melanie.bennett.207@gslingacademy.com,female,False,3,False,24,Lawyer,78,92,68,67,98,95,72
208,Gabrielle,Alexander,gabrielle.alexander.208@gslingacademy.com,female,False,1,False,33,Lawyer,85,94,87,81,62,93,84
209,Gerald,Jones,gerald.jones.209@gslingacademy.com,male,False,3,True,33,Lawyer,94,90,76,91,92,95,76
210,Reagan,Lutz,reagan.lutz.210@gslingacademy.com,female,False,8,False,28,Lawyer,72,89,79,98,73,88,76
211,Austin,Romero,austin.romero.211@gslingacademy.com,male,False,2,True,28,Lawyer,91,100,87,66,88,94,82
212,Taylor,Brennan,taylor.brennan.212@gslingacademy.com,female,False,0,True,28,Lawyer,97,79,85,98,91,79,91
213,Maxwell,Baxter,maxwell.baxter.213@gslingacademy.com,male,False,2,True,32,Lawyer,97,90,94,81,83,90,84
214,Paul,Espinoza,paul.espinoza.214@gslingacademy.com,male,False,1,True,34,Lawyer,89,82,97,92,100,87,96
215,Clayton,Rice,clayton.rice.215@gslingacademy.com,male,False,1,False,29,Lawyer,89,89,100,78,62,86,66
216,Kathy,Henderson,kathy.henderson.216@gslingacademy.com,female,False,3,True,20,Lawyer,90,83,89,90,100,94,98
217,Kylie,Moon,kylie.moon.217@gslingacademy.com,female,False,0,True,32,Lawyer,79,94,82,72,100,94,78
218,Graham,Boyd,graham.boyd.218@gslingacademy.com,male,False,3,False,29,Lawyer,83,92,85,94,88,91,94
219,Madelyn,Simpson,madelyn.simpson.219@gslingacademy.com,female,False,3,True,33,Lawyer,88,90,80,51,71,90,72
220,Kristen,Dixon,kristen.dixon.220@gslingacademy.com,female,True,0,False,24,Lawyer,88,88,82,82,86,87,77
221,Danielle,Potter,danielle.potter.221@gslingacademy.com,female,False,1,True,23,Lawyer,88,82,78,75,84,100,62
222,Hunter,Willis,hunter.willis.222@gslingacademy.com,male,False,0,False,26,Lawyer,92,90,75,71,91,88,63
223,Vicki,Romero,vicki.romero.223@gslingacademy.com,female,False,1,True,31,Lawyer,90,93,82,65,75,95,96
224,Carlos,Figueroa,carlos.figueroa.224@gslingacademy.com,male,True,3,False,26,Lawyer,85,84,76,81,100,93,77
225,Kaylee,Reyes,kaylee.reyes.225@gslingacademy.com,female,True,2,False,33,Lawyer,89,77,76,100,88,77,85
226,Jack,Estes,jack.estes.226@gslingacademy.com,male,True,1,True,26,Lawyer,89,99,98,66,71,89,90
227,Emma,Mendoza,emma.mendoza.227@gslingacademy.com,female,False,3,False,31,Lawyer,86,97,81,72,72,91,58
228,Christy,Peterson,christy.peterson.228@gslingacademy.com,female,True,0,True,29,Lawyer,74,95,80,80,72,87,69
229,Francisco,Brown,francisco.brown.229@gslingacademy.com,male,False,0,False,36,Lawyer,81,88,76,77,70,86,84
230,Hector,Herrera,hector.herrera.230@gslingacademy.com,male,False,2,False,32,Lawyer,82,90,86,94,76,96,76
231,Lillian,Morrison,lillian.morrison.231@gslingacademy.com,female,False,2,False,32,Lawyer,72,86,82,76,96,90,66
232,Cecilia,Kerr,cecilia.kerr.232@gslingacademy.com,female,False,1,False,24,Lawyer,90,87,66,59,84,92,67
233,Jesse,Li,jesse.li.233@gslingacademy.com,male,True,3,True,32,Lawyer,98,89,87,100,77,96,84
234,Walter,Cohen,walter.cohen.234@gslingacademy.com,male,True,3,False,26,Lawyer,74,82,90,100,66,95,82
235,Meghan,Andrews,meghan.andrews.235@gslingacademy.com,female,False,3,True,28,Lawyer,76,87,75,59,97,91,79
236,Adeline,Stanley,adeline.stanley.236@gslingacademy.com,female,False,2,False,30,Lawyer,83,88,75,82,79,86,92
237,Tabitha,Johnson,tabitha.johnson.237@gslingacademy.com,female,False,5,False,35,Lawyer,78,83,98,99,99,83,76
238,Kristen,Blankenship,kristen.blankenship.238@gslingacademy.com,female,False,2,False,29,Lawyer,79,87,95,73,80,86,63
239,Glenda,Moreno,glenda.moreno.239@gslingacademy.com,female,False,0,True,31,Lawyer,86,91,95,100,85,90,82
240,Ethan,Lawrence,ethan.lawrence.240@gslingacademy.com,male,False,5,False,29,Lawyer,80,89,88,68,92,97,79
241,Christopher,Rocha,christopher.rocha.241@gslingacademy.com,male,False,4,False,33,Lawyer,92,97,80,100,92,78,92
242,Angela,Porter,angela.porter.242@gslingacademy.com,female,False,3,False,40,Lawyer,100,81,96,100,96,98,85
243,Ruby,Porter,ruby.porter.243@gslingacademy.com,female,False,5,True,30,Lawyer,93,79,86,82,89,89,82
244,Emilia,Davis,emilia.davis.244@gslingacademy.com,female,False,0,True,27,Lawyer,97,87,63,68,92,89,66
245,Joan,Adams,joan.adams.245@gslingacademy.com,female,False,2,True,28,Lawyer,83,91,67,65,73,98,77
246,Michael,Chapman,michael.chapman.246@gslingacademy.com,male,False,4,False,32,Lawyer,92,93,86,70,83,85,98
247,Jesus,Allen,jesus.allen.247@gslingacademy.com,male,False,2,False,31,Lawyer,99,93,83,59,69,89,89
248,Leonardo,Mueller,leonardo.mueller.248@gslingacademy.com,male,False,4,False,30,Lawyer,100,90,92,80,60,90,76
249,Kenneth,May,kenneth.may.249@gslingacademy.com,male,False,1,True,27,Lawyer,92,83,78,72,100,84,86
250,Cora,Marquez,cora.marquez.250@gslingacademy.com,female,False,0,True,31,Lawyer,66,80,73,64,83,85,83
251,Christy,Delgado,christy.delgado.251@gslingacademy.com,female,False,4,False,26,Lawyer,82,85,81,89,90,81,76
252,Zoey,Tran,zoey.tran.252@gslingacademy.com,female,False,2,False,27,Lawyer,83,96,89,89,83,87,100
253,Antoinette,Morrison,antoinette.morrison.253@gslingacademy.com,female,False,0,False,25,Lawyer,100,83,73,87,100,93,87
254,Fernando,Arroyo,fernando.arroyo.254@gslingacademy.com,male,False,3,False,27,Lawyer,76,92,100,98,96,91,86
255,Jaime,Mosley,jaime.mosley.255@gslingacademy.com,male,False,3,False,30,Lawyer,84,97,87,76,81,92,70
256,Joshua,Long,joshua.long.256@gslingacademy.com,male,False,4,False,29,Lawyer,88,86,54,84,86,73,72
257,Harper,Larsen,harper.larsen.257@gslingacademy.com,female,False,2,True,31,Lawyer,90,86,72,70,96,88,78
258,Dustin,Craig,dustin.craig.258@gslingacademy.com,male,False,5,False,26,Lawyer,82,92,80,84,94,88,55
259,Corey,Joyce,corey.joyce.259@gslingacademy.com,male,False,3,True,31,Lawyer,99,90,81,94,51,90,82
260,Darlene,Parker,darlene.parker.260@gslingacademy.com,female,False,7,False,25,Lawyer,93,83,80,76,58,76,78
261,Emily,Morales,emily.morales.261@gslingacademy.com,female,False,0,True,26,Lawyer,82,100,80,55,78,84,89
262,Malik,Holder,malik.holder.262@gslingacademy.com,male,True,5,True,28,Lawyer,70,89,87,89,71,88,85
263,Madison,Lawson,madison.lawson.263@gslingacademy.com,female,False,0,True,31,Lawyer,90,96,69,86,68,91,60
264,Allison,Grant,allison.grant.264@gslingacademy.com,female,False,0,False,34,Lawyer,76,89,73,69,75,86,92
265,Arthur,Hutchinson,arthur.hutchinson.265@gslingacademy.com,male,False,3,False,28,Lawyer,67,86,63,99,78,84,92
266,Lily,Huff,lily.huff.266@gslingacademy.com,female,False,0,False,27,Lawyer,90,94,90,68,89,93,94
267,Jerry,Marquez,jerry.marquez.267@gslingacademy.com,male,False,3,False,34,Lawyer,76,91,88,82,74,88,91
268,Stella,Jacobs,stella.jacobs.268@gslingacademy.com,female,True,5,False,32,Lawyer,80,87,100,94,100,86,81
269,Emily,Gentry,emily.gentry.269@gslingacademy.com,female,True,2,False,27,Lawyer,93,95,80,70,84,90,60
270,Emily,Phillips,emily.phillips.270@gslingacademy.com,female,False,3,False,32,Lawyer,95,77,77,95,68,87,91
271,Pamela,Myers,pamela.myers.271@gslingacademy.com,female,False,0,True,36,Lawyer,92,98,76,43,72,88,84
272,Bernard,Valdez,bernard.valdez.272@gslingacademy.com,male,False,0,False,21,Lawyer,91,92,100,77,86,93,72
273,Skylar,Mosley,skylar.mosley.273@gslingacademy.com,female,False,3,False,31,Lawyer,92,98,89,75,79,98,64
274,Christy,Chavez,christy.chavez.274@gslingacademy.com,female,False,1,False,23,Lawyer,93,92,66,96,70,86,69
275,Sadie,Yates,sadie.yates.275@gslingacademy.com,female,False,4,False,29,Lawyer,87,100,65,100,92,97,90
276,Jessica,Hicks,jessica.hicks.276@gslingacademy.com,female,False,4,False,27,Lawyer,93,88,78,87,93,91,79
277,Angelica,Williams,angelica.williams.277@gslingacademy.com,female,False,7,True,30,Lawyer,85,91,79,79,67,87,100
278,Antonio,Li,antonio.li.278@gslingacademy.com,male,False,4,True,25,Lawyer,62,90,72,95,74,91,76
279,Fernando,Sosa,fernando.sosa.279@gslingacademy.com,male,False,4,True,28,Lawyer,85,91,76,72,92,93,94
280,Jackson,Buckley,jackson.buckley.280@gslingacademy.com,male,True,3,False,33,Lawyer,91,87,99,70,72,84,61
281,Marcia,Hunter,marcia.hunter.281@gslingacademy.com,female,False,4,True,29,Lawyer,85,93,69,90,74,99,83
282,Joshua,Holland,joshua.holland.282@gslingacademy.com,male,False,2,False,32,Lawyer,78,88,63,72,69,84,85
283,Samuel,Reyes,samuel.reyes.283@gslingacademy.com,male,False,5,False,32,Lawyer,66,88,84,96,72,97,74
284,Leonard,Watson,leonard.watson.284@gslingacademy.com,male,False,1,False,31,Lawyer,82,85,83,80,95,86,90
285,Jill,Campos,jill.campos.285@gslingacademy.com,female,False,0,True,34,Lawyer,95,88,79,66,93,91,81
286,Joanne,Phillips,joanne.phillips.286@gslingacademy.com,female,False,7,False,28,Lawyer,84,93,100,96,90,98,85
287,Stanley,Gillespie,stanley.gillespie.287@gslingacademy.com,male,False,4,False,29,Lawyer,81,89,86,90,91,92,97
288,Clayton,Bridges,clayton.bridges.288@gslingacademy.com,male,False,6,True,28,Lawyer,71,89,79,87,63,90,66
289,Maxwell,Collins,maxwell.collins.289@gslingacademy.com,male,False,6,False,34,Lawyer,76,87,82,86,83,81,77
290,Wesley,Chavez,wesley.chavez.290@gslingacademy.com,male,False,2,False,26,Lawyer,75,92,66,80,90,91,72
291,Aaliyah,Peterson,aaliyah.peterson.291@gslingacademy.com,female,False,1,True,28,Lawyer,82,93,54,64,75,91,80
292,Frederick,Cooper,frederick.cooper.292@gslingacademy.com,male,True,2,False,27,Lawyer,91,86,77,67,85,92,87
293,Troy,Nunez,troy.nunez.293@gslingacademy.com,male,False,3,False,29,Lawyer,79,92,82,100,75,99,95
294,Sherry,Wallace,sherry.wallace.294@gslingacademy.com,female,False,5,False,32,Lawyer,61,82,97,77,88,79,85
295,Eliana,Peterson,eliana.peterson.295@gslingacademy.com,female,False,0,False,27,Lawyer,83,83,100,72,100,80,71
296,Frederick,Green,frederick.green.296@gslingacademy.com,male,False,7,True,29,Lawyer,87,75,71,63,100,90,80
297,Alfred,Wood,alfred.wood.297@gslingacademy.com,male,False,4,True,30,Lawyer,83,81,79,97,71,100,84
298,Derek,Carpenter,derek.carpenter.298@gslingacademy.com,male,False,7,False,25,Lawyer,82,86,79,83,84,88,100
299,Stanley,Smith,stanley.smith.299@gslingacademy.com,male,False,8,False,25,Lawyer,72,89,62,64,79,96,85
300,Shelby,Dean,shelby.dean.300@gslingacademy.com,female,False,2,True,30,Lawyer,77,81,79,63,76,99,85
301,Danielle,Sandoval,danielle.sandoval.301@gslingacademy.com,female,False,2,False,47,Doctor,90,86,96,100,90,88,90
302,Laura,Jackson,laura.jackson.302@gslingacademy.com,female,False,3,False,39,Doctor,96,90,86,92,92,95,87
303,Jonathan,Werner,jonathan.werner.303@gslingacademy.com,male,False,1,False,37,Doctor,92,87,92,99,97,87,86
304,Patricia,Chavez,patricia.chavez.304@gslingacademy.com,female,False,5,False,22,Doctor,92,86,87,81,93,90,99
305,Antonio,Caldwell,antonio.caldwell.305@gslingacademy.com,male,False,4,False,26,Doctor,98,92,91,99,97,88,75
306,Jacob,Reyes,jacob.reyes.306@gslingacademy.com,male,False,4,False,41,Doctor,94,94,94,89,85,86,85
307,Wendy,Lewis,wendy.lewis.307@gslingacademy.com,female,False,3,False,47,Doctor,96,100,96,91,91,96,89
308,Lawrence,Russell,lawrence.russell.308@gslingacademy.com,male,False,2,False,23,Doctor,97,71,82,80,97,93,78
309,Nicholas,Clayton,nicholas.clayton.309@gslingacademy.com,male,False,1,True,44,Doctor,86,100,100,96,95,97,93
310,Tim,Turner,tim.turner.310@gslingacademy.com,male,False,0,False,41,Doctor,96,88,90,100,94,87,96
311,Melissa,Roberts,melissa.roberts.311@gslingacademy.com,female,False,1,False,22,Doctor,99,71,80,82,95,64,64
312,Whitney,Holmes,whitney.holmes.312@gslingacademy.com,female,False,1,False,30,Doctor,96,68,87,96,91,68,65
313,Jacob,Perez,jacob.perez.313@gslingacademy.com,male,False,5,True,29,Doctor,93,96,94,84,91,67,68
314,Jessica,Diaz,jessica.diaz.314@gslingacademy.com,female,False,5,False,43,Doctor,90,96,100,87,100,90,89
315,Kevin,Thompson,kevin.thompson.315@gslingacademy.com,male,False,6,False,34,Doctor,94,83,99,100,94,91,69
316,Patricia,Watson,patricia.watson.316@gslingacademy.com,female,False,0,False,42,Doctor,91,87,93,85,98,85,95
317,Steven,Frazier,steven.frazier.317@gslingacademy.com,male,False,2,False,48,Doctor,86,88,89,89,98,89,96
318,Christopher,Nguyen,christopher.nguyen.318@gslingacademy.com,male,False,2,True,37,Doctor,87,93,99,100,97,92,90
319,Christopher,Hamilton,christopher.hamilton.319@gslingacademy.com,male,False,3,False,33,Doctor,99,68,100,95,95,88,83
320,Andrew,Green,andrew.green.320@gslingacademy.com,male,False,3,False,24,Doctor,80,60,100,99,98,75,94
321,Nicholas,Johnson,nicholas.johnson.321@gslingacademy.com,male,False,7,False,30,Doctor,88,98,87,85,96,77,96
322,Kimberly,West,kimberly.west.322@gslingacademy.com,female,False,1,False,33,Doctor,80,71,94,92,92,60,78
323,Antonio,Flores,antonio.flores.323@gslingacademy.com,male,False,2,False,23,Doctor,84,84,80,97,87,97,91
324,Marco,Clark,marco.clark.324@gslingacademy.com,male,False,6,False,22,Doctor,92,98,90,82,86,86,89
325,Steven,Pennington,steven.pennington.325@gslingacademy.com,male,False,4,False,46,Doctor,92,98,99,86,100,86,87
326,Emily,Jordan,emily.jordan.326@gslingacademy.com,female,False,3,False,49,Doctor,85,96,99,94,95,92,95
327,Holly,Burns,holly.burns.327@gslingacademy.com,female,False,2,False,44,Doctor,96,88,100,95,85,94,93
328,Diana,Jones,diana.jones.328@gslingacademy.com,female,False,7,False,37,Doctor,97,96,93,94,91,96,87
329,Christina,Shields,christina.shields.329@gslingacademy.com,female,True,3,False,47,Doctor,94,87,98,90,92,88,100
330,Eric,Murray,eric.murray.330@gslingacademy.com,male,False,2,False,35,Doctor,94,99,97,94,85,97,97
331,Alexandra,Robinson,alexandra.robinson.331@gslingacademy.com,female,False,1,False,47,Doctor,85,87,92,96,92,90,88
332,Bryan,Lee,bryan.lee.332@gslingacademy.com,male,False,3,False,46,Doctor,96,89,91,90,90,91,99
333,Melanie,Bridges,melanie.bridges.333@gslingacademy.com,female,False,6,False,48,Doctor,95,90,85,90,96,89,96
334,Eric,Bowers,eric.bowers.334@gslingacademy.com,male,True,1,False,46,Doctor,96,85,90,95,100,96,88
335,Lindsay,Morales,lindsay.morales.335@gslingacademy.com,female,False,1,False,23,Doctor,96,91,97,84,89,82,75
336,Kenneth,Buchanan,kenneth.buchanan.336@gslingacademy.com,male,False,2,False,24,Doctor,95,85,90,94,91,84,85
337,Ryan,Clarke,ryan.clarke.337@gslingacademy.com,male,False,2,True,46,Doctor,86,93,89,90,100,86,93
338,Pamela,Henry,pamela.henry.338@gslingacademy.com,female,False,4,False,39,Doctor,97,95,94,90,86,85,95
339,Jeffery,Parker,jeffery.parker.339@gslingacademy.com,male,False,0,True,27,Doctor,100,84,93,96,97,70,95
340,Tara,Thomas,tara.thomas.340@gslingacademy.com,female,False,0,False,29,Doctor,88,71,87,85,100,78,78
341,Susan,Long,susan.long.341@gslingacademy.com,female,False,7,False,30,Doctor,93,73,97,89,88,63,70
342,Michael,Heath,michael.heath.342@gslingacademy.com,male,False,6,False,50,Doctor,94,87,99,99,86,86,85
343,Raymond,Smith,raymond.smith.343@gslingacademy.com,male,False,3,False,23,Doctor,82,82,100,93,91,61,83
344,Peter,Yates,peter.yates.344@gslingacademy.com,male,False,3,False,42,Doctor,89,90,91,95,87,92,96
345,Tracy,White,tracy.white.345@gslingacademy.com,female,False,5,False,40,Doctor,88,100,94,91,85,91,88
346,Gregory,Welch,gregory.welch.346@gslingacademy.com,male,False,8,False,40,Doctor,94,88,99,92,98,85,95
347,Brent,Clements,brent.clements.347@gslingacademy.com,male,False,8,False,25,Doctor,88,60,87,90,87,86,62
348,Melissa,Fry,melissa.fry.348@gslingacademy.com,female,False,5,False,42,Doctor,90,89,92,93,97,92,100
349,John,Riley,john.riley.349@gslingacademy.com,male,False,1,False,46,Doctor,91,85,98,96,98,96,93
350,Danielle,Martinez,danielle.martinez.350@gslingacademy.com,female,False,7,False,28,Doctor,93,84,85,94,95,74,83
351,Ray,Padilla,ray.padilla.351@gslingacademy.com,male,False,3,False,41,Doctor,89,89,100,96,96,85,92
352,Oscar,Gonzalez,oscar.gonzalez.352@gslingacademy.com,male,False,1,True,47,Doctor,94,90,95,85,98,91,96
353,David,Vasquez,david.vasquez.353@gslingacademy.com,male,True,1,True,30,Doctor,80,93,82,89,94,95,70
354,Wendy,Clark,wendy.clark.354@gslingacademy.com,female,False,4,True,44,Doctor,89,99,93,99,87,89,98
355,Amanda,Rodriguez,amanda.rodriguez.355@gslingacademy.com,female,False,5,False,23,Doctor,88,91,96,99,85,62,86
356,Rebecca,Mckinney,rebecca.mckinney.356@gslingacademy.com,female,False,3,False,38,Doctor,92,88,90,94,88,92,96
357,Robin,Perez,robin.perez.357@gslingacademy.com,female,False,3,False,28,Doctor,89,96,85,91,100,91,91
358,Daniel,Lewis,daniel.lewis.358@gslingacademy.com,male,False,2,False,35,Doctor,95,98,97,94,88,99,96
359,Brian,Myers,brian.myers.359@gslingacademy.com,male,False,4,False,33,Doctor,94,74,95,82,100,63,97
360,Angel,Green,angel.green.360@gslingacademy.com,female,False,7,False,49,Doctor,99,98,94,96,95,88,92
361,Melissa,Deleon,melissa.deleon.361@gslingacademy.com,female,False,3,False,38,Doctor,96,92,93,91,88,90,88
362,Hector,Cox,hector.cox.362@gslingacademy.com,male,False,1,False,33,Doctor,100,90,89,91,86,75,72
363,Lauren,Gomez,lauren.gomez.363@gslingacademy.com,female,False,3,False,35,Doctor,99,89,93,87,86,90,96
364,Sarah,Brooks,sarah.brooks.364@gslingacademy.com,female,False,2,False,26,Doctor,84,67,89,96,88,60,88
365,Kimberly,Mcgee,kimberly.mcgee.365@gslingacademy.com,female,True,3,False,24,Doctor,89,67,98,94,89,60,95
366,John,Reynolds,john.reynolds.366@gslingacademy.com,male,False,4,False,29,Doctor,99,65,97,89,87,72,86
367,Donna,Andrews,donna.andrews.367@gslingacademy.com,female,False,1,False,22,Doctor,94,98,96,88,96,61,80
368,Ryan,Ruiz,ryan.ruiz.368@gslingacademy.com,male,False,3,True,21,Doctor,96,79,92,85,95,69,65
369,Kenneth,Baker,kenneth.baker.369@gslingacademy.com,male,False,3,False,35,Doctor,87,85,96,98,88,99,92
370,Patricia,Rhodes,patricia.rhodes.370@gslingacademy.com,female,False,5,False,24,Doctor,99,82,81,98,86,85,85
371,Christopher,Bowen,christopher.bowen.371@gslingacademy.com,male,False,6,False,27,Doctor,85,72,80,85,94,96,87
372,Joseph,Blake,joseph.blake.372@gslingacademy.com,male,False,4,False,29,Doctor,86,71,86,93,99,92,77
373,Tony,Montgomery,tony.montgomery.373@gslingacademy.com,male,False,2,False,42,Doctor,85,96,98,85,95,96,97
374,Stacy,Sanders,stacy.sanders.374@gslingacademy.com,female,True,1,False,28,Doctor,89,76,100,100,99,68,79
375,Julie,Nichols,julie.nichols.375@gslingacademy.com,female,False,2,False,22,Doctor,96,73,80,99,91,82,91
376,Paul,Johnson,paul.johnson.376@gslingacademy.com,male,False,4,False,32,Doctor,86,78,81,87,99,71,97
377,Joanne,Howard,joanne.howard.377@gslingacademy.com,female,False,3,False,49,Doctor,98,90,87,92,92,99,98
378,Mark,Wright,mark.wright.378@gslingacademy.com,male,True,3,False,49,Doctor,87,86,87,91,86,96,92
379,Samantha,Ibarra,samantha.ibarra.379@gslingacademy.com,female,False,5,False,24,Doctor,86,75,97,93,88,74,97
380,Oscar,Benjamin,oscar.benjamin.380@gslingacademy.com,male,False,3,False,21,Doctor,100,82,84,100,90,62,87
381,Eduardo,Brown,eduardo.brown.381@gslingacademy.com,male,False,0,False,48,Doctor,99,89,96,98,89,98,93
382,Paula,Hernandez,paula.hernandez.382@gslingacademy.com,female,True,2,False,48,Doctor,96,97,98,98,97,96,89
383,Kristin,Gilbert,kristin.gilbert.383@gslingacademy.com,female,True,2,True,32,Doctor,90,99,94,91,92,85,64
384,Danny,Carlson,danny.carlson.384@gslingacademy.com,male,False,5,True,23,Doctor,86,92,84,82,88,84,65
385,Justin,Brooks,justin.brooks.385@gslingacademy.com,male,False,3,False,47,Doctor,90,86,98,97,99,96,85
386,Christian,Blankenship,christian.blankenship.386@gslingacademy.com,male,False,1,True,42,Doctor,93,90,93,89,92,93,100
387,Christopher,Meyer,christopher.meyer.387@gslingacademy.com,male,False,4,False,50,Doctor,99,89,87,90,87,90,95
388,Lauren,Morrison,lauren.morrison.388@gslingacademy.com,female,False,5,False,26,Doctor,90,92,95,85,93,69,65
389,James,Compton,james.compton.389@gslingacademy.com,male,False,2,False,47,Doctor,90,90,93,87,93,99,100
390,Amy,White,amy.white.390@gslingacademy.com,female,False,3,False,42,Doctor,99,100,87,96,93,92,88
391,Nicholas,Conrad,nicholas.conrad.391@gslingacademy.com,male,False,7,False,42,Doctor,91,96,96,90,97,85,98
392,Matthew,Moore,matthew.moore.392@gslingacademy.com,male,False,3,False,46,Doctor,91,88,88,91,85,95,88
393,Scott,Baxter,scott.baxter.393@gslingacademy.com,male,False,1,False,33,Doctor,85,97,95,97,98,84,94
394,Whitney,Walls,whitney.walls.394@gslingacademy.com,female,False,1,False,24,Doctor,100,74,80,84,85,82,74
395,Jesse,Melton,jesse.melton.395@gslingacademy.com,male,False,1,False,48,Doctor,99,93,88,92,99,94,95
396,Lindsay,Love,lindsay.love.396@gslingacademy.com,female,False,1,False,22,Doctor,91,92,81,98,88,76,99
397,Joshua,Dillon,joshua.dillon.397@gslingacademy.com,male,False,5,False,46,Doctor,100,97,94,87,89,91,100
398,Caitlin,Moody,caitlin.moody.398@gslingacademy.com,female,True,2,False,28,Doctor,81,75,94,93,87,77,67
399,Kimberly,Knox,kimberly.knox.399@gslingacademy.com,female,True,3,False,43,Doctor,86,99,87,88,99,89,86
400,Katelyn,Watkins,katelyn.watkins.400@gslingacademy.com,female,False,4,False,31,Doctor,93,81,88,90,89,95,81
401,Karen,Rodriguez,karen.rodriguez.401@gslingacademy.com,female,False,3,False,30,Doctor,95,94,82,87,93,93,90
402,Brian,Kelly,brian.kelly.402@gslingacademy.com,male,False,1,False,37,Doctor,98,87,96,89,100,85,91
403,Rebecca,Huang,rebecca.huang.403@gslingacademy.com,female,False,7,False,40,Doctor,85,99,87,85,91,88,90
404,Martin,Duran,martin.duran.404@gslingacademy.com,male,False,4,True,34,Doctor,91,71,99,96,85,79,74
405,Drew,Mccann,drew.mccann.405@gslingacademy.com,male,False,1,False,35,Doctor,95,89,92,87,95,86,93
406,Jeremy,Coleman,jeremy.coleman.406@gslingacademy.com,male,False,3,False,25,Doctor,99,70,89,86,92,65,64
407,Luis,Little,luis.little.407@gslingacademy.com,male,False,10,False,46,Doctor,100,93,88,98,99,89,95
408,Debbie,Landry,debbie.landry.408@gslingacademy.com,female,True,4,False,28,Doctor,99,63,97,90,99,99,100
409,Leslie,Cox,leslie.cox.409@gslingacademy.com,female,False,3,True,22,Doctor,98,79,87,86,98,85,85
410,Jamie,Carter,jamie.carter.410@gslingacademy.com,female,False,0,False,34,Doctor,83,84,91,84,85,91,92
411,David,Castro,david.castro.411@gslingacademy.com,male,False,1,True,41,Doctor,89,95,97,99,87,90,91
412,Sarah,Hansen,sarah.hansen.412@gslingacademy.com,female,False,2,False,36,Doctor,94,100,95,92,95,88,88
413,Mark,Jacobs,mark.jacobs.413@gslingacademy.com,male,False,3,False,32,Doctor,82,98,100,100,100,64,87
414,Matthew,Gonzalez,matthew.gonzalez.414@gslingacademy.com,male,True,1,False,31,Doctor,99,78,99,88,96,96,90
415,Jessica,Beasley,jessica.beasley.415@gslingacademy.com,female,False,3,False,38,Doctor,100,92,87,94,85,97,100
416,Michael,Parker,michael.parker.416@gslingacademy.com,male,False,3,False,43,Doctor,88,98,94,96,96,89,92
417,David,Calderon,david.calderon.417@gslingacademy.com,male,False,1,False,47,Doctor,86,93,91,94,93,88,86
418,David,Frank,david.frank.418@gslingacademy.com,male,False,1,False,32,Doctor,89,74,94,87,92,82,79
419,Shawn,Ochoa,shawn.ochoa.419@gslingacademy.com,male,False,3,False,46,Doctor,92,92,91,95,88,94,93
420,Tyler,Aguilar,tyler.aguilar.420@gslingacademy.com,male,False,2,False,46,Doctor,90,94,94,86,100,94,94
421,Erica,Burke,erica.burke.421@gslingacademy.com,female,False,0,False,33,Doctor,89,100,90,87,98,90,100
422,Mason,Mcbride,mason.mcbride.422@gslingacademy.com,male,False,5,False,50,Doctor,92,88,97,85,93,75,84
423,Dennis,Johnson,dennis.johnson.423@gslingacademy.com,male,False,4,False,42,Doctor,89,82,85,87,94,91,91
424,Danny,Curtis,danny.curtis.424@gslingacademy.com,male,True,1,True,40,Doctor,90,92,93,94,92,99,99
425,Courtney,Bates,courtney.bates.425@gslingacademy.com,female,False,0,True,42,Doctor,89,75,96,94,92,89,85
426,Bernard,Howard,bernard.howard.426@gslingacademy.com,male,False,2,True,41,Doctor,83,86,92,87,81,93,76
427,Audrey,Mcdaniel,audrey.mcdaniel.427@gslingacademy.com,female,False,5,False,26,Doctor,99,74,94,93,93,90,84
428,Elizabeth,Ramos,elizabeth.ramos.428@gslingacademy.com,female,False,2,True,30,Doctor,86,92,77,92,89,74,66
429,Sadie,Kelly,sadie.kelly.429@gslingacademy.com,female,False,2,False,34,Doctor,96,79,97,91,95,80,85
430,Vivian,Murray,vivian.murray.430@gslingacademy.com,female,False,3,False,30,Doctor,85,92,87,100,79,100,97
431,Rebecca,Peterson,rebecca.peterson.431@gslingacademy.com,female,False,4,True,32,Doctor,97,92,97,93,78,80,80
432,Arianna,Donaldson,arianna.donaldson.432@gslingacademy.com,female,False,4,False,40,Doctor,98,85,86,90,87,99,98
433,Aiden,Silva,aiden.silva.433@gslingacademy.com,male,False,6,True,37,Doctor,91,86,91,94,100,76,82
434,Martha,Kemp,martha.kemp.434@gslingacademy.com,female,False,4,False,49,Doctor,98,100,100,99,96,100,97
435,Molly,Gonzalez,molly.gonzalez.435@gslingacademy.com,female,False,0,False,49,Doctor,90,89,96,100,98,90,93
436,Audrey,Petersen,audrey.petersen.436@gslingacademy.com,female,False,2,True,50,Doctor,92,100,89,95,96,100,100
437,Marco,Gutierrez,marco.gutierrez.437@gslingacademy.com,male,False,2,True,37,Doctor,91,75,100,99,96,78,86
438,Connor,Floyd,connor.floyd.438@gslingacademy.com,male,False,2,False,28,Doctor,85,73,93,86,93,85,81
439,Sofia,Castro,sofia.castro.439@gslingacademy.com,female,False,2,False,24,Doctor,86,89,94,93,93,75,100
440,Mason,Hamilton,mason.hamilton.440@gslingacademy.com,male,False,6,False,35,Doctor,91,91,90,87,92,88,99
441,Ella,Bennett,ella.bennett.441@gslingacademy.com,female,False,2,True,50,Doctor,91,100,88,93,89,100,96
442,Casey,Burton,casey.burton.442@gslingacademy.com,male,True,3,True,21,Doctor,90,80,91,93,86,92,87
443,Sophie,Cruz,sophie.cruz.443@gslingacademy.com,female,True,7,False,29,Doctor,88,68,100,92,98,87,86
444,Brandon,Hodge,brandon.hodge.444@gslingacademy.com,male,False,2,True,31,Doctor,97,91,84,89,87,89,82
445,Tyler,Mcdonald,tyler.mcdonald.445@gslingacademy.com,male,False,1,True,36,Doctor,94,84,100,95,90,82,70
446,Vivian,Soto,vivian.soto.446@gslingacademy.com,female,False,3,False,25,Doctor,96,80,87,91,95,93,97
447,Beckett,Lynch,beckett.lynch.447@gslingacademy.com,male,False,3,False,49,Doctor,96,87,93,86,92,85,83
448,Cynthia,Patel,cynthia.patel.448@gslingacademy.com,female,False,3,False,30,Doctor,84,93,78,89,86,92,90
449,Jessie,Buckley,jessie.buckley.449@gslingacademy.com,male,False,2,False,37,Doctor,86,85,92,95,90,91,91
450,Isla,Rivera,isla.rivera.450@gslingacademy.com,female,False,1,False,36,Doctor,86,80,87,95,87,81,91
451,Tina,Arias,tina.arias.451@gslingacademy.com,female,False,5,True,39,Doctor,93,98,97,97,96,90,100
452,Eduardo,Aguilar,eduardo.aguilar.452@gslingacademy.com,male,False,4,False,43,Doctor,86,89,94,93,95,76,100
453,Leroy,Sims,leroy.sims.453@gslingacademy.com,male,False,5,False,16,Doctor,90,81,96,86,90,73,84
454,Adam,Mccormick,adam.mccormick.454@gslingacademy.com,male,False,0,False,35,Doctor,92,81,79,96,89,87,90
455,Anita,Knox,anita.knox.455@gslingacademy.com,female,False,4,True,27,Doctor,76,96,97,97,96,88,78
456,George,Romero,george.romero.456@gslingacademy.com,male,True,7,True,50,Doctor,96,100,93,85,91,100,100
457,Emily,Guzman,emily.guzman.457@gslingacademy.com,female,False,1,True,33,Doctor,87,86,93,82,92,96,67
458,Eugene,Torres,eugene.torres.458@gslingacademy.com,male,False,0,False,24,Doctor,96,71,91,83,89,79,82
459,Enrique,Donaldson,enrique.donaldson.459@gslingacademy.com,male,False,1,False,29,Doctor,89,82,86,80,92,76,77
460,Stanley,Mccann,stanley.mccann.460@gslingacademy.com,male,False,1,True,25,Doctor,91,83,91,95,84,78,89
461,Raymond,Acevedo,raymond.acevedo.461@gslingacademy.com,male,False,2,False,27,Doctor,100,76,79,96,94,90,85
462,Lillian,Nelson,lillian.nelson.462@gslingacademy.com,female,False,3,True,40,Doctor,97,86,88,91,88,94,80
463,Nicole,Berg,nicole.berg.463@gslingacademy.com,female,False,1,False,44,Doctor,88,91,100,90,99,83,96
464,Lindsay,Shepherd,lindsay.shepherd.464@gslingacademy.com,female,False,5,True,20,Doctor,85,81,91,96,97,79,76
465,Naomi,Jacobs,naomi.jacobs.465@gslingacademy.com,female,False,3,False,19,Doctor,88,78,87,86,92,73,92
466,Johnny,Bell,johnny.bell.466@gslingacademy.com,male,False,2,True,37,Doctor,87,80,87,89,95,94,93
467,Cooper,Ware,cooper.ware.467@gslingacademy.com,male,False,4,True,44,Doctor,100,100,96,89,100,90,81
468,Trevor,Sweeney,trevor.sweeney.468@gslingacademy.com,male,False,6,True,36,Doctor,86,84,87,86,85,86,82
469,Zoe,Valdez,zoe.valdez.469@gslingacademy.com,female,False,2,False,34,Doctor,96,86,100,96,95,69,78
470,Paisley,Meyer,paisley.meyer.470@gslingacademy.com,female,True,2,True,37,Doctor,95,87,82,89,89,93,82
471,Devin,Sanchez,devin.sanchez.471@gslingacademy.com,male,False,4,False,43,Doctor,92,87,94,81,94,97,98
472,Larry,Conrad,larry.conrad.472@gslingacademy.com,male,False,5,False,43,Doctor,95,100,92,92,96,97,91
473,Robyn,Aguilar,robyn.aguilar.473@gslingacademy.com,female,False,2,True,44,Doctor,90,100,95,83,93,81,93
474,Peyton,Reid,peyton.reid.474@gslingacademy.com,female,False,3,False,22,Doctor,86,85,84,81,94,74,95
475,Maxwell,Gonzales,maxwell.gonzales.475@gslingacademy.com,male,False,2,True,18,Doctor,97,65,86,87,97,89,73
476,Diego,Flores,diego.flores.476@gslingacademy.com,male,False,2,True,37,Doctor,90,100,86,86,89,92,81
477,Velma,Contreras,velma.contreras.477@gslingacademy.com,female,False,0,True,34,Doctor,96,75,95,97,91,85,65
478,Adeline,Nielsen,adeline.nielsen.478@gslingacademy.com,female,False,0,False,34,Doctor,96,69,93,100,83,92,92
479,Dominic,Barrett,dominic.barrett.479@gslingacademy.com,male,True,0,True,40,Doctor,91,73,91,89,94,79,87
480,Ruben,George,ruben.george.480@gslingacademy.com,male,False,0,False,42,Doctor,100,82,94,93,95,94,95
481,Aaron,Harris,aaron.harris.481@gslingacademy.com,male,False,0,True,16,Doctor,84,80,96,93,88,60,74
482,Allison,Blackwell,allison.blackwell.482@gslingacademy.com,female,True,3,False,40,Doctor,98,91,84,92,95,98,91
483,Jordan,Marquez,jordan.marquez.483@gslingacademy.com,male,False,2,False,41,Doctor,94,99,100,97,87,74,82
484,Jenny,Marquez,jenny.marquez.484@gslingacademy.com,female,True,1,False,47,Doctor,99,93,90,89,93,100,93
485,Dominic,Lutz,dominic.lutz.485@gslingacademy.com,male,False,6,False,50,Doctor,100,100,91,91,100,100,99
486,Terri,Merritt,terri.merritt.486@gslingacademy.com,female,False,4,False,35,Doctor,87,86,97,92,90,69,76
487,Randy,Jones,randy.jones.487@gslingacademy.com,male,False,1,False,42,Doctor,89,89,92,100,88,77,84
488,Jordan,Lewis,jordan.lewis.488@gslingacademy.com,male,False,0,True,27,Doctor,94,91,96,93,91,74,97
489,Richard,Dean,richard.dean.489@gslingacademy.com,male,False,4,False,34,Doctor,91,83,86,84,95,92,90
490,Larry,Norman,larry.norman.490@gslingacademy.com,male,False,1,True,33,Doctor,97,99,89,93,94,96,85
491,Mason,Flores,mason.flores.491@gslingacademy.com,male,True,3,False,45,Doctor,92,100,86,89,93,84,94
492,Kevin,Brock,kevin.brock.492@gslingacademy.com,male,False,2,True,34,Doctor,95,72,93,88,92,85,91
493,Rita,Sawyer,rita.sawyer.493@gslingacademy.com,female,False,4,False,30,Doctor,93,92,93,85,89,84,77
494,Erica,Vang,erica.vang.494@gslingacademy.com,female,False,3,False,29,Doctor,100,93,90,88,84,72,83
495,Sonia,Hamilton,sonia.hamilton.495@gslingacademy.com,female,False,2,False,33,Doctor,94,78,82,93,95,90,91
496,Teresa,York,teresa.york.496@gslingacademy.com,female,False,0,True,31,Doctor,100,87,95,81,90,79,77
497,Joshua,Bishop,joshua.bishop.497@gslingacademy.com,male,True,2,False,45,Doctor,90,85,90,88,86,86,77
498,Peter,Vang,peter.vang.498@gslingacademy.com,male,False,2,False,16,Doctor,95,83,97,92,96,70,76
499,Paul,Stephens,paul.stephens.499@gslingacademy.com,male,False,1,False,46,Doctor,91,82,97,98,89,93,100
500,Sarah,Walls,sarah.walls.500@gslingacademy.com,female,False,4,False,33,Doctor,92,76,96,95,89,76,89
501,Denise,Bailey,denise.bailey.501@gslingacademy.com,female,False,3,True,40,Doctor,87,82,89,92,100,89,88
502,Trinity,Hernandez,trinity.hernandez.502@gslingacademy.com,female,False,3,True,44,Doctor,89,84,92,96,92,94,84
503,Erica,Floyd,erica.floyd.503@gslingacademy.com,female,False,2,False,34,Doctor,98,83,87,94,96,100,100
504,Riley,Curtis,riley.curtis.504@gslingacademy.com,female,False,0,True,43,Doctor,87,80,88,93,92,80,94
505,Kathy,Avila,kathy.avila.505@gslingacademy.com,female,False,5,False,31,Doctor,90,88,91,100,96,74,73
506,Johnny,Knapp,johnny.knapp.506@gslingacademy.com,male,False,0,False,50,Doctor,86,91,94,90,86,92,100
507,Alex,Avery,alex.avery.507@gslingacademy.com,male,False,3,False,42,Doctor,92,79,98,90,97,86,90
508,Faith,Gutierrez,faith.gutierrez.508@gslingacademy.com,female,False,4,True,48,Doctor,85,95,94,94,91,86,99
509,Eric,Kelley,eric.kelley.509@gslingacademy.com,male,True,5,False,31,Doctor,94,81,90,96,87,78,89
510,Stacey,Little,stacey.little.510@gslingacademy.com,female,False,8,False,41,Doctor,79,88,95,86,100,95,97
511,Angelica,Fox,angelica.fox.511@gslingacademy.com,female,True,1,True,37,Doctor,88,97,96,100,84,90,83
512,Bernard,Hall,bernard.hall.512@gslingacademy.com,male,False,6,False,49,Doctor,92,100,95,89,94,100,95
513,Isaac,Winters,isaac.winters.513@gslingacademy.com,male,True,3,True,24,Doctor,91,92,95,90,89,80,74
514,Danielle,Joseph,danielle.joseph.514@gslingacademy.com,female,False,3,True,31,Doctor,91,96,88,88,90,85,80
515,Jackson,Riley,jackson.riley.515@gslingacademy.com,male,False,5,True,37,Doctor,85,86,92,100,91,79,84
516,Denise,Chan,denise.chan.516@gslingacademy.com,female,False,2,False,31,Doctor,92,76,85,96,100,72,84
517,Jenna,Jacobson,jenna.jacobson.517@gslingacademy.com,female,False,6,False,43,Doctor,99,100,92,98,97,96,97
518,Charlene,Mccormick,charlene.mccormick.518@gslingacademy.com,female,False,2,False,32,Doctor,87,68,85,88,93,81,77
519,Sadie,Murphy,sadie.murphy.519@gslingacademy.com,female,False,1,False,41,Doctor,92,93,96,93,94,98,76
520,Parker,Robertson,parker.robertson.520@gslingacademy.com,male,False,5,True,31,Doctor,81,94,93,89,96,77,85
521,Russell,Gray,russell.gray.521@gslingacademy.com,male,True,2,True,22,Doctor,99,69,82,80,94,63,67
522,Aiden,Roman,aiden.roman.522@gslingacademy.com,male,False,3,False,50,Doctor,89,99,93,90,97,77,82
523,Angelina,Myers,angelina.myers.523@gslingacademy.com,female,False,5,False,22,Doctor,89,70,89,97,89,81,78
524,Everly,Torres,everly.torres.524@gslingacademy.com,female,False,1,False,41,Doctor,94,99,98,94,100,100,100
525,Destiny,Lawrence,destiny.lawrence.525@gslingacademy.com,female,False,4,False,40,Doctor,88,93,88,93,91,98,91
526,Jaime,Peters,jaime.peters.526@gslingacademy.com,male,False,4,True,39,Doctor,87,89,84,90,92,83,70
527,Luna,Sanchez,luna.sanchez.527@gslingacademy.com,female,False,3,False,31,Doctor,99,77,94,89,94,88,89
528,Chelsea,Carlson,chelsea.carlson.528@gslingacademy.com,female,False,3,False,36,Doctor,89,100,90,95,82,92,95
529,Parker,Wright,parker.wright.529@gslingacademy.com,male,True,6,True,24,Doctor,95,96,100,96,88,91,87
530,Amy,Walter,amy.walter.530@gslingacademy.com,female,True,5,False,31,Doctor,99,92,87,87,87,89,85
531,Shawn,Baker,shawn.baker.531@gslingacademy.com,male,False,0,False,25,Doctor,86,91,91,95,100,70,82
532,Maya,Merritt,maya.merritt.532@gslingacademy.com,female,False,2,True,34,Doctor,99,84,95,99,89,81,80
533,Brooks,Merritt,brooks.merritt.533@gslingacademy.com,male,False,0,False,39,Doctor,92,88,90,93,94,90,85
534,Aubree,Tucker,aubree.tucker.534@gslingacademy.com,female,False,2,True,43,Doctor,91,87,90,99,98,76,87
535,Tony,Garcia,tony.garcia.535@gslingacademy.com,male,False,4,False,44,Doctor,89,91,100,98,93,93,81
536,Ella,Mathews,ella.mathews.536@gslingacademy.com,female,True,5,True,41,Doctor,89,98,95,98,95,89,100
537,Benjamin,Mills,benjamin.mills.537@gslingacademy.com,male,False,1,True,43,Doctor,88,100,92,94,92,100,90
538,Gerardo,Reyes,gerardo.reyes.538@gslingacademy.com,male,False,5,True,23,Doctor,85,84,97,86,92,72,85
539,Dalton,Phillips,dalton.phillips.539@gslingacademy.com,male,False,0,False,22,Doctor,95,88,92,92,100,71,87
540,Peyton,West,peyton.west.540@gslingacademy.com,female,True,4,True,33,Doctor,96,94,94,97,92,87,90
541,Tanner,Ford,tanner.ford.541@gslingacademy.com,male,False,0,True,28,Doctor,100,80,84,99,88,71,89
542,Gerardo,Phelps,gerardo.phelps.542@gslingacademy.com,male,False,1,True,41,Doctor,92,100,98,85,95,85,100
543,Katie,Gentry,katie.gentry.543@gslingacademy.com,female,False,4,True,28,Doctor,95,87,97,97,94,91,87
544,Cecil,Martin,cecil.martin.544@gslingacademy.com,male,False,2,False,17,Doctor,86,98,86,88,86,84,90
545,Anita,Best,anita.best.545@gslingacademy.com,female,False,5,True,38,Doctor,98,94,89,87,89,89,96
546,Ingrid,Shaw,ingrid.shaw.546@gslingacademy.com,female,False,3,True,34,Doctor,87,100,89,86,91,87,98
547,Randall,Best,randall.best.547@gslingacademy.com,male,False,4,False,45,Doctor,89,82,82,94,83,98,94
548,Seth,Williamson,seth.williamson.548@gslingacademy.com,male,False,5,False,47,Doctor,94,85,85,81,96,87,86
549,Eliana,Powers,eliana.powers.549@gslingacademy.com,female,False,1,False,46,Doctor,94,86,96,97,82,98,93
550,Carter,Davenport,carter.davenport.550@gslingacademy.com,male,True,0,True,48,Doctor,88,97,100,100,96,83,100
551,Christy,Marks,christy.marks.551@gslingacademy.com,female,False,5,False,12,Doctor,85,82,94,100,89,51,80
552,Jack,Weber,jack.weber.552@gslingacademy.com,male,False,1,True,29,Doctor,80,77,100,90,88,62,78
553,Priscilla,Richardson,priscilla.richardson.553@gslingacademy.com,female,False,5,True,27,Doctor,89,98,89,100,95,82,94
554,Arthur,Day,arthur.day.554@gslingacademy.com,male,False,5,False,37,Doctor,90,82,85,86,100,82,80
555,Everly,Burton,everly.burton.555@gslingacademy.com,female,False,5,True,39,Doctor,89,100,89,81,82,100,93
556,Angelina,Valencia,angelina.valencia.556@gslingacademy.com,female,True,1,False,42,Doctor,100,80,96,93,85,85,94
557,Olivia,Fernandez,olivia.fernandez.557@gslingacademy.com,female,False,2,False,40,Doctor,90,88,98,96,99,87,94
558,Brooklyn,Estrada,brooklyn.estrada.558@gslingacademy.com,female,False,1,False,18,Doctor,92,69,81,96,97,62,76
559,Monique,Simpson,monique.simpson.559@gslingacademy.com,female,False,4,True,39,Doctor,82,81,88,89,94,79,92
560,Sadie,Rogers,sadie.rogers.560@gslingacademy.com,female,False,2,False,34,Doctor,83,91,95,93,85,91,96
561,Carmen,Mccarthy,carmen.mccarthy.561@gslingacademy.com,female,False,2,False,36,Doctor,90,76,94,93,81,69,79
562,Jordan,Watson,jordan.watson.562@gslingacademy.com,male,False,8,True,38,Doctor,89,80,90,90,98,90,88
563,Bryce,Snow,bryce.snow.563@gslingacademy.com,male,True,2,True,17,Doctor,88,67,90,92,87,70,76
564,Michael,Armstrong,michael.armstrong.564@gslingacademy.com,male,False,2,False,32,Doctor,90,76,89,91,93,90,89
565,Enrique,Moyer,enrique.moyer.565@gslingacademy.com,male,False,0,True,44,Doctor,86,96,91,94,98,93,93
566,Tiffany,Kirby,tiffany.kirby.566@gslingacademy.com,female,False,1,False,41,Doctor,86,92,93,89,100,87,100
567,Angela,Gordon,angela.gordon.567@gslingacademy.com,female,False,6,False,38,Doctor,91,84,81,92,96,98,88
568,Diego,Gillespie,diego.gillespie.568@gslingacademy.com,male,False,0,False,32,Doctor,92,69,100,96,93,67,86
569,Anthony,Vance,anthony.vance.569@gslingacademy.com,male,False,3,False,50,Doctor,95,100,95,100,98,100,93
570,Connor,Holloway,connor.holloway.570@gslingacademy.com,male,False,2,False,32,Doctor,94,83,89,88,96,77,100
571,Tanya,Robinson,tanya.robinson.571@gslingacademy.com,female,False,6,True,29,Doctor,100,79,98,83,89,63,78
572,Emilia,Nichols,emilia.nichols.572@gslingacademy.com,female,False,7,True,50,Doctor,90,99,91,91,99,97,100
573,Benjamin,Fuller,benjamin.fuller.573@gslingacademy.com,male,False,1,True,19,Doctor,96,87,90,92,86,72,80
574,Chad,Werner,chad.werner.574@gslingacademy.com,male,False,4,True,42,Doctor,100,88,87,90,100,80,100
575,Veronica,Clemons,veronica.clemons.575@gslingacademy.com,female,False,3,True,44,Doctor,96,100,96,98,84,82,95
576,Isaiah,Potter,isaiah.potter.576@gslingacademy.com,male,False,4,False,40,Doctor,100,80,87,92,91,83,79
577,Randy,Moses,randy.moses.577@gslingacademy.com,male,False,2,False,23,Doctor,87,85,85,92,87,73,81
578,Andre,Holmes,andre.holmes.578@gslingacademy.com,male,False,6,False,47,Doctor,100,97,91,82,93,100,85
579,Rafael,Montes,rafael.montes.579@gslingacademy.com,male,False,3,False,43,Doctor,86,97,99,95,95,92,79
580,Lillian,Johnson,lillian.johnson.580@gslingacademy.com,female,False,3,True,29,Doctor,92,79,89,86,93,76,87
581,Harold,Ramirez,harold.ramirez.581@gslingacademy.com,male,False,4,False,50,Doctor,94,100,94,94,84,100,95
582,Latoya,Jensen,latoya.jensen.582@gslingacademy.com,female,False,5,True,46,Doctor,90,100,89,92,90,91,92
583,Michelle,Bennett,michelle.bennett.583@gslingacademy.com,female,False,2,False,47,Doctor,100,89,96,97,93,75,96
584,Tamara,Marshall,tamara.marshall.584@gslingacademy.com,female,False,5,False,31,Doctor,94,77,87,84,85,79,80
585,Stella,Ferguson,stella.ferguson.585@gslingacademy.com,female,False,5,False,41,Doctor,92,85,87,96,96,96,95
586,Carol,Gilbert,carol.gilbert.586@gslingacademy.com,female,False,4,False,7,Doctor,99,80,92,98,93,52,54
587,Angelica,Mercado,angelica.mercado.587@gslingacademy.com,female,False,2,True,28,Doctor,100,71,94,92,92,86,88
588,Justin,Sosa,justin.sosa.588@gslingacademy.com,male,False,7,False,33,Doctor,97,81,90,91,94,96,92
589,Vanessa,Fleming,vanessa.fleming.589@gslingacademy.com,female,True,3,False,33,Doctor,99,83,98,94,84,86,83
590,Francisco,Golden,francisco.golden.590@gslingacademy.com,male,False,5,True,31,Doctor,88,85,92,95,89,82,87
591,Jayden,Krueger,jayden.krueger.591@gslingacademy.com,male,False,5,False,26,Doctor,88,72,99,97,98,71,82
592,Noah,Wood,noah.wood.592@gslingacademy.com,male,True,2,False,50,Doctor,86,99,91,92,97,100,100
593,Velma,Martin,velma.martin.593@gslingacademy.com,female,False,3,False,46,Doctor,91,93,97,88,88,93,87
594,Barry,Alvarez,barry.alvarez.594@gslingacademy.com,male,False,4,False,38,Doctor,84,86,96,87,100,93,80
595,David,English,david.english.595@gslingacademy.com,male,False,3,False,28,Doctor,85,90,95,94,97,73,88
596,Quinn,Poole,quinn.poole.596@gslingacademy.com,female,False,4,True,42,Doctor,89,86,96,94,91,91,85
597,Jenny,Barrett,jenny.barrett.597@gslingacademy.com,female,False,5,True,35,Doctor,80,77,93,89,94,68,79
598,Lindsay,Young,lindsay.young.598@gslingacademy.com,female,False,3,True,50,Doctor,98,83,94,99,89,83,95
599,Ethan,Santos,ethan.santos.599@gslingacademy.com,male,False,5,True,50,Doctor,97,92,98,97,96,93,99
600,Gerardo,Lee,gerardo.lee.600@gslingacademy.com,male,False,6,True,36,Doctor,94,83,96,95,84,88,84
601,Tina,Andrews,tina.andrews.601@gslingacademy.com,female,False,9,True,13,Government Officer,81,97,95,96,65,77,94
602,Carol,Snyder,carol.snyder.602@gslingacademy.com,female,False,7,False,11,Government Officer,60,80,61,63,95,92,75
603,Jennifer,Berry,jennifer.berry.603@gslingacademy.com,female,False,2,False,9,Government Officer,91,76,71,72,92,67,90
604,James,Santiago,james.santiago.604@gslingacademy.com,male,False,4,False,10,Government Officer,68,82,95,63,62,98,93
605,Catherine,Owens,catherine.owens.605@gslingacademy.com,female,False,1,False,7,Government Officer,97,92,79,88,92,99,85
606,Willie,Ellis,willie.ellis.606@gslingacademy.com,male,False,1,False,15,Government Officer,84,91,94,66,78,71,93
607,Julie,Carey,julie.carey.607@gslingacademy.com,female,False,2,True,15,Government Officer,68,89,68,90,68,99,74
608,Amanda,Davis,amanda.davis.608@gslingacademy.com,female,False,1,True,12,Government Officer,65,69,66,65,90,76,60
609,Miranda,Ruiz,miranda.ruiz.609@gslingacademy.com,female,False,1,True,4,Government Officer,79,77,62,98,76,99,82
610,Kenneth,Moody,kenneth.moody.610@gslingacademy.com,male,False,7,False,6,Government Officer,65,95,78,65,74,69,63
611,Scott,Hughes,scott.hughes.611@gslingacademy.com,male,False,2,False,7,Government Officer,83,81,88,82,97,83,74
612,Laura,Dawson,laura.dawson.612@gslingacademy.com,female,False,5,False,15,Government Officer,73,75,94,82,71,90,75
613,Diana,Griffin,diana.griffin.613@gslingacademy.com,female,False,2,False,14,Government Officer,80,94,97,83,84,77,79
614,Denise,Young,denise.young.614@gslingacademy.com,female,False,2,False,4,Government Officer,85,68,89,64,79,66,66
615,Sara,Frazier,sara.frazier.615@gslingacademy.com,female,False,6,False,15,Government Officer,97,94,94,83,91,65,96
616,Alexander,Daniel,alexander.daniel.616@gslingacademy.com,male,True,1,False,7,Government Officer,69,92,84,98,98,83,87
617,Wayne,Trevino,wayne.trevino.617@gslingacademy.com,male,False,3,True,6,Government Officer,84,100,92,82,85,70,69
618,Antonio,Lucero,antonio.lucero.618@gslingacademy.com,male,False,3,True,8,Government Officer,67,76,70,73,81,85,80
619,Joseph,Gregory,joseph.gregory.619@gslingacademy.com,male,False,4,False,4,Government Officer,78,98,76,68,86,91,82
620,Maria,Barker,maria.barker.620@gslingacademy.com,female,True,2,False,10,Government Officer,94,71,83,76,99,95,94
621,Mary,Haynes,mary.haynes.621@gslingacademy.com,female,False,0,True,11,Government Officer,89,75,64,81,66,82,92
622,Earl,Santana,earl.santana.622@gslingacademy.com,male,False,1,False,10,Government Officer,96,91,78,94,81,88,86
623,Jerry,Jones,jerry.jones.623@gslingacademy.com,male,False,2,False,7,Government Officer,88,85,100,68,65,97,94
624,Henry,Craig,henry.craig.624@gslingacademy.com,male,False,1,False,3,Government Officer,73,74,94,76,97,86,85
625,Brittany,Collier,brittany.collier.625@gslingacademy.com,female,False,10,False,11,Government Officer,73,97,87,93,78,99,86
626,Melanie,Carter,melanie.carter.626@gslingacademy.com,female,False,2,False,3,Government Officer,99,69,71,84,96,84,69
627,Adam,Edwards,adam.edwards.627@gslingacademy.com,male,False,5,False,3,Government Officer,90,89,95,73,79,98,68
628,Joseph,Harper,joseph.harper.628@gslingacademy.com,male,False,1,True,12,Government Officer,95,96,66,68,90,91,99
629,John,Gardner,john.gardner.629@gslingacademy.com,male,False,1,False,12,Government Officer,94,84,85,63,67,89,66
630,Samantha,Stewart,samantha.stewart.630@gslingacademy.com,female,False,6,False,4,Government Officer,78,78,100,87,98,80,98
631,Michael,Anderson,michael.anderson.631@gslingacademy.com,male,True,3,False,7,Government Officer,87,86,73,88,98,71,85
632,Rebecca,Smith,rebecca.smith.632@gslingacademy.com,female,False,7,False,8,Government Officer,87,90,91,60,95,67,62
633,Rebecca,Khan,rebecca.khan.633@gslingacademy.com,female,False,6,False,9,Government Officer,92,93,86,61,78,80,62
634,Brooke,Burnett,brooke.burnett.634@gslingacademy.com,female,False,5,False,7,Government Officer,97,99,67,87,66,68,67
635,George,Francis,george.francis.635@gslingacademy.com,male,False,5,True,7,Government Officer,60,66,65,90,61,96,74
636,Kevin,Hoffman,kevin.hoffman.636@gslingacademy.com,male,False,3,False,14,Government Officer,88,74,88,92,83,71,89
637,Stephanie,Kennedy,stephanie.kennedy.637@gslingacademy.com,female,False,4,False,8,Government Officer,98,90,70,97,69,79,74
638,Todd,Stephens,todd.stephens.638@gslingacademy.com,male,False,1,False,13,Government Officer,62,91,92,61,85,98,72
639,Edward,Smith,edward.smith.639@gslingacademy.com,male,False,1,False,3,Government Officer,62,67,96,67,82,65,73
640,Richard,Castillo,richard.castillo.640@gslingacademy.com,male,False,3,False,15,Government Officer,91,68,62,82,70,92,73
641,Ruth,Miller,ruth.miller.641@gslingacademy.com,female,False,1,False,13,Government Officer,74,76,81,69,98,96,65
642,Kaitlyn,Frazier,kaitlyn.frazier.642@gslingacademy.com,female,False,3,False,10,Government Officer,93,68,61,78,80,65,77
643,Shane,Washington,shane.washington.643@gslingacademy.com,male,False,5,False,15,Government Officer,61,94,87,74,92,79,97
644,Kevin,Morgan,kevin.morgan.644@gslingacademy.com,male,False,1,False,11,Government Officer,86,87,64,74,60,89,84
645,Jennifer,Chan,jennifer.chan.645@gslingacademy.com,female,False,3,False,9,Government Officer,82,84,93,89,88,76,98
646,Patricia,Rivera,patricia.rivera.646@gslingacademy.com,female,False,3,True,5,Government Officer,69,87,91,82,86,77,80
647,Andre,Graham,andre.graham.647@gslingacademy.com,male,False,7,False,10,Government Officer,78,69,87,93,83,94,75
648,Anthony,Johns,anthony.johns.648@gslingacademy.com,male,False,3,False,14,Government Officer,60,90,87,91,78,77,82
649,Christina,Garcia,christina.garcia.649@gslingacademy.com,female,False,5,False,6,Government Officer,89,73,71,97,78,99,60
650,Deborah,Butler,deborah.butler.650@gslingacademy.com,female,False,6,True,10,Government Officer,78,84,71,93,78,78,87
651,John,Fuller,john.fuller.651@gslingacademy.com,male,False,3,False,14,Government Officer,93,99,72,79,83,87,73
652,Margaret,Santos,margaret.santos.652@gslingacademy.com,female,False,1,False,15,Government Officer,86,96,67,76,74,66,69
653,Joseph,Dixon,joseph.dixon.653@gslingacademy.com,male,False,2,False,8,Government Officer,81,78,82,83,63,85,75
654,Rebecca,Gibbs,rebecca.gibbs.654@gslingacademy.com,female,False,0,False,6,Government Officer,83,73,83,66,93,68,89
655,George,Duran,george.duran.655@gslingacademy.com,male,False,1,False,11,Government Officer,86,82,60,65,83,69,78
656,Donald,Carney,donald.carney.656@gslingacademy.com,male,False,1,False,12,Government Officer,83,87,87,80,81,79,98
657,Rhonda,Cook,rhonda.cook.657@gslingacademy.com,female,False,0,False,3,Government Officer,91,97,72,62,86,78,72
658,Sherri,Cruz,sherri.cruz.658@gslingacademy.com,female,False,1,True,6,Government Officer,66,94,67,79,64,89,75
659,Melissa,Simmons,melissa.simmons.659@gslingacademy.com,female,True,1,False,12,Government Officer,74,86,70,94,71,70,63
660,James,Gordon,james.gordon.660@gslingacademy.com,male,False,1,False,9,Government Officer,68,65,95,88,62,87,62
661,Benjamin,Williams,benjamin.williams.661@gslingacademy.com,male,False,4,False,3,Government Officer,72,81,89,92,88,87,82
662,Clifford,Simpson,clifford.simpson.662@gslingacademy.com,male,False,5,False,10,Government Officer,85,74,79,61,74,71,74
663,Jack,Gibson,jack.gibson.663@gslingacademy.com,male,False,2,False,6,Government Officer,72,86,100,91,84,64,90
664,Parker,Aguilar,parker.aguilar.664@gslingacademy.com,male,False,0,False,9,Government Officer,87,77,75,63,76,81,69
665,Richard,Weiss,richard.weiss.665@gslingacademy.com,male,False,0,False,8,Government Officer,83,84,54,97,85,96,74
666,Samuel,Jacobson,samuel.jacobson.666@gslingacademy.com,male,True,3,True,13,Government Officer,51,80,94,59,83,90,85
667,Jeffery,Oliver,jeffery.oliver.667@gslingacademy.com,male,False,1,True,5,Government Officer,82,71,80,63,69,90,66
668,Hector,Holmes,hector.holmes.668@gslingacademy.com,male,False,2,False,3,Government Officer,88,69,72,65,93,94,70
669,Skylar,Jenkins,skylar.jenkins.669@gslingacademy.com,female,False,3,False,10,Government Officer,84,84,82,82,89,100,90
670,Aria,Hunt,aria.hunt.670@gslingacademy.com,female,False,4,False,12,Government Officer,74,92,72,71,83,73,83
671,Rachel,Gonzales,rachel.gonzales.671@gslingacademy.com,female,False,1,False,4,Government Officer,80,84,87,84,77,89,91
672,Michelle,Stanley,michelle.stanley.672@gslingacademy.com,female,False,5,False,9,Government Officer,70,76,89,94,90,92,100
673,Catherine,Rollins,catherine.rollins.673@gslingacademy.com,female,False,4,False,7,Government Officer,63,72,100,62,87,52,83
674,Micheal,Peters,micheal.peters.674@gslingacademy.com,male,False,2,True,2,Government Officer,61,79,81,73,88,83,72
675,Billy,Jensen,billy.jensen.675@gslingacademy.com,male,True,6,False,16,Government Officer,74,75,87,74,65,77,89
676,Craig,Peterson,craig.peterson.676@gslingacademy.com,male,False,0,False,13,Government Officer,74,84,67,68,72,86,81
677,Aubree,Sullivan,aubree.sullivan.677@gslingacademy.com,female,False,1,True,6,Government Officer,82,82,79,86,87,93,67
678,Molly,Aguilar,molly.aguilar.678@gslingacademy.com,female,False,4,False,7,Government Officer,74,77,86,58,82,67,69
679,Jaime,Moreno,jaime.moreno.679@gslingacademy.com,male,False,5,False,8,Government Officer,68,80,76,76,72,74,68
680,Jennifer,Hensley,jennifer.hensley.680@gslingacademy.com,female,False,3,False,10,Government Officer,64,81,68,70,77,79,66
681,Harold,Noble,harold.noble.681@gslingacademy.com,male,False,3,False,4,Government Officer,84,92,63,86,76,97,74
682,Bobby,Klein,bobby.klein.682@gslingacademy.com,male,False,4,True,4,Government Officer,83,92,68,87,86,73,75
683,Jesus,Kelly,jesus.kelly.683@gslingacademy.com,male,True,3,False,16,Government Officer,88,80,58,92,84,100,87
684,Danny,Serrano,danny.serrano.684@gslingacademy.com,male,False,4,False,9,Government Officer,98,100,87,79,92,64,65
685,Patricia,Moyer,patricia.moyer.685@gslingacademy.com,female,True,3,False,19,Government Officer,88,100,77,84,70,89,65
686,Ruben,Sandoval,ruben.sandoval.686@gslingacademy.com,male,False,0,False,7,Government Officer,75,70,73,80,94,98,90
687,Kevin,Benjamin,kevin.benjamin.687@gslingacademy.com,male,False,7,False,13,Government Officer,67,83,93,85,67,87,91
688,Krystal,Daniel,krystal.daniel.688@gslingacademy.com,female,False,5,True,11,Government Officer,70,84,80,79,76,93,96
689,Pedro,Hodge,pedro.hodge.689@gslingacademy.com,male,False,8,True,13,Government Officer,84,60,64,100,88,64,85
690,Leah,Brennan,leah.brennan.690@gslingacademy.com,female,False,6,False,10,Government Officer,69,77,77,100,74,82,85
691,Lucy,Craig,lucy.craig.691@gslingacademy.com,female,False,0,True,10,Government Officer,87,62,77,85,85,85,96
692,Bryan,Mccoy,bryan.mccoy.692@gslingacademy.com,male,False,2,False,4,Government Officer,93,78,88,59,89,44,85
693,Bernard,Robinson,bernard.robinson.693@gslingacademy.com,male,True,3,False,6,Government Officer,91,78,71,100,68,78,68
694,Sergio,Thompson,sergio.thompson.694@gslingacademy.com,male,True,2,False,3,Government Officer,79,85,100,96,80,100,100
695,Shelly,Vang,shelly.vang.695@gslingacademy.com,female,True,5,True,16,Government Officer,87,77,71,88,73,88,77
696,Mackenzie,Williams,mackenzie.williams.696@gslingacademy.com,female,False,9,False,13,Government Officer,52,77,82,96,71,81,69
697,Omar,Austin,omar.austin.697@gslingacademy.com,male,False,0,False,7,Government Officer,78,72,70,67,66,74,69
698,Pedro,Ruiz,pedro.ruiz.698@gslingacademy.com,male,False,3,False,10,Government Officer,79,63,90,79,74,74,88
699,Rylee,Lam,rylee.lam.699@gslingacademy.com,female,False,2,False,7,Government Officer,75,67,90,71,100,75,72
700,Dylan,Phelps,dylan.phelps.700@gslingacademy.com,male,False,1,False,4,Government Officer,69,93,84,63,100,64,80
701,Howard,Hill,howard.hill.701@gslingacademy.com,male,False,5,False,11,Government Officer,84,71,60,86,74,97,77
702,Ricky,Golden,ricky.golden.702@gslingacademy.com,male,False,5,False,11,Government Officer,82,100,58,72,80,93,90
703,Katelyn,Robinson,katelyn.robinson.703@gslingacademy.com,female,False,1,False,11,Government Officer,90,78,74,73,81,84,75
704,Margarita,Tanner,margarita.tanner.704@gslingacademy.com,female,False,5,True,5,Government Officer,77,83,75,88,79,85,57
705,Jerry,Nichols,jerry.nichols.705@gslingacademy.com,male,False,3,False,6,Government Officer,95,88,89,64,100,64,84
706,Alice,Jefferson,alice.jefferson.706@gslingacademy.com,female,False,0,False,15,Government Officer,85,81,70,69,89,72,87
707,Valentina,Dougherty,valentina.dougherty.707@gslingacademy.com,female,False,3,False,6,Government Officer,89,87,72,80,67,72,65
708,Katherine,Brock,katherine.brock.708@gslingacademy.com,female,False,2,False,14,Government Officer,68,88,81,70,75,75,87
709,Isla,Hughes,isla.hughes.709@gslingacademy.com,female,False,3,False,15,Government Officer,77,90,67,99,59,82,83
710,George,Cameron,george.cameron.710@gslingacademy.com,male,True,8,False,8,Government Officer,74,100,88,82,82,90,79
711,Joshua,Mendoza,joshua.mendoza.711@gslingacademy.com,male,True,3,False,2,Government Officer,65,67,79,67,80,75,64
712,Lydia,Mosley,lydia.mosley.712@gslingacademy.com,female,False,0,False,3,Government Officer,83,85,89,74,95,94,69
713,Leona,Thomas,leona.thomas.713@gslingacademy.com,female,False,0,True,5,Government Officer,85,87,89,89,76,87,92
714,Francisco,Santiago,francisco.santiago.714@gslingacademy.com,male,False,4,True,9,Government Officer,86,86,77,84,71,69,69
715,Cecilia,Cross,cecilia.cross.715@gslingacademy.com,female,False,4,False,13,Government Officer,77,80,82,88,79,98,92
716,Arthur,Andrews,arthur.andrews.716@gslingacademy.com,male,False,8,False,5,Government Officer,56,89,89,72,86,84,73
717,Marlene,Moore,marlene.moore.717@gslingacademy.com,female,False,3,True,11,Government Officer,90,79,78,91,77,77,67
718,James,Brewer,james.brewer.718@gslingacademy.com,male,True,0,False,5,Government Officer,90,84,100,91,68,78,84
719,Autumn,Moses,autumn.moses.719@gslingacademy.com,female,False,2,False,10,Government Officer,86,82,65,73,89,81,81
720,Aubree,Navarro,aubree.navarro.720@gslingacademy.com,female,False,2,False,10,Government Officer,74,80,67,66,75,73,72
721,Daisy,Arroyo,daisy.arroyo.721@gslingacademy.com,female,True,6,True,6,Government Officer,74,77,80,94,74,86,71
722,Makayla,Mathews,makayla.mathews.722@gslingacademy.com,female,False,0,False,8,Government Officer,80,72,65,93,70,85,69
723,Randall,Gray,randall.gray.723@gslingacademy.com,male,True,4,True,1,Government Officer,82,88,82,93,92,78,82
724,Jordan,Vance,jordan.vance.724@gslingacademy.com,male,False,1,True,11,Government Officer,95,86,82,75,69,84,61
725,Lydia,Garrett,lydia.garrett.725@gslingacademy.com,female,False,4,False,4,Government Officer,76,75,92,95,65,98,82
726,Kayla,Lynch,kayla.lynch.726@gslingacademy.com,female,False,0,True,10,Government Officer,64,80,66,77,80,97,80
727,Serenity,Moreno,serenity.moreno.727@gslingacademy.com,female,False,4,False,0,Government Officer,85,69,67,95,100,88,86
728,Francis,Spencer,francis.spencer.728@gslingacademy.com,male,False,0,False,10,Government Officer,77,78,76,63,82,93,63
729,Evan,Wallace,evan.wallace.729@gslingacademy.com,male,False,7,False,3,Government Officer,82,82,100,98,80,93,100
730,Genesis,Kelley,genesis.kelley.730@gslingacademy.com,female,False,4,False,14,Government Officer,78,100,80,68,68,77,79
731,Samuel,Thompson,samuel.thompson.731@gslingacademy.com,male,False,2,True,7,Government Officer,92,81,94,92,85,84,77
732,Isla,Lester,isla.lester.732@gslingacademy.com,female,False,5,False,14,Government Officer,90,86,100,78,75,87,100
733,Francisco,Harris,francisco.harris.733@gslingacademy.com,male,False,0,False,7,Government Officer,72,76,86,77,96,64,77
734,Sophie,Perry,sophie.perry.734@gslingacademy.com,female,False,0,False,8,Government Officer,86,72,77,84,88,100,74
735,Maya,Holland,maya.holland.735@gslingacademy.com,female,True,0,False,9,Government Officer,77,83,77,74,69,89,69
736,Piper,Preston,piper.preston.736@gslingacademy.com,female,False,1,False,15,Government Officer,68,80,59,70,65,81,88
737,Anna,Douglas,anna.douglas.737@gslingacademy.com,female,False,6,False,7,Government Officer,78,87,100,70,88,84,75
738,Pamela,Parker,pamela.parker.738@gslingacademy.com,female,False,4,True,9,Government Officer,77,60,93,95,59,100,94
739,Layla,Wang,layla.wang.739@gslingacademy.com,female,False,6,True,4,Government Officer,78,79,96,87,78,77,68
740,Chelsea,Parker,chelsea.parker.740@gslingacademy.com,female,False,2,False,9,Government Officer,90,83,73,93,80,78,70
741,Roy,Davidson,roy.davidson.741@gslingacademy.com,male,False,3,False,18,Government Officer,67,80,93,67,75,90,52
742,Philip,Gibson,philip.gibson.742@gslingacademy.com,male,False,4,True,13,Government Officer,74,90,76,86,78,100,89
743,Jennie,Bell,jennie.bell.743@gslingacademy.com,female,False,5,False,11,Government Officer,53,88,94,80,73,100,68
744,Patricia,Blankenship,patricia.blankenship.744@gslingacademy.com,female,False,1,False,11,Government Officer,72,88,84,68,98,82,97
745,Aiden,Brennan,aiden.brennan.745@gslingacademy.com,male,False,3,False,8,Government Officer,75,78,77,86,75,80,73
746,Pam,Leblanc,pam.leblanc.746@gslingacademy.com,female,False,6,True,13,Government Officer,77,90,68,77,78,97,79
747,Brooke,Stephens,brooke.stephens.747@gslingacademy.com,female,False,9,False,8,Government Officer,82,88,74,100,71,67,74
748,David,Singh,david.singh.748@gslingacademy.com,male,False,4,False,13,Government Officer,74,73,56,87,65,98,69
749,Jeannette,Patterson,jeannette.patterson.749@gslingacademy.com,female,False,3,True,6,Government Officer,93,87,77,69,90,100,76
750,Lauren,Yates,lauren.yates.750@gslingacademy.com,female,False,1,True,3,Government Officer,90,84,85,82,97,75,80
751,Beckett,Ramos,beckett.ramos.751@gslingacademy.com,male,False,5,False,13,Government Officer,76,92,88,76,67,90,65
752,Phyllis,Olson,phyllis.olson.752@gslingacademy.com,female,False,3,False,7,Government Officer,73,92,70,69,96,77,69
753,Savannah,Werner,savannah.werner.753@gslingacademy.com,female,False,1,False,8,Government Officer,74,97,87,79,73,96,72
754,Isaac,Mendoza,isaac.mendoza.754@gslingacademy.com,male,False,0,True,8,Government Officer,69,93,82,64,78,82,83
755,Ethan,Griffin,ethan.griffin.755@gslingacademy.com,male,False,2,True,6,Government Officer,84,89,81,100,56,95,85
756,Dawn,Jenkins,dawn.jenkins.756@gslingacademy.com,female,False,2,False,5,Government Officer,100,82,77,68,100,72,82
757,Nevaeh,Chase,nevaeh.chase.757@gslingacademy.com,female,False,4,False,13,Government Officer,75,88,90,87,68,92,77
758,Diego,Lam,diego.lam.758@gslingacademy.com,male,False,2,False,10,Government Officer,72,100,81,86,84,79,58
759,Charlene,Juarez,charlene.juarez.759@gslingacademy.com,female,True,0,False,7,Government Officer,84,58,65,93,82,82,69
760,Tamara,Barrett,tamara.barrett.760@gslingacademy.com,female,False,0,False,6,Government Officer,92,92,46,75,93,70,48
761,Howard,Sweeney,howard.sweeney.761@gslingacademy.com,male,False,4,False,8,Government Officer,57,78,83,63,82,85,87
762,Jessica,Hill,jessica.hill.762@gslingacademy.com,female,True,3,False,7,Government Officer,79,87,86,79,72,84,84
763,Emily,Hudson,emily.hudson.763@gslingacademy.com,female,False,5,False,10,Government Officer,87,74,75,100,79,81,100
764,Alice,Howell,alice.howell.764@gslingacademy.com,female,False,0,False,5,Government Officer,85,88,63,91,82,88,67
765,Bobby,Wood,bobby.wood.765@gslingacademy.com,male,False,2,True,11,Government Officer,81,83,89,95,64,67,87
766,Maxwell,Larson,maxwell.larson.766@gslingacademy.com,male,False,4,False,12,Government Officer,87,78,85,98,74,73,71
767,Bella,Mccann,bella.mccann.767@gslingacademy.com,female,False,2,False,14,Government Officer,85,81,75,71,80,61,71
768,Billy,Mendez,billy.mendez.768@gslingacademy.com,male,True,1,False,6,Government Officer,100,80,58,84,99,74,80
769,Tina,Knapp,tina.knapp.769@gslingacademy.com,female,False,5,False,14,Government Officer,66,92,100,65,77,75,90
770,Seth,Fleming,seth.fleming.770@gslingacademy.com,male,False,5,True,8,Government Officer,93,93,72,81,86,86,78
771,Velma,Mejia,velma.mejia.771@gslingacademy.com,female,False,7,False,6,Government Officer,71,99,83,82,82,100,82
772,Elizabeth,Ortega,elizabeth.ortega.772@gslingacademy.com,female,False,2,False,10,Government Officer,85,78,88,89,77,78,87
773,Liliana,Little,liliana.little.773@gslingacademy.com,female,False,1,False,7,Government Officer,81,97,92,82,89,69,88
774,Jeffery,Baxter,jeffery.baxter.774@gslingacademy.com,male,False,6,False,9,Government Officer,69,85,76,58,87,80,81
775,Joan,Greene,joan.greene.775@gslingacademy.com,female,False,3,False,4,Government Officer,75,66,78,90,89,89,92
776,Mason,Cochran,mason.cochran.776@gslingacademy.com,male,False,1,True,14,Government Officer,78,73,91,86,90,97,73
777,Herbert,Daniels,herbert.daniels.777@gslingacademy.com,male,True,5,True,10,Government Officer,67,96,70,76,80,89,85
778,Gerardo,Hansen,gerardo.hansen.778@gslingacademy.com,male,False,3,False,11,Government Officer,89,69,62,100,68,79,74
779,Suzanne,Alexander,suzanne.alexander.779@gslingacademy.com,female,False,2,False,13,Government Officer,91,74,52,92,68,78,63
780,Nevaeh,Juarez,nevaeh.juarez.780@gslingacademy.com,female,False,9,True,11,Government Officer,74,79,79,100,71,69,81
781,Savannah,Wong,savannah.wong.781@gslingacademy.com,female,False,5,True,2,Government Officer,97,88,65,88,72,66,79
782,Addison,Kelly,addison.kelly.782@gslingacademy.com,female,False,1,False,6,Government Officer,85,82,59,59,77,85,70
783,Michael,Holmes,michael.holmes.783@gslingacademy.com,male,False,7,False,10,Government Officer,65,78,84,86,98,77,86
784,Ernesto,Figueroa,ernesto.figueroa.784@gslingacademy.com,male,False,1,False,11,Government Officer,82,83,57,98,73,99,73
785,Liliana,Mccann,liliana.mccann.785@gslingacademy.com,female,True,7,False,7,Government Officer,100,100,97,81,74,61,81
786,Charles,Oneal,charles.oneal.786@gslingacademy.com,male,False,3,False,4,Government Officer,83,80,93,53,85,83,86
787,Jasmine,Avery,jasmine.avery.787@gslingacademy.com,female,False,3,False,8,Government Officer,92,83,94,88,86,83,100
788,Elijah,Farmer,elijah.farmer.788@gslingacademy.com,male,False,6,True,0,Government Officer,78,72,87,89,92,90,78
789,Nora,Blankenship,nora.blankenship.789@gslingacademy.com,female,True,2,False,10,Government Officer,73,90,89,70,84,74,98
790,Robert,George,robert.george.790@gslingacademy.com,male,False,5,False,10,Government Officer,73,65,89,87,88,100,81
791,Lindsay,Aguirre,lindsay.aguirre.791@gslingacademy.com,female,False,3,False,2,Government Officer,69,84,85,75,82,63,69
792,Jamie,Williams,jamie.williams.792@gslingacademy.com,male,False,8,False,10,Government Officer,83,100,96,74,97,72,86
793,Melanie,Clark,melanie.clark.793@gslingacademy.com,female,True,5,True,2,Government Officer,73,78,75,81,91,100,85
794,Amelia,Chapman,amelia.chapman.794@gslingacademy.com,female,False,2,False,8,Government Officer,91,79,82,84,82,70,100
795,Angela,Torres,angela.torres.795@gslingacademy.com,female,True,6,False,16,Government Officer,74,89,94,64,67,86,88
796,Ruben,Le,ruben.le.796@gslingacademy.com,male,False,4,True,8,Government Officer,71,89,98,57,96,64,83
797,Lindsay,Warren,lindsay.warren.797@gslingacademy.com,female,False,4,False,3,Government Officer,77,73,87,82,74,76,63
798,Velma,Weber,velma.weber.798@gslingacademy.com,female,False,2,False,21,Government Officer,64,91,89,76,81,82,79
799,Charlene,Lucas,charlene.lucas.799@gslingacademy.com,female,False,0,False,9,Government Officer,67,66,67,83,85,82,71
800,Jerry,Ross,jerry.ross.800@gslingacademy.com,male,False,3,False,6,Government Officer,68,72,93,81,80,76,82
801,Tammy,Daniel,tammy.daniel.801@gslingacademy.com,female,False,4,False,8,Government Officer,100,81,78,87,94,92,85
802,Jennie,Sanders,jennie.sanders.802@gslingacademy.com,female,False,4,False,10,Government Officer,96,88,81,87,70,74,88
803,Velma,Novak,velma.novak.803@gslingacademy.com,female,False,1,False,7,Government Officer,93,70,80,62,77,66,77
804,Trevor,Arias,trevor.arias.804@gslingacademy.com,male,False,4,False,14,Government Officer,73,98,82,99,67,76,88
805,Jenna,Finley,jenna.finley.805@gslingacademy.com,female,False,3,False,15,Government Officer,86,72,72,86,90,84,64
806,John,Mason,john.mason.806@gslingacademy.com,male,False,0,True,11,Government Officer,87,83,81,86,85,86,81
807,Jordan,Stein,jordan.stein.807@gslingacademy.com,male,False,3,False,10,Government Officer,79,78,82,89,83,74,96
808,Alan,Gilmore,alan.gilmore.808@gslingacademy.com,male,False,4,False,7,Government Officer,93,83,72,84,86,78,85
809,Liliana,Mccall,liliana.mccall.809@gslingacademy.com,female,False,4,False,2,Government Officer,79,73,65,74,86,100,73
810,Darius,Gray,darius.gray.810@gslingacademy.com,male,False,4,False,8,Government Officer,74,100,67,80,91,77,60
811,Sean,Sosa,sean.sosa.811@gslingacademy.com,male,False,3,False,12,Government Officer,88,96,69,78,79,75,83
812,Charlotte,Barnett,charlotte.barnett.812@gslingacademy.com,female,False,0,False,12,Government Officer,77,68,93,73,70,70,81
813,Noah,Mckinney,noah.mckinney.813@gslingacademy.com,male,False,0,False,15,Government Officer,84,69,67,68,73,70,64
814,Richard,Friedman,richard.friedman.814@gslingacademy.com,male,False,2,False,9,Government Officer,88,85,97,95,75,92,80
815,Mitchell,Johnson,mitchell.johnson.815@gslingacademy.com,male,False,1,False,12,Government Officer,82,95,51,78,83,62,77
816,Russell,Watson,russell.watson.816@gslingacademy.com,male,False,3,False,7,Government Officer,79,75,94,64,71,86,75
817,Dalton,Houston,dalton.houston.817@gslingacademy.com,male,False,8,False,11,Government Officer,100,79,73,87,91,71,94
818,Phyllis,Gardner,phyllis.gardner.818@gslingacademy.com,female,False,5,False,10,Government Officer,71,95,59,55,73,78,61
819,Krystal,Johnson,krystal.johnson.819@gslingacademy.com,female,False,6,False,7,Government Officer,66,74,73,88,86,81,92
820,Leroy,Holloway,leroy.holloway.820@gslingacademy.com,male,False,1,True,9,Government Officer,49,76,74,51,72,74,50
821,Charlene,Evans,charlene.evans.821@gslingacademy.com,female,False,3,False,15,Government Officer,80,81,87,100,82,80,93
822,Ariana,Reid,ariana.reid.822@gslingacademy.com,female,False,4,False,11,Government Officer,74,89,95,78,82,78,85
823,Zoey,Bowman,zoey.bowman.823@gslingacademy.com,female,False,2,False,10,Government Officer,71,93,74,67,59,78,73
824,Shane,Davidson,shane.davidson.824@gslingacademy.com,male,False,5,True,8,Government Officer,75,90,72,86,90,80,90
825,Charles,Robinson,charles.robinson.825@gslingacademy.com,male,True,1,False,8,Government Officer,55,77,96,72,83,92,76
826,Kaylee,Shaw,kaylee.shaw.826@gslingacademy.com,female,False,1,True,5,Government Officer,100,69,78,81,90,84,78
827,Gabriel,Ayers,gabriel.ayers.827@gslingacademy.com,male,False,1,False,13,Government Officer,69,83,71,81,90,97,90
828,Pamela,Mccann,pamela.mccann.828@gslingacademy.com,female,False,0,False,10,Government Officer,75,73,72,70,100,79,76
829,Trevor,Myers,trevor.myers.829@gslingacademy.com,male,False,2,True,11,Government Officer,76,78,52,87,72,89,78
830,Aaron,Patterson,aaron.patterson.830@gslingacademy.com,male,False,8,False,0,Government Officer,82,81,85,67,75,85,55
831,Stella,Reynolds,stella.reynolds.831@gslingacademy.com,female,False,1,False,12,Government Officer,82,87,70,59,82,100,85
832,Leah,Holloway,leah.holloway.832@gslingacademy.com,female,True,1,False,9,Government Officer,79,85,75,98,80,60,86
833,Micheal,Mejia,micheal.mejia.833@gslingacademy.com,male,False,5,False,7,Government Officer,75,86,100,70,97,59,85
834,Wesley,Fuller,wesley.fuller.834@gslingacademy.com,male,False,0,False,4,Government Officer,81,63,60,63,87,79,63
835,Shawn,Wiley,shawn.wiley.835@gslingacademy.com,male,False,3,True,13,Government Officer,59,53,75,70,78,94,95
836,Beulah,Franklin,beulah.franklin.836@gslingacademy.com,female,False,6,False,5,Government Officer,80,81,80,100,86,66,90
837,Tanner,Ayers,tanner.ayers.837@gslingacademy.com,male,False,2,False,7,Government Officer,68,80,87,84,90,81,79
838,Natalie,Dennis,natalie.dennis.838@gslingacademy.com,female,False,2,False,5,Government Officer,63,89,83,70,91,64,76
839,Kinsley,Potter,kinsley.potter.839@gslingacademy.com,female,False,3,False,12,Government Officer,60,78,100,75,91,90,66
840,Wesley,Owens,wesley.owens.840@gslingacademy.com,male,False,7,False,13,Government Officer,60,100,78,98,56,95,85
841,Jenny,Welch,jenny.welch.841@gslingacademy.com,female,False,1,True,18,Government Officer,85,87,68,87,71,77,87
842,Carmen,Dougherty,carmen.dougherty.842@gslingacademy.com,female,False,5,False,5,Government Officer,79,87,97,70,96,88,70
843,Jorge,Noble,jorge.noble.843@gslingacademy.com,male,True,6,False,5,Government Officer,77,94,73,94,67,98,100
844,Oliver,Williams,oliver.williams.844@gslingacademy.com,male,False,4,False,14,Government Officer,81,100,66,72,82,81,63
845,Aiden,Newman,aiden.newman.845@gslingacademy.com,male,False,4,False,1,Government Officer,93,93,86,75,83,74,77
846,Leona,Guzman,leona.guzman.846@gslingacademy.com,female,False,1,False,10,Government Officer,89,68,52,79,65,85,77
847,Ingrid,Robinson,ingrid.robinson.847@gslingacademy.com,female,True,0,True,8,Government Officer,93,66,73,78,55,76,69
848,Nina,Sawyer,nina.sawyer.848@gslingacademy.com,female,False,2,False,9,Government Officer,89,95,87,87,83,69,72
849,Andrea,Mccann,andrea.mccann.849@gslingacademy.com,female,False,1,False,13,Government Officer,74,77,99,78,91,85,79
850,Diana,Walter,diana.walter.850@gslingacademy.com,female,False,3,False,6,Government Officer,85,87,91,75,82,100,94
851,Jenna,Payne,jenna.payne.851@gslingacademy.com,female,False,2,False,8,Government Officer,82,82,75,100,99,69,75
852,Kaylee,Novak,kaylee.novak.852@gslingacademy.com,female,True,0,False,11,Government Officer,85,84,94,75,77,88,92
853,Monique,Greene,monique.greene.853@gslingacademy.com,female,False,0,False,3,Government Officer,83,75,78,55,93,88,65
854,Marcos,Joyce,marcos.joyce.854@gslingacademy.com,male,False,0,False,9,Government Officer,88,100,60,67,60,76,66
855,Peter,Calderon,peter.calderon.855@gslingacademy.com,male,True,7,False,13,Government Officer,72,97,76,85,77,100,82
856,Antoinette,Bush,antoinette.bush.856@gslingacademy.com,female,False,0,False,9,Government Officer,87,77,55,97,81,79,78
857,Teresa,Floyd,teresa.floyd.857@gslingacademy.com,female,False,5,False,12,Government Officer,76,84,90,89,71,77,81
858,Brooklyn,Gilmore,brooklyn.gilmore.858@gslingacademy.com,female,False,1,False,12,Government Officer,58,68,77,67,83,87,80
859,Sonia,Gibson,sonia.gibson.859@gslingacademy.com,female,False,0,False,8,Government Officer,80,83,75,94,77,91,75
860,Clayton,Mcdonald,clayton.mcdonald.860@gslingacademy.com,male,False,5,False,15,Government Officer,72,88,82,69,83,94,98
861,Trinity,Perry,trinity.perry.861@gslingacademy.com,female,False,2,False,9,Government Officer,85,76,80,68,80,77,73
862,Priscilla,Perry,priscilla.perry.862@gslingacademy.com,female,False,3,True,7,Government Officer,89,87,70,80,92,67,79
863,Phillip,Rubio,phillip.rubio.863@gslingacademy.com,male,False,0,False,12,Government Officer,80,75,85,92,94,95,76
864,Pamela,Henry,pamela.henry.864@gslingacademy.com,female,False,0,False,7,Government Officer,78,65,98,68,98,83,58
865,Trevor,Mason,trevor.mason.865@gslingacademy.com,male,False,4,False,13,Government Officer,89,82,92,81,65,85,84
866,Zoe,Kim,zoe.kim.866@gslingacademy.com,female,False,0,False,8,Government Officer,66,83,63,84,91,98,74
867,Kaden,Li,kaden.li.867@gslingacademy.com,male,False,4,False,12,Government Officer,82,83,80,74,92,89,80
868,Isaiah,Hernandez,isaiah.hernandez.868@gslingacademy.com,male,False,1,False,9,Government Officer,47,91,99,55,91,82,84
869,Alan,Becker,alan.becker.869@gslingacademy.com,male,False,4,False,5,Government Officer,79,63,77,89,96,91,73
870,Olivia,Dawson,olivia.dawson.870@gslingacademy.com,female,False,4,False,8,Government Officer,82,84,83,88,67,84,83
871,Angelica,Chambers,angelica.chambers.871@gslingacademy.com,female,False,5,False,18,Government Officer,89,95,66,94,77,69,100
872,Martin,Nichols,martin.nichols.872@gslingacademy.com,male,False,4,True,13,Government Officer,77,97,89,66,69,79,78
873,Sonia,Bowers,sonia.bowers.873@gslingacademy.com,female,False,3,False,5,Government Officer,70,73,78,71,69,87,73
874,Jesus,Nunez,jesus.nunez.874@gslingacademy.com,male,True,4,False,13,Government Officer,94,90,86,72,72,70,84
875,Liliana,Guerrero,liliana.guerrero.875@gslingacademy.com,female,False,5,False,6,Government Officer,84,89,97,100,69,78,78
876,Amelia,Zuniga,amelia.zuniga.876@gslingacademy.com,female,False,0,False,10,Government Officer,73,76,72,53,77,84,88
877,Emily,Grimes,emily.grimes.877@gslingacademy.com,female,True,4,False,15,Government Officer,73,83,91,72,72,97,94
878,Dale,Perry,dale.perry.878@gslingacademy.com,male,False,1,False,5,Government Officer,90,89,77,80,88,98,88
879,Eileen,Palmer,eileen.palmer.879@gslingacademy.com,female,False,7,False,16,Government Officer,58,63,70,86,41,79,65
880,Alan,Pearson,alan.pearson.880@gslingacademy.com,male,False,3,False,9,Government Officer,62,81,78,60,100,80,89
881,Veronica,Mitchell,veronica.mitchell.881@gslingacademy.com,female,False,2,True,15,Government Officer,92,78,73,62,77,77,89
882,Alex,Edwards,alex.edwards.882@gslingacademy.com,male,False,2,False,7,Government Officer,86,84,65,53,82,76,88
883,Taylor,Nash,taylor.nash.883@gslingacademy.com,female,True,3,False,4,Government Officer,77,71,77,95,72,93,82
884,Miguel,Finley,miguel.finley.884@gslingacademy.com,male,False,2,False,7,Government Officer,89,69,77,82,75,80,83
885,Natalie,Carlson,natalie.carlson.885@gslingacademy.com,female,False,0,False,3,Government Officer,89,91,93,95,87,81,89
886,Robyn,Stout,robyn.stout.886@gslingacademy.com,female,False,4,False,8,Government Officer,62,73,90,88,72,90,100
887,Gerald,Garza,gerald.garza.887@gslingacademy.com,male,False,4,False,5,Government Officer,87,93,82,87,100,69,76
888,Patrick,Warren,patrick.warren.888@gslingacademy.com,male,False,5,True,2,Government Officer,76,77,79,73,70,68,55
889,Robert,Hill,robert.hill.889@gslingacademy.com,male,False,7,False,17,Government Officer,81,82,84,84,90,82,91
890,Diego,Harris,diego.harris.890@gslingacademy.com,male,False,2,False,12,Government Officer,85,74,67,90,95,97,77
891,Gerald,Santiago,gerald.santiago.891@gslingacademy.com,male,False,3,False,6,Government Officer,85,82,84,92,66,78,88
892,Nellie,Mccall,nellie.mccall.892@gslingacademy.com,female,True,0,True,8,Government Officer,86,79,69,65,94,88,88
893,Eleanor,Ortega,eleanor.ortega.893@gslingacademy.com,female,False,0,False,12,Government Officer,99,96,81,78,86,59,86
894,Dalton,Collier,dalton.collier.894@gslingacademy.com,male,False,1,False,9,Government Officer,74,78,81,56,85,88,67
895,Logan,Hodge,logan.hodge.895@gslingacademy.com,male,False,2,True,12,Government Officer,82,81,72,74,68,75,51
896,Isabelle,Gardner,isabelle.gardner.896@gslingacademy.com,female,False,4,False,14,Government Officer,92,93,100,93,87,78,100
897,George,Jacobson,george.jacobson.897@gslingacademy.com,male,False,2,False,3,Government Officer,100,91,85,74,74,73,71
898,Liliana,Cantu,liliana.cantu.898@gslingacademy.com,female,False,4,True,10,Government Officer,80,79,83,88,64,92,81
899,Stella,Ramos,stella.ramos.899@gslingacademy.com,female,False,2,False,8,Government Officer,70,83,63,69,93,75,75
900,Travis,Sawyer,travis.sawyer.900@gslingacademy.com,male,False,2,False,12,Government Officer,95,64,83,86,98,64,97
901,Tara,Clark,tara.clark.901@gslingacademy.com,female,False,5,False,3,Artist,71,74,88,80,89,63,86
902,Natasha,Hansen,natasha.hansen.902@gslingacademy.com,female,False,3,True,2,Artist,86,76,84,93,76,69,91
903,Rhonda,Jones,rhonda.jones.903@gslingacademy.com,female,False,2,False,4,Artist,87,73,98,91,79,60,77
904,Stephen,Patton,stephen.patton.904@gslingacademy.com,male,True,6,False,1,Artist,90,80,63,94,64,70,79
905,Marc,Villanueva,marc.villanueva.905@gslingacademy.com,male,True,2,True,3,Artist,71,85,77,89,98,63,100
906,Jenny,Lloyd,jenny.lloyd.906@gslingacademy.com,female,False,3,False,2,Artist,69,78,69,70,100,88,85
907,April,Ryan,april.ryan.907@gslingacademy.com,female,False,1,False,1,Artist,98,95,90,81,82,86,98
908,Chad,Morgan,chad.morgan.908@gslingacademy.com,male,False,2,False,2,Artist,100,90,82,79,94,83,78
909,Holly,Henderson,holly.henderson.909@gslingacademy.com,female,False,3,False,3,Artist,93,100,87,66,85,96,87
910,Christopher,Cruz,christopher.cruz.910@gslingacademy.com,male,False,4,False,2,Artist,76,93,65,95,76,88,88
911,Nancy,Pierce,nancy.pierce.911@gslingacademy.com,female,True,4,True,4,Artist,82,85,75,92,76,95,85
912,Jill,Sexton,jill.sexton.912@gslingacademy.com,female,False,1,True,0,Artist,71,84,66,75,93,84,69
913,Megan,Moyer,megan.moyer.913@gslingacademy.com,female,True,2,False,1,Artist,82,95,68,64,97,99,60
914,Crystal,Nguyen,crystal.nguyen.914@gslingacademy.com,female,False,1,False,1,Artist,95,73,79,81,82,69,100
915,Anthony,Mullins,anthony.mullins.915@gslingacademy.com,male,False,5,True,3,Artist,97,88,67,72,83,87,62
916,Michael,Clark,michael.clark.916@gslingacademy.com,male,False,5,False,2,Artist,85,63,83,83,69,94,80
917,Justin,Mitchell,justin.mitchell.917@gslingacademy.com,male,False,1,True,4,Artist,84,67,79,60,69,80,98
918,Sherry,Brown,sherry.brown.918@gslingacademy.com,female,False,10,True,3,Artist,87,82,88,100,73,96,75
919,Rita,Cochran,rita.cochran.919@gslingacademy.com,female,False,1,False,5,Artist,72,91,78,97,86,93,77
920,Timothy,Powell,timothy.powell.920@gslingacademy.com,male,False,4,True,1,Artist,79,97,100,94,65,62,76
921,Susan,Lynch,susan.lynch.921@gslingacademy.com,female,False,0,False,5,Artist,87,91,93,92,97,95,99
922,Logan,Lindsey,logan.lindsey.922@gslingacademy.com,male,False,3,False,4,Artist,83,78,68,72,77,89,70
923,Mark,Padilla,mark.padilla.923@gslingacademy.com,male,False,3,False,0,Artist,66,78,86,87,64,65,64
924,Elizabeth,Smith,elizabeth.smith.924@gslingacademy.com,female,False,2,True,4,Artist,83,89,99,100,73,86,88
925,Walter,King,walter.king.925@gslingacademy.com,male,False,1,False,5,Artist,62,89,72,68,85,80,75
926,Alexander,Burnett,alexander.burnett.926@gslingacademy.com,male,False,5,False,2,Artist,98,99,64,88,72,87,99
927,Aaron,Williamson,aaron.williamson.927@gslingacademy.com,male,False,2,True,0,Artist,88,69,76,64,90,78,80
928,Julian,Ortiz,julian.ortiz.928@gslingacademy.com,male,False,3,False,4,Artist,83,75,77,61,93,61,75
929,Angie,White,angie.white.929@gslingacademy.com,female,False,6,False,0,Artist,62,79,75,65,71,75,93
930,Eric,Jones,eric.jones.930@gslingacademy.com,male,False,5,True,2,Artist,100,67,98,71,92,79,99
931,Lisa,Cowan,lisa.cowan.931@gslingacademy.com,female,False,1,False,1,Artist,70,63,73,97,63,61,90
932,Heather,Bentley,heather.bentley.932@gslingacademy.com,female,False,1,True,2,Artist,73,71,60,70,78,72,78
933,Mary,Bird,mary.bird.933@gslingacademy.com,female,False,3,False,0,Artist,92,65,95,60,93,69,82
934,Alison,Webster,alison.webster.934@gslingacademy.com,female,True,1,True,1,Artist,63,75,68,63,63,73,79
935,Tiffany,Fields,tiffany.fields.935@gslingacademy.com,female,False,1,False,5,Artist,68,67,65,68,63,97,63
936,Alexandra,Brown,alexandra.brown.936@gslingacademy.com,female,False,3,False,2,Artist,76,73,74,73,81,87,84
937,Justin,Lester,justin.lester.937@gslingacademy.com,male,False,7,True,1,Artist,98,85,75,66,73,88,85
938,Melissa,Gonzales,melissa.gonzales.938@gslingacademy.com,female,True,2,False,0,Artist,100,95,60,89,77,89,67
939,Sarah,Mckinney,sarah.mckinney.939@gslingacademy.com,female,False,3,True,5,Artist,87,96,67,64,67,81,90
940,Derrick,Melton,derrick.melton.940@gslingacademy.com,male,False,8,True,0,Artist,93,78,98,76,86,89,92
941,Cassandra,Flores,cassandra.flores.941@gslingacademy.com,female,True,3,True,0,Artist,72,62,96,95,97,71,83
942,Rebecca,Roman,rebecca.roman.942@gslingacademy.com,female,False,1,False,2,Artist,62,100,91,75,99,76,78
943,Crystal,Miller,crystal.miller.943@gslingacademy.com,female,False,4,False,4,Artist,98,80,66,94,86,72,86
944,Katrina,Montgomery,katrina.montgomery.944@gslingacademy.com,female,False,5,False,3,Artist,65,67,91,81,97,99,75
945,Ryan,Long,ryan.long.945@gslingacademy.com,male,False,2,False,3,Artist,80,85,85,60,77,90,81
946,Robert,Hancock,robert.hancock.946@gslingacademy.com,male,False,2,False,1,Artist,79,88,97,94,89,82,97
947,Susan,Perez,susan.perez.947@gslingacademy.com,female,False,5,False,5,Artist,83,94,77,97,78,60,85
948,Gina,Kennedy,gina.kennedy.948@gslingacademy.com,female,False,1,False,3,Artist,65,67,90,99,93,91,99
949,Connie,Colon,connie.colon.949@gslingacademy.com,female,False,5,False,1,Artist,88,62,65,98,92,64,82
950,Jeremiah,Lee,jeremiah.lee.950@gslingacademy.com,male,False,3,False,4,Artist,73,73,81,78,82,85,66
951,Patricia,Pope,patricia.pope.951@gslingacademy.com,female,False,3,True,5,Artist,60,69,80,87,100,93,92
952,Jeremy,Bailey,jeremy.bailey.952@gslingacademy.com,male,False,3,False,1,Artist,63,78,97,67,72,64,67
953,Thomas,Odom,thomas.odom.953@gslingacademy.com,male,False,3,False,4,Artist,75,69,97,98,60,60,85
954,Christine,Smith,christine.smith.954@gslingacademy.com,female,False,4,True,4,Artist,79,100,75,85,100,81,64
955,Amanda,Padilla,amanda.padilla.955@gslingacademy.com,female,False,2,False,2,Artist,91,87,84,91,96,88,82
956,Stephanie,Spencer,stephanie.spencer.956@gslingacademy.com,female,False,1,False,5,Artist,63,86,72,72,90,75,92
957,Rhonda,Munoz,rhonda.munoz.957@gslingacademy.com,female,False,0,False,5,Artist,73,100,78,77,71,61,66
958,Erica,Lopez,erica.lopez.958@gslingacademy.com,female,False,5,False,4,Artist,80,61,89,98,73,90,88
959,Angel,Williams,angel.williams.959@gslingacademy.com,male,False,6,False,5,Artist,81,97,88,81,63,88,67
960,Rebecca,Pearson,rebecca.pearson.960@gslingacademy.com,female,False,3,True,1,Artist,90,96,89,88,94,73,77
961,Laura,Allen,laura.allen.961@gslingacademy.com,female,False,1,False,3,Artist,99,85,60,81,75,78,78
962,William,Patterson,william.patterson.962@gslingacademy.com,male,False,3,False,2,Artist,70,100,92,73,67,68,76
963,Caitlin,Duncan,caitlin.duncan.963@gslingacademy.com,female,False,1,False,2,Artist,87,78,74,75,95,69,99
964,Rachel,Reeves,rachel.reeves.964@gslingacademy.com,female,False,3,False,2,Artist,64,69,79,89,72,64,82
965,Antonio,Beasley,antonio.beasley.965@gslingacademy.com,male,False,4,False,3,Artist,63,97,80,84,90,63,64
966,Carol,Ramos,carol.ramos.966@gslingacademy.com,female,False,6,False,1,Artist,96,66,76,71,94,72,86
967,Cindy,Bradley,cindy.bradley.967@gslingacademy.com,female,False,2,False,3,Artist,62,67,85,97,98,62,73
968,Alexandra,Moon,alexandra.moon.968@gslingacademy.com,female,False,4,False,3,Artist,91,93,62,87,86,81,67
969,Suzanne,Obrien,suzanne.obrien.969@gslingacademy.com,female,False,3,False,2,Artist,82,100,86,98,78,78,84
970,Viola,Douglas,viola.douglas.970@gslingacademy.com,female,False,5,False,2,Artist,96,100,50,73,90,84,75
971,Daniel,Merritt,daniel.merritt.971@gslingacademy.com,male,False,2,False,4,Artist,73,75,74,79,83,67,80
972,Nina,Barnes,nina.barnes.972@gslingacademy.com,female,True,1,False,2,Artist,61,92,68,76,98,88,75
973,Cora,Bush,cora.bush.973@gslingacademy.com,female,False,3,False,2,Artist,88,89,87,76,88,78,83
974,Leslie,Hudson,leslie.hudson.974@gslingacademy.com,female,False,2,True,1,Artist,59,69,73,62,73,49,74
975,Caleb,May,caleb.may.975@gslingacademy.com,male,False,0,True,3,Artist,82,84,74,79,84,86,80
976,Roger,Larsen,roger.larsen.976@gslingacademy.com,male,False,2,False,1,Artist,84,73,82,89,89,66,71
977,Ebony,Weber,ebony.weber.977@gslingacademy.com,female,False,1,False,2,Artist,61,89,64,80,91,87,75
978,Audrey,Stout,audrey.stout.978@gslingacademy.com,female,False,4,True,0,Artist,61,77,67,77,76,86,79
979,Carol,Jenkins,carol.jenkins.979@gslingacademy.com,female,False,0,False,1,Artist,73,85,86,89,67,85,83
980,Randall,Martinez,randall.martinez.980@gslingacademy.com,male,False,0,False,3,Artist,64,84,70,83,98,99,71
981,Enrique,Walsh,enrique.walsh.981@gslingacademy.com,male,False,2,False,5,Artist,72,92,82,93,77,74,84
982,Ruby,Cohen,ruby.cohen.982@gslingacademy.com,female,False,5,False,5,Artist,86,78,68,80,88,92,80
983,Gerardo,Vance,gerardo.vance.983@gslingacademy.com,male,False,5,False,0,Artist,98,100,69,70,81,99,81
984,Benjamin,Logan,benjamin.logan.984@gslingacademy.com,male,False,3,False,0,Artist,79,74,86,86,91,43,76
985,Kinsley,Sweeney,kinsley.sweeney.985@gslingacademy.com,female,False,0,False,1,Artist,77,83,70,80,93,61,86
986,Noah,Morrison,noah.morrison.986@gslingacademy.com,male,False,5,False,2,Artist,76,89,83,74,62,76,90
987,Hannah,Gallagher,hannah.gallagher.987@gslingacademy.com,female,False,0,False,3,Artist,55,62,79,70,92,59,69
988,Stephen,Peterson,stephen.peterson.988@gslingacademy.com,male,False,5,False,2,Artist,82,75,58,55,89,89,99
989,Lindsay,Avila,lindsay.avila.989@gslingacademy.com,female,False,0,False,1,Artist,72,73,79,70,83,73,100
990,Jorge,Leblanc,jorge.leblanc.990@gslingacademy.com,male,False,2,False,3,Artist,66,77,57,79,78,93,95
991,Kimberly,Chan,kimberly.chan.991@gslingacademy.com,female,False,2,False,2,Artist,82,83,92,75,62,67,83
992,Bianca,Stevens,bianca.stevens.992@gslingacademy.com,female,False,2,False,4,Artist,98,100,87,91,71,92,95
993,Amelia,May,amelia.may.993@gslingacademy.com,female,False,0,True,4,Artist,81,80,59,59,87,79,83
994,Alex,Snow,alex.snow.994@gslingacademy.com,male,False,8,False,2,Artist,56,87,83,71,100,75,79
995,Aurora,Hart,aurora.hart.995@gslingacademy.com,female,False,2,False,0,Artist,84,76,75,81,73,64,83
996,Dennis,Alvarez,dennis.alvarez.996@gslingacademy.com,male,False,6,False,1,Artist,94,69,77,73,98,74,71
997,Juan,Bridges,juan.bridges.997@gslingacademy.com,male,True,4,False,0,Artist,99,96,90,91,78,42,93
998,Carmen,Fuller,carmen.fuller.998@gslingacademy.com,female,False,4,False,1,Artist,89,82,52,62,74,80,63
999,Pedro,Hicks,pedro.hicks.999@gslingacademy.com,male,False,3,False,0,Artist,76,83,96,75,86,81,69
1000,Julia,Wade,julia.wade.1000@gslingacademy.com,female,True,0,False,2,Artist,86,84,84,74,100,76,77
1001,Faith,Rocha,faith.rocha.1001@gslingacademy.com,female,False,3,True,1,Artist,77,75,90,97,87,63,96
1002,Gerardo,Alexander,gerardo.alexander.1002@gslingacademy.com,male,False,2,False,2,Artist,71,73,84,79,82,100,97
1003,Bryce,Cox,bryce.cox.1003@gslingacademy.com,male,False,2,False,5,Artist,93,83,100,100,87,78,89
1004,Addison,Sandoval,addison.sandoval.1004@gslingacademy.com,female,False,2,True,2,Artist,75,85,90,87,76,89,72
1005,Shawna,Mitchell,shawna.mitchell.1005@gslingacademy.com,female,False,2,False,2,Artist,78,75,70,68,81,81,84
1006,Chelsea,Castillo,chelsea.castillo.1006@gslingacademy.com,female,False,4,False,2,Artist,83,71,97,99,81,83,93
1007,Ernesto,Morse,ernesto.morse.1007@gslingacademy.com,male,True,6,False,0,Artist,99,100,75,95,69,79,82
1008,Pamela,Howell,pamela.howell.1008@gslingacademy.com,female,False,4,False,6,Artist,89,75,76,72,62,98,65
1009,Riley,Sosa,riley.sosa.1009@gslingacademy.com,female,False,5,False,3,Artist,92,78,52,84,76,80,90
1010,Luis,Torres,luis.torres.1010@gslingacademy.com,male,False,3,False,4,Artist,52,75,72,76,66,87,80
1011,Clara,Kirby,clara.kirby.1011@gslingacademy.com,female,False,5,False,2,Artist,77,65,75,68,69,82,98
1012,Diego,Collier,diego.collier.1012@gslingacademy.com,male,False,0,True,3,Artist,75,88,84,89,90,67,75
1013,Monica,Gonzales,monica.gonzales.1013@gslingacademy.com,female,False,1,False,0,Artist,100,100,76,85,100,92,72
1014,Willow,Brady,willow.brady.1014@gslingacademy.com,female,True,5,False,5,Artist,87,71,77,84,81,82,67
1015,Cassandra,Harris,cassandra.harris.1015@gslingacademy.com,female,False,0,False,2,Artist,56,64,65,71,70,78,82
1016,Carl,Mercado,carl.mercado.1016@gslingacademy.com,male,False,3,False,2,Artist,70,73,56,84,86,83,73
1017,Autumn,Juarez,autumn.juarez.1017@gslingacademy.com,female,True,1,True,3,Artist,72,60,92,87,87,72,64
1018,Christopher,Daniel,christopher.daniel.1018@gslingacademy.com,male,False,5,False,3,Artist,90,62,63,89,63,80,97
1019,Carla,Douglas,carla.douglas.1019@gslingacademy.com,female,False,2,False,4,Artist,71,91,68,87,73,56,90
1020,Bryan,Knapp,bryan.knapp.1020@gslingacademy.com,male,False,0,False,4,Artist,67,85,75,80,79,94,83
1021,Grace,Washington,grace.washington.1021@gslingacademy.com,female,False,7,False,3,Artist,69,92,67,100,100,96,65
1022,Peter,Hill,peter.hill.1022@gslingacademy.com,male,False,0,False,4,Artist,80,92,78,91,79,86,97
1023,Isaac,Campos,isaac.campos.1023@gslingacademy.com,male,False,0,False,0,Artist,80,79,92,92,100,91,67
1024,Richard,Jimenez,richard.jimenez.1024@gslingacademy.com,male,True,9,False,0,Artist,99,61,56,85,94,90,95
1025,Everly,Hamilton,everly.hamilton.1025@gslingacademy.com,female,False,4,True,2,Artist,94,100,89,83,80,95,89
1026,William,Malcolm,william.malcolm.1026@gslingacademy.com,male,False,1,True,3,Artist,81,92,64,71,73,70,76
1027,Lydia,Klein,lydia.klein.1027@gslingacademy.com,female,False,4,False,3,Artist,82,92,87,97,80,92,86
1028,Ricky,Frazier,ricky.frazier.1028@gslingacademy.com,male,False,5,False,3,Artist,63,87,85,94,98,100,78
1029,Tanya,Vargas,tanya.vargas.1029@gslingacademy.com,female,False,2,True,1,Artist,93,100,77,96,70,80,84
1030,Randall,Hunter,randall.hunter.1030@gslingacademy.com,male,False,0,False,2,Artist,66,82,79,90,92,100,89
1031,Shawn,Mason,shawn.mason.1031@gslingacademy.com,male,False,4,True,3,Artist,62,72,69,84,81,60,80
1032,Joseph,Sandoval,joseph.sandoval.1032@gslingacademy.com,male,False,3,False,2,Artist,100,61,78,72,54,88,86
1033,Colleen,Fields,colleen.fields.1033@gslingacademy.com,female,False,3,True,2,Artist,100,77,74,71,92,80,95
1034,Elizabeth,Klein,elizabeth.klein.1034@gslingacademy.com,female,False,1,False,0,Artist,77,100,78,90,81,65,100
1035,Eva,Heath,eva.heath.1035@gslingacademy.com,female,False,2,False,3,Artist,62,78,100,83,84,75,82
1036,Travis,Wheeler,travis.wheeler.1036@gslingacademy.com,male,False,3,False,0,Artist,68,90,79,64,93,76,63
1037,Krystal,Jenkins,krystal.jenkins.1037@gslingacademy.com,female,False,0,False,0,Artist,67,76,83,69,73,59,86
1038,Daisy,Harris,daisy.harris.1038@gslingacademy.com,female,False,4,True,0,Artist,83,66,87,67,63,83,94
1039,Leslie,Morales,leslie.morales.1039@gslingacademy.com,female,False,2,True,0,Artist,80,78,88,88,89,85,85
1040,Shawna,Welch,shawna.welch.1040@gslingacademy.com,female,False,4,False,2,Artist,69,86,85,79,57,74,62
1041,Kinsley,Cole,kinsley.cole.1041@gslingacademy.com,female,False,4,False,0,Artist,92,79,90,66,100,69,76
1042,Abraham,Sosa,abraham.sosa.1042@gslingacademy.com,male,False,4,True,1,Artist,87,77,93,69,84,72,70
1043,James,Mccall,james.mccall.1043@gslingacademy.com,male,False,3,False,4,Artist,71,88,73,75,82,89,57
1044,Alice,Bush,alice.bush.1044@gslingacademy.com,female,False,1,False,4,Artist,65,80,80,82,100,92,92
1045,Leroy,Hartman,leroy.hartman.1045@gslingacademy.com,male,False,3,False,5,Artist,87,64,81,84,89,83,92
1046,Angela,Phillips,angela.phillips.1046@gslingacademy.com,female,False,4,False,0,Artist,90,94,64,79,58,72,66
1047,Jorge,Arias,jorge.arias.1047@gslingacademy.com,male,False,5,False,1,Artist,98,72,81,92,91,92,74
1048,Aubree,Herrera,aubree.herrera.1048@gslingacademy.com,female,True,4,False,2,Artist,77,74,73,74,74,91,81
1049,Elena,Peterson,elena.peterson.1049@gslingacademy.com,female,False,3,False,3,Artist,97,89,86,54,96,64,88
1050,Gabriella,Mathews,gabriella.mathews.1050@gslingacademy.com,female,False,5,False,0,Artist,65,88,59,62,68,63,78
1051,Samuel,Watkins,samuel.watkins.1051@gslingacademy.com,male,False,2,True,2,Artist,99,89,78,79,59,70,86
1052,Jordan,Tucker,jordan.tucker.1052@gslingacademy.com,male,False,2,False,3,Artist,73,48,79,73,73,80,92
1053,Jorge,Brock,jorge.brock.1053@gslingacademy.com,male,False,5,False,2,Artist,70,89,90,71,82,100,74
1054,Tina,Rojas,tina.rojas.1054@gslingacademy.com,female,False,4,True,5,Artist,78,88,66,77,69,92,59
1055,Natalie,Aguilar,natalie.aguilar.1055@gslingacademy.com,female,False,0,True,5,Artist,81,75,61,63,80,82,81
1056,Melanie,Fox,melanie.fox.1056@gslingacademy.com,female,False,0,False,0,Artist,100,79,81,66,92,71,93
1057,Mark,Allen,mark.allen.1057@gslingacademy.com,male,False,3,True,2,Artist,82,90,90,94,78,75,92
1058,Jonathan,Stevens,jonathan.stevens.1058@gslingacademy.com,male,False,1,False,1,Artist,65,51,83,77,81,74,87
1059,Pamela,Shepherd,pamela.shepherd.1059@gslingacademy.com,female,False,2,False,4,Artist,85,84,60,79,94,75,78
1060,Cora,Porter,cora.porter.1060@gslingacademy.com,female,False,2,False,0,Artist,81,93,61,64,89,82,100
1061,Bailey,Taylor,bailey.taylor.1061@gslingacademy.com,female,False,2,True,5,Artist,71,70,71,89,89,88,99
1062,Gregory,Li,gregory.li.1062@gslingacademy.com,male,False,8,False,2,Artist,93,81,65,72,88,99,62
1063,Cynthia,Gibson,cynthia.gibson.1063@gslingacademy.com,female,False,1,False,0,Artist,62,73,51,67,83,83,66
1064,Rickey,Krueger,rickey.krueger.1064@gslingacademy.com,male,False,0,False,3,Artist,77,68,84,81,89,76,97
1065,Aria,Rogers,aria.rogers.1065@gslingacademy.com,female,True,5,False,1,Artist,71,82,76,63,67,71,79
1066,Cecilia,Hutchinson,cecilia.hutchinson.1066@gslingacademy.com,female,True,1,False,2,Artist,80,85,69,80,85,86,93
1067,Krystal,Hanson,krystal.hanson.1067@gslingacademy.com,female,False,2,False,4,Artist,57,82,84,97,74,67,76
1068,Madison,Donovan,madison.donovan.1068@gslingacademy.com,female,False,5,False,2,Artist,63,71,82,80,74,83,67
1069,Clayton,Richards,clayton.richards.1069@gslingacademy.com,male,False,1,True,3,Artist,69,100,73,74,75,74,64
1070,Bernard,Hall,bernard.hall.1070@gslingacademy.com,male,False,3,False,4,Artist,67,100,79,91,52,69,68
1071,Todd,Larsen,todd.larsen.1071@gslingacademy.com,male,False,3,False,0,Artist,87,78,76,92,74,72,94
1072,Russell,Cortez,russell.cortez.1072@gslingacademy.com,male,False,0,True,3,Artist,58,73,83,92,89,87,100
1073,Spencer,Nolan,spencer.nolan.1073@gslingacademy.com,male,False,4,False,2,Artist,74,70,84,91,96,77,93
1074,Kristy,Morales,kristy.morales.1074@gslingacademy.com,female,False,2,False,4,Artist,82,77,87,76,72,78,86
1075,Colby,Salinas,colby.salinas.1075@gslingacademy.com,male,True,4,False,3,Artist,96,89,65,88,83,69,84
1076,Brett,Gonzales,brett.gonzales.1076@gslingacademy.com,male,False,3,False,2,Artist,100,75,78,99,65,79,99
1077,Jennie,Heath,jennie.heath.1077@gslingacademy.com,female,False,1,False,3,Artist,87,92,92,86,77,79,90
1078,Kenneth,Chavez,kenneth.chavez.1078@gslingacademy.com,male,False,2,False,2,Artist,78,69,78,86,72,75,82
1079,Jenna,Patel,jenna.patel.1079@gslingacademy.com,female,False,4,False,4,Artist,99,99,79,93,70,72,79
1080,Raymond,Ortiz,raymond.ortiz.1080@gslingacademy.com,male,False,2,False,3,Artist,79,91,73,44,85,62,94
1081,Layla,Weber,layla.weber.1081@gslingacademy.com,female,False,0,True,0,Artist,84,100,72,83,82,72,99
1082,Clifford,Grimes,clifford.grimes.1082@gslingacademy.com,male,False,3,False,0,Artist,78,70,73,75,89,96,85
1083,Paige,Bush,paige.bush.1083@gslingacademy.com,female,False,3,False,2,Artist,79,80,62,73,67,88,48
1084,Taylor,Baxter,taylor.baxter.1084@gslingacademy.com,female,False,1,False,2,Artist,79,74,54,62,87,86,86
1085,Graham,Cruz,graham.cruz.1085@gslingacademy.com,male,False,1,True,3,Artist,92,91,81,74,89,64,82
1086,Denise,Jenkins,denise.jenkins.1086@gslingacademy.com,female,True,5,False,3,Artist,89,100,94,80,79,79,75
1087,Ramon,Alexander,ramon.alexander.1087@gslingacademy.com,male,False,7,False,5,Artist,97,72,87,85,73,88,96
1088,Hailey,Acevedo,hailey.acevedo.1088@gslingacademy.com,female,False,2,False,0,Artist,80,89,60,65,98,98,84
1089,Seth,George,seth.george.1089@gslingacademy.com,male,True,5,False,0,Artist,73,73,74,70,78,74,81
1090,Tonya,Holder,tonya.holder.1090@gslingacademy.com,female,False,1,False,3,Artist,88,91,79,79,100,87,96
1091,Armando,Baxter,armando.baxter.1091@gslingacademy.com,male,False,0,True,3,Artist,77,82,90,93,96,64,76
1092,Tabitha,Snow,tabitha.snow.1092@gslingacademy.com,female,False,4,False,0,Artist,98,79,78,90,84,86,98
1093,Todd,Ross,todd.ross.1093@gslingacademy.com,male,False,1,False,2,Artist,76,77,82,68,85,85,100
1094,Erica,Bowers,erica.bowers.1094@gslingacademy.com,female,False,4,False,2,Artist,72,84,100,92,89,75,83
1095,Evan,Munoz,evan.munoz.1095@gslingacademy.com,male,False,3,False,3,Artist,68,84,69,86,82,89,97
1096,Isabelle,Hampton,isabelle.hampton.1096@gslingacademy.com,female,False,4,False,0,Artist,97,99,65,44,95,90,70
1097,Casey,Koch,casey.koch.1097@gslingacademy.com,male,True,3,False,3,Artist,77,77,93,88,100,84,92
1098,Rachel,Sanders,rachel.sanders.1098@gslingacademy.com,female,False,1,True,2,Artist,92,68,91,80,90,65,87
1099,Pedro,Mendoza,pedro.mendoza.1099@gslingacademy.com,male,False,3,True,0,Artist,88,82,81,71,75,81,86
1100,Evelyn,Aguirre,evelyn.aguirre.1100@gslingacademy.com,female,False,3,False,6,Artist,82,66,93,94,79,82,88
1101,Stephen,Hanna,stephen.hanna.1101@gslingacademy.com,male,False,4,False,4,Artist,95,86,96,92,92,81,76
1102,Nora,Hughes,nora.hughes.1102@gslingacademy.com,female,False,6,False,0,Artist,66,77,80,79,95,74,78
1103,Michael,Mathews,michael.mathews.1103@gslingacademy.com,male,False,3,False,1,Artist,88,58,68,86,89,55,85
1104,Jocelyn,Finley,jocelyn.finley.1104@gslingacademy.com,female,True,3,False,2,Artist,95,59,77,77,91,53,91
1105,Charles,Joyce,charles.joyce.1105@gslingacademy.com,male,False,4,False,1,Artist,84,89,77,94,64,68,80
1106,Cooper,Munoz,cooper.munoz.1106@gslingacademy.com,male,False,4,False,2,Artist,98,68,97,76,100,82,88
1107,Bernard,Buckley,bernard.buckley.1107@gslingacademy.com,male,False,1,False,1,Artist,91,85,65,83,76,81,86
1108,Cynthia,Bowman,cynthia.bowman.1108@gslingacademy.com,female,False,3,True,5,Artist,72,80,80,73,65,71,83
1109,Clarence,Stanley,clarence.stanley.1109@gslingacademy.com,male,False,5,False,2,Artist,70,67,100,100,62,52,93
1110,Courtney,Coleman,courtney.coleman.1110@gslingacademy.com,female,False,0,False,2,Artist,63,58,86,64,100,79,87
1111,Kathy,Alvarado,kathy.alvarado.1111@gslingacademy.com,female,False,1,False,0,Artist,61,86,84,93,95,80,73
1112,Casey,Johnston,casey.johnston.1112@gslingacademy.com,male,False,3,False,1,Artist,80,71,61,79,85,78,68
1113,Reid,Carpenter,reid.carpenter.1113@gslingacademy.com,male,False,7,False,2,Artist,86,85,75,95,84,64,88
1114,Madison,English,madison.english.1114@gslingacademy.com,female,False,0,False,7,Artist,60,87,98,84,93,75,74
1115,Daisy,Alexander,daisy.alexander.1115@gslingacademy.com,female,False,3,False,3,Artist,78,82,56,98,67,86,68
1116,Rylee,Blankenship,rylee.blankenship.1116@gslingacademy.com,female,False,2,False,2,Artist,67,69,78,51,77,83,88
1117,Aaron,Hardin,aaron.hardin.1117@gslingacademy.com,male,False,2,True,0,Artist,82,73,84,66,76,72,94
1118,Elias,Knox,elias.knox.1118@gslingacademy.com,male,False,5,False,2,Artist,69,67,79,77,82,100,70
1119,Michelle,Boyd,michelle.boyd.1119@gslingacademy.com,female,False,8,False,0,Artist,76,54,95,74,61,73,85
1120,Reagan,Robinson,reagan.robinson.1120@gslingacademy.com,female,True,3,False,1,Artist,66,66,92,100,90,78,81
1121,Samantha,Fuller,samantha.fuller.1121@gslingacademy.com,female,False,4,False,0,Artist,62,73,73,74,86,57,72
1122,Jeffery,Avila,jeffery.avila.1122@gslingacademy.com,male,False,6,False,1,Artist,73,59,77,56,75,100,84
1123,Kimberly,Sweeney,kimberly.sweeney.1123@gslingacademy.com,female,False,4,False,3,Artist,70,91,79,93,94,95,83
1124,Kelly,Daniels,kelly.daniels.1124@gslingacademy.com,female,False,5,False,3,Artist,78,63,69,99,81,92,64
1125,Henry,Stout,henry.stout.1125@gslingacademy.com,male,False,0,False,4,Artist,73,72,75,95,88,92,85
1126,Russell,Yates,russell.yates.1126@gslingacademy.com,male,False,3,False,4,Artist,75,100,69,76,70,90,81
1127,Jenny,Wells,jenny.wells.1127@gslingacademy.com,female,False,0,False,3,Artist,76,93,85,57,92,78,78
1128,Rickey,Grimes,rickey.grimes.1128@gslingacademy.com,male,False,4,False,0,Artist,73,76,67,82,70,86,63
1129,Kristy,Sanders,kristy.sanders.1129@gslingacademy.com,female,False,1,False,1,Artist,77,85,65,94,90,76,89
1130,Barry,Bridges,barry.bridges.1130@gslingacademy.com,male,False,3,True,2,Artist,82,92,85,73,91,77,72
1131,Samuel,Mcguire,samuel.mcguire.1131@gslingacademy.com,male,False,2,True,0,Artist,96,67,79,86,76,79,76
1132,Derek,Baxter,derek.baxter.1132@gslingacademy.com,male,False,4,True,3,Artist,86,84,80,78,87,88,84
1133,Brooke,Silva,brooke.silva.1133@gslingacademy.com,female,False,4,True,3,Artist,83,89,100,100,91,82,81
1134,Luis,Stanley,luis.stanley.1134@gslingacademy.com,male,False,6,False,2,Artist,72,77,75,72,90,93,67
1135,Francis,Tanner,francis.tanner.1135@gslingacademy.com,male,False,1,False,3,Artist,100,81,66,70,64,100,76
1136,Sergio,Stafford,sergio.stafford.1136@gslingacademy.com,male,False,0,True,0,Artist,73,91,66,82,48,61,85
1137,Sophia,Turner,sophia.turner.1137@gslingacademy.com,female,False,5,False,3,Artist,76,80,95,84,62,71,73
1138,Zoe,Silva,zoe.silva.1138@gslingacademy.com,female,False,1,False,3,Artist,72,83,90,100,67,43,92
1139,Leroy,Bowers,leroy.bowers.1139@gslingacademy.com,male,False,3,False,2,Artist,86,92,100,93,83,77,82
1140,Jeffrey,Wood,jeffrey.wood.1140@gslingacademy.com,male,False,4,False,0,Artist,90,90,66,86,80,68,84
1141,Brielle,Gentry,brielle.gentry.1141@gslingacademy.com,female,True,6,False,2,Artist,98,60,87,94,81,79,74
1142,Suzanne,Werner,suzanne.werner.1142@gslingacademy.com,female,False,2,False,0,Artist,92,83,79,80,95,71,95
1143,Melvin,Mccormick,melvin.mccormick.1143@gslingacademy.com,male,False,3,False,3,Artist,88,81,82,80,82,78,100
1144,Shawn,Fuller,shawn.fuller.1144@gslingacademy.com,male,False,3,True,2,Artist,58,73,87,69,75,76,70
1145,Samuel,Vaughn,samuel.vaughn.1145@gslingacademy.com,male,False,4,False,3,Artist,86,100,77,76,59,84,91
1146,Aria,Sawyer,aria.sawyer.1146@gslingacademy.com,female,False,4,True,3,Artist,88,76,66,87,54,91,79
1147,Dustin,Simmons,dustin.simmons.1147@gslingacademy.com,male,False,3,False,0,Artist,73,83,99,70,82,59,87
1148,Aiden,Meyer,aiden.meyer.1148@gslingacademy.com,male,True,4,False,0,Artist,94,79,74,86,87,80,73
1149,Griffin,Butler,griffin.butler.1149@gslingacademy.com,male,False,0,True,0,Artist,75,83,93,94,100,57,82
1150,Nicole,Campbell,nicole.campbell.1150@gslingacademy.com,female,False,1,False,0,Artist,79,54,76,95,89,79,100
1151,Benjamin,Morse,benjamin.morse.1151@gslingacademy.com,male,False,6,False,0,Artist,76,100,70,88,58,68,57
1152,Brittany,Davis,brittany.davis.1152@gslingacademy.com,female,False,0,False,3,Artist,48,91,82,81,85,73,86
1153,Ariana,Cortez,ariana.cortez.1153@gslingacademy.com,female,False,5,False,2,Artist,78,85,100,100,77,77,89
1154,Alice,Harrison,alice.harrison.1154@gslingacademy.com,female,False,4,False,0,Artist,78,76,80,68,97,99,70
1155,Isabelle,Luna,isabelle.luna.1155@gslingacademy.com,female,True,0,False,6,Artist,81,80,79,88,75,82,83
1156,Alex,Wallace,alex.wallace.1156@gslingacademy.com,male,False,2,False,0,Artist,53,60,91,86,86,84,83
1157,Kelly,Taylor,kelly.taylor.1157@gslingacademy.com,female,False,3,False,5,Artist,80,98,88,62,96,80,86
1158,Denise,Warren,denise.warren.1158@gslingacademy.com,female,False,1,False,0,Artist,96,80,67,69,74,63,87
1159,Nora,Miranda,nora.miranda.1159@gslingacademy.com,female,False,6,False,3,Artist,85,97,68,81,63,77,45
1160,Ruby,Farmer,ruby.farmer.1160@gslingacademy.com,female,False,4,True,0,Artist,66,83,90,79,92,73,79
1161,Caitlin,Kelly,caitlin.kelly.1161@gslingacademy.com,female,True,3,False,4,Artist,87,88,97,68,100,100,85
1162,Marcus,Baker,marcus.baker.1162@gslingacademy.com,male,False,1,False,5,Artist,92,97,87,82,73,80,95
1163,Chad,Martin,chad.martin.1163@gslingacademy.com,male,False,4,True,3,Artist,74,100,68,100,76,65,81
1164,Marian,Richardson,marian.richardson.1164@gslingacademy.com,female,False,0,False,4,Artist,83,61,90,85,82,80,100
1165,Erica,Gordon,erica.gordon.1165@gslingacademy.com,female,True,5,False,1,Artist,68,92,86,94,91,93,75
1166,Brett,Blankenship,brett.blankenship.1166@gslingacademy.com,male,False,1,False,3,Artist,60,65,72,82,90,69,72
1167,Maureen,Avery,maureen.avery.1167@gslingacademy.com,female,False,1,True,3,Artist,80,68,92,86,100,84,96
1168,Shawn,Luna,shawn.luna.1168@gslingacademy.com,male,False,1,False,2,Artist,100,96,64,92,79,61,82
1169,Aria,Moses,aria.moses.1169@gslingacademy.com,female,False,8,False,0,Artist,91,74,71,89,89,81,97
1170,Angela,Tanner,angela.tanner.1170@gslingacademy.com,female,False,3,False,0,Artist,87,58,76,84,79,74,70
1171,Patrick,Bowers,patrick.bowers.1171@gslingacademy.com,male,False,5,False,4,Artist,82,89,74,87,86,75,67
1172,Marian,Hood,marian.hood.1172@gslingacademy.com,female,False,1,False,1,Artist,93,91,80,72,89,82,79
1173,Derrick,Brennan,derrick.brennan.1173@gslingacademy.com,male,False,3,False,3,Artist,74,70,76,62,93,100,58
1174,Ella,Franklin,ella.franklin.1174@gslingacademy.com,female,False,0,False,2,Artist,81,85,73,62,89,86,76
1175,Chad,Lester,chad.lester.1175@gslingacademy.com,male,False,1,True,6,Artist,58,74,60,75,82,71,69
1176,Darius,Calhoun,darius.calhoun.1176@gslingacademy.com,male,False,2,False,3,Artist,84,83,73,91,89,79,72
1177,Robert,Mcbride,robert.mcbride.1177@gslingacademy.com,male,True,4,False,1,Artist,73,82,80,91,72,64,89
1178,Gabriel,Holder,gabriel.holder.1178@gslingacademy.com,male,False,0,False,2,Artist,78,91,100,84,95,84,95
1179,Benjamin,Arias,benjamin.arias.1179@gslingacademy.com,male,False,0,False,3,Artist,81,83,98,75,88,88,83
1180,Violet,Ward,violet.ward.1180@gslingacademy.com,female,False,6,False,2,Artist,83,63,84,88,75,68,100
1181,Sonia,Grimes,sonia.grimes.1181@gslingacademy.com,female,False,0,False,3,Artist,63,82,94,80,76,71,71
1182,Aria,Bridges,aria.bridges.1182@gslingacademy.com,female,False,5,False,2,Artist,71,68,78,58,83,78,81
1183,Sonia,Hawkins,sonia.hawkins.1183@gslingacademy.com,female,False,5,False,1,Artist,75,65,79,76,71,66,85
1184,Sergio,Kidd,sergio.kidd.1184@gslingacademy.com,male,False,2,True,2,Artist,88,75,62,84,75,67,98
1185,Lindsay,Boyle,lindsay.boyle.1185@gslingacademy.com,female,False,4,True,2,Artist,76,73,86,88,83,70,76
1186,Luna,Wheeler,luna.wheeler.1186@gslingacademy.com,female,False,2,False,4,Artist,93,90,67,80,90,95,86
1187,John,Freeman,john.freeman.1187@gslingacademy.com,male,False,0,False,5,Artist,84,99,83,93,91,56,82
1188,Julia,Hansen,julia.hansen.1188@gslingacademy.com,female,False,3,False,2,Artist,81,81,89,89,56,98,81
1189,Bella,Johnson,bella.johnson.1189@gslingacademy.com,female,False,5,True,2,Artist,75,77,83,64,80,82,83
1190,Leah,Watkins,leah.watkins.1190@gslingacademy.com,female,False,2,False,3,Artist,71,85,85,100,66,88,89
1191,Emily,Meyer,emily.meyer.1191@gslingacademy.com,female,False,4,False,0,Artist,100,51,87,74,72,60,79
1192,Nora,Phelps,nora.phelps.1192@gslingacademy.com,female,False,3,True,3,Artist,83,92,99,100,88,82,70
1193,Leroy,Weiss,leroy.weiss.1193@gslingacademy.com,male,False,5,False,2,Artist,69,64,72,88,74,69,79
1194,Marlene,Smith,marlene.smith.1194@gslingacademy.com,female,False,5,False,2,Artist,74,74,86,84,79,78,100
1195,Bailey,Peterson,bailey.peterson.1195@gslingacademy.com,female,False,1,False,4,Artist,72,96,78,82,78,75,85
1196,Shelby,Crawford,shelby.crawford.1196@gslingacademy.com,female,True,3,False,2,Artist,70,63,82,80,86,66,84
1197,Priscilla,Cooper,priscilla.cooper.1197@gslingacademy.com,female,False,3,False,0,Artist,89,67,77,68,66,74,87
1198,Kaden,Mccormick,kaden.mccormick.1198@gslingacademy.com,male,False,3,False,4,Artist,75,45,87,89,100,89,97
1199,Lee,Schneider,lee.schneider.1199@gslingacademy.com,male,False,4,False,1,Artist,80,94,75,66,77,91,66
1200,Delilah,Banks,delilah.banks.1200@gslingacademy.com,female,False,4,False,3,Artist,86,77,62,85,82,84,64
1201,Anthony,Campos,anthony.campos.1201@gslingacademy.com,male,False,5,False,10,Unknown,84,77,65,65,80,74,76
1202,Kelly,Wade,kelly.wade.1202@gslingacademy.com,female,False,2,False,26,Unknown,93,100,67,78,72,80,84
1203,Stanley,Gutierrez,stanley.gutierrez.1203@gslingacademy.com,male,False,6,False,25,Unknown,94,68,94,85,81,74,72
1204,Clinton,Randolph,clinton.randolph.1204@gslingacademy.com,male,False,1,False,7,Unknown,80,61,100,65,87,64,61
1205,Lisa,Burns,lisa.burns.1205@gslingacademy.com,female,False,3,True,31,Unknown,90,93,91,80,86,69,62
1206,Kelly,Farley,kelly.farley.1206@gslingacademy.com,female,False,1,False,21,Unknown,65,70,78,98,80,66,65
1207,Kimberly,Kelly,kimberly.kelly.1207@gslingacademy.com,female,False,4,False,32,Unknown,80,78,86,80,64,68,100
1208,Melissa,Lee,melissa.lee.1208@gslingacademy.com,female,False,3,False,21,Unknown,95,72,79,86,87,81,62
1209,Rhonda,Davenport,rhonda.davenport.1209@gslingacademy.com,female,False,1,True,5,Unknown,75,91,80,93,74,93,65
1210,Chelsea,Craig,chelsea.craig.1210@gslingacademy.com,female,False,7,False,34,Unknown,88,94,80,63,68,77,64
1211,James,Dawson,james.dawson.1211@gslingacademy.com,male,False,3,False,28,Unknown,73,67,70,71,65,73,87
1212,Natalie,Robinson,natalie.robinson.1212@gslingacademy.com,female,False,5,False,3,Unknown,78,79,73,96,64,93,85
1213,Alexandra,Gibson,alexandra.gibson.1213@gslingacademy.com,female,False,1,False,4,Unknown,91,93,72,61,61,87,95
1214,Robert,Hill,robert.hill.1214@gslingacademy.com,male,False,2,False,24,Unknown,96,66,69,65,72,84,77
1215,Beth,Bell,beth.bell.1215@gslingacademy.com,female,False,1,False,19,Unknown,68,96,64,70,74,63,75
1216,Jennifer,Miller,jennifer.miller.1216@gslingacademy.com,female,False,2,False,9,Unknown,69,62,82,89,81,72,71
1217,Lisa,Ware,lisa.ware.1217@gslingacademy.com,female,False,4,False,7,Unknown,77,95,98,69,60,89,71
1218,Amanda,Williamson,amanda.williamson.1218@gslingacademy.com,female,False,4,False,26,Unknown,82,70,80,70,96,69,86
1219,Michael,Miller,michael.miller.1219@gslingacademy.com,male,False,6,True,27,Unknown,99,97,64,90,87,68,69
1220,Tanya,Nichols,tanya.nichols.1220@gslingacademy.com,female,False,4,True,22,Unknown,69,91,82,99,94,75,74
1221,Courtney,Perry,courtney.perry.1221@gslingacademy.com,female,False,3,False,3,Unknown,86,92,79,73,73,61,60
1222,Elizabeth,Robinson,elizabeth.robinson.1222@gslingacademy.com,female,False,5,False,18,Unknown,91,100,84,72,84,90,82
1223,Matthew,Newman,matthew.newman.1223@gslingacademy.com,male,False,0,True,13,Unknown,96,71,88,74,80,92,65
1224,Anita,Moore,anita.moore.1224@gslingacademy.com,female,False,0,True,17,Unknown,66,99,85,90,76,64,95
1225,Michael,Rivas,michael.rivas.1225@gslingacademy.com,male,True,4,True,33,Unknown,88,66,96,82,65,76,79
1226,Ryan,Smith,ryan.smith.1226@gslingacademy.com,male,False,1,False,12,Unknown,92,64,77,61,76,72,87
1227,Amy,Peterson,amy.peterson.1227@gslingacademy.com,female,False,5,False,22,Unknown,89,94,67,68,69,92,76
1228,Fernando,Sexton,fernando.sexton.1228@gslingacademy.com,male,False,1,False,9,Unknown,97,96,66,96,71,97,66
1229,Jeremy,Barnes,jeremy.barnes.1229@gslingacademy.com,male,False,2,False,20,Unknown,68,100,89,75,84,78,90
1230,Christopher,Wolfe,christopher.wolfe.1230@gslingacademy.com,male,False,2,True,5,Unknown,68,69,86,87,72,80,93
1231,Victoria,Donaldson,victoria.donaldson.1231@gslingacademy.com,female,False,3,True,28,Unknown,65,90,75,96,91,93,85
1232,Steven,Walker,steven.walker.1232@gslingacademy.com,male,False,5,False,26,Unknown,70,77,91,96,100,89,67
1233,Matthew,Guzman,matthew.guzman.1233@gslingacademy.com,male,False,5,False,0,Unknown,99,86,68,94,97,77,92
1234,Theresa,Tucker,theresa.tucker.1234@gslingacademy.com,female,True,1,False,27,Unknown,66,71,94,72,96,70,63
1235,Christopher,Perez,christopher.perez.1235@gslingacademy.com,male,False,7,False,9,Unknown,62,64,65,86,67,94,68
1236,John,Conley,john.conley.1236@gslingacademy.com,male,False,2,False,30,Unknown,82,74,77,95,81,76,91
1237,Nathan,Riley,nathan.riley.1237@gslingacademy.com,male,False,3,False,35,Unknown,85,85,92,86,99,86,93
1238,Nicholas,Sanders,nicholas.sanders.1238@gslingacademy.com,male,True,2,False,16,Unknown,79,68,63,72,81,67,67
1239,Adam,Kane,adam.kane.1239@gslingacademy.com,male,False,3,False,19,Unknown,97,94,81,97,79,86,63
1240,Kevin,Camacho,kevin.camacho.1240@gslingacademy.com,male,False,0,False,25,Unknown,85,70,73,95,100,70,94
1241,Anthony,Cox,anthony.cox.1241@gslingacademy.com,male,False,4,False,31,Unknown,81,95,76,60,61,98,77
1242,Sarah,Oconnor,sarah.oconnor.1242@gslingacademy.com,female,False,1,False,2,Unknown,81,92,94,77,84,63,64
1243,Joel,Hicks,joel.hicks.1243@gslingacademy.com,male,False,2,False,35,Unknown,85,87,87,90,91,91,99
1244,Nancy,Jones,nancy.jones.1244@gslingacademy.com,female,True,0,False,22,Unknown,63,60,92,88,90,68,100
1245,Andrea,Walters,andrea.walters.1245@gslingacademy.com,female,True,5,False,25,Unknown,86,76,81,83,81,70,65
1246,David,Wright,david.wright.1246@gslingacademy.com,male,False,3,False,8,Unknown,96,81,95,78,79,65,86
1247,Anthony,Oconnor,anthony.oconnor.1247@gslingacademy.com,male,False,3,False,4,Unknown,75,69,85,73,79,93,74
1248,Kenneth,Flores,kenneth.flores.1248@gslingacademy.com,male,False,5,False,32,Unknown,79,91,62,87,80,65,94
1249,Ryan,Hull,ryan.hull.1249@gslingacademy.com,male,False,1,True,14,Unknown,95,98,98,83,77,93,83
1250,Christopher,Rios,christopher.rios.1250@gslingacademy.com,male,False,2,False,26,Unknown,65,77,66,100,88,77,62
1251,Francis,Nelson,francis.nelson.1251@gslingacademy.com,male,False,10,False,33,Unknown,81,64,67,74,65,94,96
1252,Sheila,Sosa,sheila.sosa.1252@gslingacademy.com,female,False,2,False,30,Unknown,61,70,89,97,60,79,79
1253,Kristen,Adams,kristen.adams.1253@gslingacademy.com,female,False,5,True,21,Unknown,77,72,81,63,69,73,80
1254,Patrick,Everett,patrick.everett.1254@gslingacademy.com,male,False,3,False,32,Unknown,99,94,94,62,68,79,68
1255,Carla,Parker,carla.parker.1255@gslingacademy.com,female,False,7,False,14,Unknown,73,69,94,78,76,63,71
1256,Eric,Moran,eric.moran.1256@gslingacademy.com,male,False,7,True,4,Unknown,94,79,92,100,93,63,98
1257,Lance,Salazar,lance.salazar.1257@gslingacademy.com,male,False,2,False,7,Unknown,66,83,77,91,84,74,62
1258,James,Castro,james.castro.1258@gslingacademy.com,male,False,5,False,3,Unknown,81,61,75,65,90,92,80
1259,Autumn,Hernandez,autumn.hernandez.1259@gslingacademy.com,female,False,5,False,25,Unknown,79,70,71,95,79,77,68
1260,Jason,Hernandez,jason.hernandez.1260@gslingacademy.com,male,False,6,False,19,Unknown,90,79,90,73,76,68,95
1261,Lori,Ryan,lori.ryan.1261@gslingacademy.com,female,False,3,False,13,Unknown,89,87,63,83,64,85,72
1262,Douglas,Watson,douglas.watson.1262@gslingacademy.com,male,False,5,False,15,Unknown,63,84,60,85,91,83,84
1263,Manuel,Barrett,manuel.barrett.1263@gslingacademy.com,male,False,3,True,10,Unknown,100,98,71,100,71,92,63
1264,Julie,Zamora,julie.zamora.1264@gslingacademy.com,female,False,6,True,1,Unknown,76,82,93,98,98,60,65
1265,Whitney,Miller,whitney.miller.1265@gslingacademy.com,female,False,3,False,21,Unknown,97,89,94,91,95,70,75
1266,Tamara,Olson,tamara.olson.1266@gslingacademy.com,female,False,8,False,15,Unknown,81,80,85,93,68,75,90
1267,Dawn,Poole,dawn.poole.1267@gslingacademy.com,female,False,2,False,13,Unknown,60,75,70,96,63,82,80
1268,Cynthia,Williams,cynthia.williams.1268@gslingacademy.com,female,False,3,False,2,Unknown,69,98,77,63,88,64,60
1269,Robert,Heath,robert.heath.1269@gslingacademy.com,male,False,2,False,25,Unknown,72,91,68,79,98,71,89
1270,Phyllis,Schneider,phyllis.schneider.1270@gslingacademy.com,female,True,4,False,26,Unknown,71,87,63,73,89,77,66
1271,Mark,Davis,mark.davis.1271@gslingacademy.com,male,False,2,False,32,Unknown,87,83,74,61,81,72,98
1272,Justin,Douglas,justin.douglas.1272@gslingacademy.com,male,False,2,False,35,Unknown,96,92,98,100,94,93,86
1273,Theodore,Williams,theodore.williams.1273@gslingacademy.com,male,False,3,False,30,Unknown,96,89,73,75,99,89,71
1274,Lindsay,Brady,lindsay.brady.1274@gslingacademy.com,female,False,3,False,16,Unknown,99,70,74,65,99,74,62
1275,Meredith,Reed,meredith.reed.1275@gslingacademy.com,female,True,3,False,28,Unknown,95,80,64,97,85,94,60
1276,David,Brown,david.brown.1276@gslingacademy.com,male,True,4,False,2,Unknown,80,62,84,95,71,85,87
1277,Michelle,Ortiz,michelle.ortiz.1277@gslingacademy.com,female,False,1,False,7,Unknown,85,62,77,62,80,88,83
1278,Tammy,Hernandez,tammy.hernandez.1278@gslingacademy.com,female,False,2,False,4,Unknown,60,91,85,67,98,61,64
1279,Jennifer,Guerra,jennifer.guerra.1279@gslingacademy.com,female,False,2,False,26,Unknown,76,85,67,60,100,63,64
1280,Joshua,Parker,joshua.parker.1280@gslingacademy.com,male,False,2,False,16,Unknown,90,89,98,70,79,60,92
1281,David,Madden,david.madden.1281@gslingacademy.com,male,False,5,False,26,Unknown,90,75,67,85,64,95,96
1282,William,Brennan,william.brennan.1282@gslingacademy.com,male,False,1,False,5,Unknown,79,95,81,67,66,71,66
1283,Sean,Wagner,sean.wagner.1283@gslingacademy.com,male,False,6,True,14,Unknown,65,89,79,95,71,61,62
1284,Douglas,Hayes,douglas.hayes.1284@gslingacademy.com,male,False,8,True,12,Unknown,76,75,74,67,76,82,79
1285,Bethany,French,bethany.french.1285@gslingacademy.com,female,False,2,True,6,Unknown,99,77,88,60,93,61,96
1286,Lauren,Morrow,lauren.morrow.1286@gslingacademy.com,female,False,3,False,16,Unknown,72,79,95,68,75,70,88
1287,Thomas,Nelson,thomas.nelson.1287@gslingacademy.com,male,False,2,False,21,Unknown,100,77,74,61,81,96,96
1288,Jeffery,Kelley,jeffery.kelley.1288@gslingacademy.com,male,False,4,False,29,Unknown,86,68,65,64,95,82,87
1289,Hayley,Case,hayley.case.1289@gslingacademy.com,female,False,2,False,20,Unknown,87,68,66,83,92,81,80
1290,Phillip,Nelson,phillip.nelson.1290@gslingacademy.com,male,False,3,False,10,Unknown,76,61,68,88,86,87,66
1291,Richard,Gibson,richard.gibson.1291@gslingacademy.com,male,False,1,False,24,Unknown,88,84,61,61,79,62,99
1292,Gregory,Jones,gregory.jones.1292@gslingacademy.com,male,False,6,False,18,Unknown,91,61,95,82,77,87,95
1293,Andrea,Baker,andrea.baker.1293@gslingacademy.com,female,False,4,False,2,Unknown,61,66,78,79,79,96,81
1294,Robert,Holmes,robert.holmes.1294@gslingacademy.com,male,False,5,True,16,Unknown,87,89,60,66,79,81,65
1295,Alyssa,Gallagher,alyssa.gallagher.1295@gslingacademy.com,female,False,2,False,11,Unknown,71,98,66,65,78,81,82
1296,Mark,Brown,mark.brown.1296@gslingacademy.com,male,False,2,True,35,Unknown,100,88,98,90,93,95,98
1297,Austin,Dunn,austin.dunn.1297@gslingacademy.com,male,False,1,False,25,Unknown,84,94,65,74,92,81,79
1298,Thomas,Stone,thomas.stone.1298@gslingacademy.com,male,False,0,False,27,Unknown,68,95,66,65,89,84,100
1299,William,Dean,william.dean.1299@gslingacademy.com,male,True,0,False,30,Unknown,90,83,72,77,99,84,67
1300,Diane,Spears,diane.spears.1300@gslingacademy.com,female,False,0,True,8,Unknown,78,81,71,91,79,79,75
1301,Betty,Nash,betty.nash.1301@gslingacademy.com,female,False,1,False,10,Unknown,71,72,65,65,65,67,97
1302,Todd,Howard,todd.howard.1302@gslingacademy.com,male,False,6,False,35,Unknown,91,96,100,95,100,94,95
1303,Mary,Mccormick,mary.mccormick.1303@gslingacademy.com,female,False,3,False,27,Unknown,84,80,75,63,71,86,63
1304,Kelly,Rivera,kelly.rivera.1304@gslingacademy.com,female,False,2,False,22,Unknown,88,86,82,89,81,61,83
1305,Stacey,Wilson,stacey.wilson.1305@gslingacademy.com,female,False,3,False,21,Unknown,67,67,62,80,61,61,82
1306,Anthony,Gomez,anthony.gomez.1306@gslingacademy.com,male,False,2,False,23,Unknown,99,98,70,73,63,62,88
1307,John,Henderson,john.henderson.1307@gslingacademy.com,male,False,1,True,33,Unknown,97,76,99,85,98,62,97
1308,Thomas,Hernandez,thomas.hernandez.1308@gslingacademy.com,male,False,1,True,9,Unknown,66,65,82,96,87,87,63
1309,Alexander,Fowler,alexander.fowler.1309@gslingacademy.com,male,False,2,False,25,Unknown,82,84,93,70,99,66,80
1310,Andrew,Wong,andrew.wong.1310@gslingacademy.com,male,False,1,False,33,Unknown,81,91,71,79,98,69,75
1311,Bobby,Valdez,bobby.valdez.1311@gslingacademy.com,male,True,1,False,24,Unknown,97,80,67,71,75,96,100
1312,Shannon,Graham,shannon.graham.1312@gslingacademy.com,female,False,1,False,9,Unknown,95,72,99,67,83,78,65
1313,Deborah,Moore,deborah.moore.1313@gslingacademy.com,female,False,2,False,8,Unknown,92,99,93,82,97,70,79
1314,Justin,Kelly,justin.kelly.1314@gslingacademy.com,male,False,1,False,21,Unknown,100,67,100,65,67,92,67
1315,Ashley,Craig,ashley.craig.1315@gslingacademy.com,female,False,3,False,30,Unknown,60,67,94,74,71,98,74
1316,Nicole,Mcdonald,nicole.mcdonald.1316@gslingacademy.com,female,False,7,False,11,Unknown,60,92,82,65,82,91,67
1317,Christopher,Ramirez,christopher.ramirez.1317@gslingacademy.com,male,True,3,False,21,Unknown,95,91,63,83,75,73,74
1318,Kevin,Ryan,kevin.ryan.1318@gslingacademy.com,male,False,4,False,29,Unknown,74,95,82,61,70,88,92
1319,Noah,Mcdaniel,noah.mcdaniel.1319@gslingacademy.com,male,False,3,False,3,Unknown,71,70,60,84,87,87,64
1320,Timothy,Booth,timothy.booth.1320@gslingacademy.com,male,False,2,False,34,Unknown,93,70,74,78,94,75,96
1321,Madison,Callahan,madison.callahan.1321@gslingacademy.com,female,False,4,False,25,Unknown,87,68,84,92,96,88,60
1322,Connor,Olson,connor.olson.1322@gslingacademy.com,male,False,10,False,11,Unknown,94,92,76,74,65,96,87
1323,Laura,Walker,laura.walker.1323@gslingacademy.com,female,False,0,False,5,Unknown,96,67,74,90,75,95,83
1324,Beth,Bonilla,beth.bonilla.1324@gslingacademy.com,female,False,2,False,26,Unknown,64,65,97,96,80,80,78
1325,Jennifer,Cummings,jennifer.cummings.1325@gslingacademy.com,female,False,2,True,6,Unknown,97,78,99,88,69,98,60
1326,Annette,Logan,annette.logan.1326@gslingacademy.com,female,False,3,True,24,Unknown,80,66,77,81,99,99,83
1327,Lance,Nelson,lance.nelson.1327@gslingacademy.com,male,False,2,True,35,Unknown,91,94,97,97,100,88,99
1328,Victoria,Garcia,victoria.garcia.1328@gslingacademy.com,female,False,1,True,14,Unknown,66,68,87,70,77,76,89
1329,Austin,Matthews,austin.matthews.1329@gslingacademy.com,male,False,0,False,19,Unknown,83,79,91,62,63,76,93
1330,Joanna,Dominguez,joanna.dominguez.1330@gslingacademy.com,female,True,2,False,29,Unknown,74,68,71,60,97,64,63
1331,Brendan,Rivera,brendan.rivera.1331@gslingacademy.com,male,True,3,False,34,Unknown,65,78,82,65,100,92,64
1332,Sarah,Tucker,sarah.tucker.1332@gslingacademy.com,female,False,3,False,18,Unknown,67,60,87,73,92,82,70
1333,Jill,Armstrong,jill.armstrong.1333@gslingacademy.com,female,False,7,False,7,Unknown,94,65,96,77,83,75,98
1334,Joseph,Petersen,joseph.petersen.1334@gslingacademy.com,male,False,3,True,21,Unknown,89,100,89,65,91,83,61
1335,Chelsea,Taylor,chelsea.taylor.1335@gslingacademy.com,female,True,0,False,13,Unknown,62,88,87,90,84,88,95
1336,Rebecca,Carpenter,rebecca.carpenter.1336@gslingacademy.com,female,False,1,False,28,Unknown,88,93,92,70,90,94,85
1337,Richard,Burke,richard.burke.1337@gslingacademy.com,male,False,3,False,32,Unknown,79,78,69,80,72,71,88
1338,Donald,Contreras,donald.contreras.1338@gslingacademy.com,male,False,0,False,31,Unknown,60,88,75,94,87,82,79
1339,David,Mendoza,david.mendoza.1339@gslingacademy.com,male,False,1,False,4,Unknown,63,72,92,82,84,82,60
1340,Cindy,Hamilton,cindy.hamilton.1340@gslingacademy.com,female,False,5,False,27,Unknown,60,61,66,82,100,76,79
1341,Ross,Sanchez,ross.sanchez.1341@gslingacademy.com,male,False,2,False,25,Unknown,74,67,90,69,83,89,68
1342,Regina,Hernandez,regina.hernandez.1342@gslingacademy.com,female,False,3,False,6,Unknown,65,72,77,89,74,76,61
1343,Steven,Allen,steven.allen.1343@gslingacademy.com,male,False,1,False,29,Unknown,92,61,96,79,97,89,78
1344,Jillian,Dominguez,jillian.dominguez.1344@gslingacademy.com,female,False,3,True,35,Unknown,90,87,100,98,91,98,96
1345,Brittany,Spencer,brittany.spencer.1345@gslingacademy.com,female,False,6,False,5,Unknown,88,99,71,85,82,94,90
1346,Andrew,Hunter,andrew.hunter.1346@gslingacademy.com,male,False,2,False,29,Unknown,60,65,86,66,61,99,89
1347,Brittany,Simmons,brittany.simmons.1347@gslingacademy.com,female,False,2,False,29,Unknown,75,96,61,73,60,77,81
1348,Ronnie,Nguyen,ronnie.nguyen.1348@gslingacademy.com,male,False,3,False,26,Unknown,84,74,74,67,72,99,65
1349,Brandon,Oliver,brandon.oliver.1349@gslingacademy.com,male,False,2,True,30,Unknown,78,89,95,71,68,71,69
1350,David,Vazquez,david.vazquez.1350@gslingacademy.com,male,False,2,False,13,Unknown,86,66,77,74,84,72,95
1351,Jessica,Ferrell,jessica.ferrell.1351@gslingacademy.com,female,False,1,True,3,Unknown,60,70,61,63,61,71,73
1352,Mark,Stevens,mark.stevens.1352@gslingacademy.com,male,False,0,False,30,Unknown,60,71,91,83,93,88,97
1353,Scott,Tate,scott.tate.1353@gslingacademy.com,male,False,3,False,7,Unknown,67,60,99,60,82,81,63
1354,Brent,Burton,brent.burton.1354@gslingacademy.com,male,False,1,False,8,Unknown,89,62,79,60,93,77,73
1355,Nancy,Fowler,nancy.fowler.1355@gslingacademy.com,female,False,3,True,11,Unknown,86,66,84,86,74,91,66
1356,Sean,Erickson,sean.erickson.1356@gslingacademy.com,male,False,1,False,18,Unknown,62,73,95,68,61,60,68
1357,Jessica,Smith,jessica.smith.1357@gslingacademy.com,female,False,3,False,33,Unknown,88,75,83,74,76,72,61
1358,Michelle,Dixon,michelle.dixon.1358@gslingacademy.com,female,False,1,False,26,Unknown,85,64,98,68,70,63,77
1359,Justin,Brooks,justin.brooks.1359@gslingacademy.com,male,False,7,False,3,Unknown,93,74,98,100,62,83,87
1360,Christie,Lane,christie.lane.1360@gslingacademy.com,female,False,3,False,35,Unknown,99,85,98,91,86,97,85
1361,Amanda,Edwards,amanda.edwards.1361@gslingacademy.com,female,False,3,True,27,Unknown,76,72,97,65,87,93,84
1362,Martin,Garcia,martin.garcia.1362@gslingacademy.com,male,False,2,False,2,Unknown,62,74,98,97,72,72,95
1363,Roberto,Martin,roberto.martin.1363@gslingacademy.com,male,False,5,False,15,Unknown,69,81,83,68,76,90,95
1364,John,Jensen,john.jensen.1364@gslingacademy.com,male,False,7,True,18,Unknown,76,80,93,74,73,63,81
1365,Jeremy,Ward,jeremy.ward.1365@gslingacademy.com,male,False,2,False,10,Unknown,85,90,61,94,86,79,90
1366,Rachel,Williams,rachel.williams.1366@gslingacademy.com,female,False,10,False,15,Unknown,62,63,94,74,75,86,100
1367,Alyssa,Miller,alyssa.miller.1367@gslingacademy.com,female,False,2,False,21,Unknown,73,98,72,100,77,62,69
1368,Lisa,Best,lisa.best.1368@gslingacademy.com,female,False,1,False,28,Unknown,60,64,84,64,66,96,99
1369,Jorge,Lee,jorge.lee.1369@gslingacademy.com,male,False,2,False,11,Unknown,98,77,91,88,87,76,68
1370,Hector,Garcia,hector.garcia.1370@gslingacademy.com,male,False,5,False,27,Unknown,61,85,92,62,64,66,95
1371,Kyle,Rojas,kyle.rojas.1371@gslingacademy.com,male,False,3,False,29,Unknown,61,86,78,80,94,60,88
1372,John,Lin,john.lin.1372@gslingacademy.com,male,False,6,False,21,Unknown,60,88,75,86,72,80,69
1373,Misty,Stewart,misty.stewart.1373@gslingacademy.com,female,False,1,False,27,Unknown,87,91,92,66,62,89,76
1374,Jessica,Mathews,jessica.mathews.1374@gslingacademy.com,female,False,1,False,22,Unknown,78,81,94,64,61,91,88
1375,Dana,Lambert,dana.lambert.1375@gslingacademy.com,female,False,4,False,5,Unknown,83,66,94,75,72,78,74
1376,James,Clarke,james.clarke.1376@gslingacademy.com,male,False,4,False,6,Unknown,66,97,82,70,93,68,98
1377,Kimberly,Dyer,kimberly.dyer.1377@gslingacademy.com,female,False,2,False,20,Unknown,99,93,90,79,93,71,84
1378,Kevin,Holt,kevin.holt.1378@gslingacademy.com,male,False,2,False,29,Unknown,76,81,69,87,60,93,62
1379,Samantha,Hopkins,samantha.hopkins.1379@gslingacademy.com,female,False,7,False,10,Unknown,78,76,93,88,83,99,98
1380,Jessica,Jones,jessica.jones.1380@gslingacademy.com,female,False,4,False,13,Unknown,88,92,66,100,98,99,70
1381,Hayley,Johnson,hayley.johnson.1381@gslingacademy.com,female,False,1,False,34,Unknown,60,93,99,81,96,92,80
1382,Chad,Moreno,chad.moreno.1382@gslingacademy.com,male,False,6,False,33,Unknown,72,67,65,76,69,81,70
1383,Michael,Harrington,michael.harrington.1383@gslingacademy.com,male,False,1,False,24,Unknown,60,78,96,93,62,60,83
1384,Kimberly,Cooper,kimberly.cooper.1384@gslingacademy.com,female,False,2,False,7,Unknown,62,73,74,72,83,63,79
1385,Stephanie,Yu,stephanie.yu.1385@gslingacademy.com,female,False,4,False,2,Unknown,71,68,77,73,68,73,64
1386,Heidi,Ellis,heidi.ellis.1386@gslingacademy.com,female,False,4,False,2,Unknown,69,93,62,99,98,98,68
1387,Katherine,Reyes,katherine.reyes.1387@gslingacademy.com,female,False,7,False,12,Unknown,82,84,69,66,65,74,68
1388,Luis,Klein,luis.klein.1388@gslingacademy.com,male,False,6,True,24,Unknown,73,71,84,96,92,94,75
1389,Donna,Hoffman,donna.hoffman.1389@gslingacademy.com,female,False,2,True,13,Unknown,73,87,72,98,82,89,98
1390,Evan,Francis,evan.francis.1390@gslingacademy.com,male,False,2,False,15,Unknown,100,62,84,66,88,90,71
1391,Kayla,Krueger,kayla.krueger.1391@gslingacademy.com,female,False,4,False,6,Unknown,67,88,89,90,78,84,73
1392,Thomas,Smith,thomas.smith.1392@gslingacademy.com,male,True,7,False,12,Unknown,61,99,66,99,100,70,60
1393,Robin,Daniel,robin.daniel.1393@gslingacademy.com,female,False,4,True,18,Unknown,91,72,69,88,92,61,76
1394,Jennifer,Stewart,jennifer.stewart.1394@gslingacademy.com,female,False,1,True,19,Unknown,70,96,60,87,92,63,95
1395,David,Bates,david.bates.1395@gslingacademy.com,male,False,1,False,11,Unknown,69,78,80,60,76,86,96
1396,Eric,Ross,eric.ross.1396@gslingacademy.com,male,True,0,False,12,Unknown,78,70,90,68,90,87,77
1397,Christine,Rivera,christine.rivera.1397@gslingacademy.com,female,False,0,True,18,Unknown,62,91,86,88,80,62,75
1398,Mark,Gardner,mark.gardner.1398@gslingacademy.com,male,False,2,False,35,Unknown,98,92,91,89,95,92,90
1399,Deborah,Miller,deborah.miller.1399@gslingacademy.com,female,False,2,False,33,Unknown,73,84,97,64,87,82,70
1400,David,Hoffman,david.hoffman.1400@gslingacademy.com,male,False,3,False,12,Unknown,82,81,78,95,60,88,72
1401,Samantha,Anderson,samantha.anderson.1401@gslingacademy.com,female,False,6,False,1,Unknown,76,69,100,88,65,96,70
1402,Toni,Smith,toni.smith.1402@gslingacademy.com,female,False,5,False,26,Unknown,68,100,94,69,93,64,93
1403,Bonnie,Brown,bonnie.brown.1403@gslingacademy.com,female,False,1,True,9,Unknown,64,89,91,99,60,98,93
1404,Dana,Peters,dana.peters.1404@gslingacademy.com,female,False,4,False,3,Unknown,75,65,66,79,91,82,72
1405,Debra,Evans,debra.evans.1405@gslingacademy.com,female,False,5,True,21,Unknown,79,86,84,84,63,82,94
1406,Tyler,Moore,tyler.moore.1406@gslingacademy.com,male,False,2,False,28,Unknown,100,82,72,97,74,75,81
1407,Alan,Santos,alan.santos.1407@gslingacademy.com,male,False,3,True,35,Unknown,86,87,97,92,85,99,86
1408,Joshua,Ayala,joshua.ayala.1408@gslingacademy.com,male,False,5,True,18,Unknown,94,97,69,81,100,68,68
1409,Heather,Gutierrez,heather.gutierrez.1409@gslingacademy.com,female,False,3,False,19,Unknown,93,73,67,100,63,92,86
1410,Danielle,Kelley,danielle.kelley.1410@gslingacademy.com,female,False,2,False,29,Unknown,97,86,72,81,85,70,72
1411,Michelle,Brown,michelle.brown.1411@gslingacademy.com,female,False,2,False,35,Unknown,92,92,99,87,100,88,97
1412,Gregory,Lee,gregory.lee.1412@gslingacademy.com,male,False,2,False,21,Unknown,92,85,78,87,64,79,74
1413,Richard,Davis,richard.davis.1413@gslingacademy.com,male,False,3,False,9,Unknown,66,61,97,61,60,61,98
1414,Brian,Chan,brian.chan.1414@gslingacademy.com,male,False,2,False,19,Unknown,70,66,90,74,100,96,81
1415,Wendy,Burch,wendy.burch.1415@gslingacademy.com,female,False,0,False,10,Unknown,93,78,72,66,73,76,68
1416,James,Hudson,james.hudson.1416@gslingacademy.com,male,False,2,False,5,Unknown,81,91,85,64,82,90,94
1417,Christopher,Montgomery,christopher.montgomery.1417@gslingacademy.com,male,False,0,False,21,Unknown,64,74,79,72,74,65,95
1418,Lisa,Palmer,lisa.palmer.1418@gslingacademy.com,female,False,4,False,5,Unknown,63,68,91,82,90,86,75
1419,Jennifer,Johnson,jennifer.johnson.1419@gslingacademy.com,female,False,1,True,11,Unknown,87,61,62,66,67,81,65
1420,Melissa,Finley,melissa.finley.1420@gslingacademy.com,female,False,0,True,30,Unknown,80,77,96,64,93,62,86
1421,Sabrina,Perez,sabrina.perez.1421@gslingacademy.com,female,False,4,False,4,Unknown,85,60,61,75,83,87,65
1422,Tiffany,Smith,tiffany.smith.1422@gslingacademy.com,female,False,2,False,26,Unknown,86,88,71,65,86,69,84
1423,Charles,Miller,charles.miller.1423@gslingacademy.com,male,False,2,False,3,Unknown,66,63,95,76,71,99,73
1424,Brittany,Vance,brittany.vance.1424@gslingacademy.com,female,False,2,False,24,Unknown,78,90,79,100,74,62,79
1425,Kathy,Ramos,kathy.ramos.1425@gslingacademy.com,female,True,0,False,5,Unknown,69,78,88,77,83,68,76
1426,Destiny,Boyle,destiny.boyle.1426@gslingacademy.com,female,False,3,False,14,Unknown,93,98,81,94,97,68,75
1427,Glenda,Hill,glenda.hill.1427@gslingacademy.com,female,False,0,False,19,Unknown,87,83,100,79,100,92,100
1428,Ryan,Holmes,ryan.holmes.1428@gslingacademy.com,male,False,0,False,29,Unknown,70,91,78,75,100,63,68
1429,Pedro,Walsh,pedro.walsh.1429@gslingacademy.com,male,True,0,True,26,Unknown,78,76,84,65,76,93,71
1430,Sarah,Boyle,sarah.boyle.1430@gslingacademy.com,female,False,0,False,18,Unknown,83,84,75,78,100,79,86
1431,Omar,Castillo,omar.castillo.1431@gslingacademy.com,male,False,3,True,7,Unknown,78,80,75,85,52,79,88
1432,Bernard,Fleming,bernard.fleming.1432@gslingacademy.com,male,False,1,False,46,Unknown,98,95,73,82,84,69,61
1433,Kathy,Merritt,kathy.merritt.1433@gslingacademy.com,female,False,0,False,15,Unknown,75,61,87,85,86,88,84
1434,Stella,Norman,stella.norman.1434@gslingacademy.com,female,False,0,False,19,Unknown,81,81,73,71,87,76,88
1435,Roy,Nelson,roy.nelson.1435@gslingacademy.com,male,True,3,False,24,Unknown,93,63,86,61,87,69,72
1436,Seth,Novak,seth.novak.1436@gslingacademy.com,male,False,0,True,22,Unknown,80,84,48,68,83,88,67
1437,Bryan,Gardner,bryan.gardner.1437@gslingacademy.com,male,False,2,True,30,Unknown,84,72,87,65,100,74,77
1438,Hunter,Cruz,hunter.cruz.1438@gslingacademy.com,male,False,5,False,2,Unknown,100,78,80,77,90,100,88
1439,Parker,Cole,parker.cole.1439@gslingacademy.com,male,False,1,False,18,Unknown,72,91,73,69,69,85,70
1440,Brooklyn,Murphy,brooklyn.murphy.1440@gslingacademy.com,female,False,3,False,8,Unknown,63,73,88,64,71,64,75
1441,Heidi,Bell,heidi.bell.1441@gslingacademy.com,female,False,2,False,18,Unknown,87,82,82,100,85,93,73
1442,Mariah,Gray,mariah.gray.1442@gslingacademy.com,female,True,3,False,16,Unknown,81,66,80,78,93,90,68
1443,Graham,Cross,graham.cross.1443@gslingacademy.com,male,False,5,False,11,Unknown,56,86,67,74,72,83,60
1444,Bella,Green,bella.green.1444@gslingacademy.com,female,False,3,False,26,Unknown,77,80,76,62,83,88,82
1445,Eliana,Blankenship,eliana.blankenship.1445@gslingacademy.com,female,False,0,False,2,Unknown,73,70,77,76,80,80,77
1446,Martha,Calhoun,martha.calhoun.1446@gslingacademy.com,female,False,2,False,32,Unknown,90,73,82,100,100,100,57
1447,Hazel,Walls,hazel.walls.1447@gslingacademy.com,female,False,2,False,34,Unknown,100,89,70,66,86,86,87
1448,Monica,Little,monica.little.1448@gslingacademy.com,female,False,3,False,19,Unknown,84,81,69,60,77,84,100
1449,Antonio,Knapp,antonio.knapp.1449@gslingacademy.com,male,False,0,True,14,Unknown,61,72,82,48,72,97,75
1450,Kimberly,George,kimberly.george.1450@gslingacademy.com,female,False,0,False,39,Unknown,65,71,86,89,81,93,78
1451,Cynthia,Adams,cynthia.adams.1451@gslingacademy.com,female,False,1,False,29,Unknown,74,91,77,79,91,96,92
1452,Angelina,Ortiz,angelina.ortiz.1452@gslingacademy.com,female,False,1,False,28,Unknown,68,89,80,85,82,77,83
1453,Jordan,Long,jordan.long.1453@gslingacademy.com,male,False,3,False,31,Unknown,66,68,74,73,89,93,75
1454,Teresa,Banks,teresa.banks.1454@gslingacademy.com,female,True,6,True,16,Unknown,80,87,69,90,77,82,79
1455,Noah,Johnston,noah.johnston.1455@gslingacademy.com,male,False,4,False,31,Unknown,55,98,88,84,93,62,73
1456,Savannah,Arias,savannah.arias.1456@gslingacademy.com,female,True,6,False,5,Unknown,98,85,63,75,81,74,84
1457,Robert,Fitzpatrick,robert.fitzpatrick.1457@gslingacademy.com,male,False,7,False,11,Unknown,73,61,93,67,78,73,81
1458,Bobby,Kennedy,bobby.kennedy.1458@gslingacademy.com,male,False,4,False,9,Unknown,90,54,100,90,55,94,56
1459,Lindsay,Wade,lindsay.wade.1459@gslingacademy.com,female,False,2,False,13,Unknown,60,77,72,73,85,86,71
1460,Tony,Mccall,tony.mccall.1460@gslingacademy.com,male,False,2,True,22,Unknown,65,79,66,51,62,45,66
1461,Ricardo,Medina,ricardo.medina.1461@gslingacademy.com,male,False,2,True,24,Unknown,95,86,89,89,89,82,88
1462,Sophia,Wade,sophia.wade.1462@gslingacademy.com,female,False,2,False,27,Unknown,81,70,72,81,77,73,78
1463,Catherine,Nolan,catherine.nolan.1463@gslingacademy.com,female,True,3,False,24,Unknown,71,67,79,69,69,79,69
1464,Jocelyn,Ellis,jocelyn.ellis.1464@gslingacademy.com,female,False,8,False,13,Unknown,94,64,66,89,88,98,72
1465,Ricky,Butler,ricky.butler.1465@gslingacademy.com,male,False,1,True,11,Unknown,92,76,87,65,73,71,51
1466,Evelyn,Cross,evelyn.cross.1466@gslingacademy.com,female,False,6,False,24,Unknown,65,81,79,84,89,70,96
1467,Ricky,Buckley,ricky.buckley.1467@gslingacademy.com,male,False,1,False,21,Unknown,62,71,86,47,85,70,78
1468,Wesley,Hood,wesley.hood.1468@gslingacademy.com,male,False,2,False,27,Unknown,88,64,92,80,77,82,74
1469,Vicki,Brennan,vicki.brennan.1469@gslingacademy.com,female,False,5,False,5,Unknown,68,68,74,95,70,76,64
1470,Gabriel,Garza,gabriel.garza.1470@gslingacademy.com,male,False,4,False,29,Unknown,91,86,71,79,86,100,73
1471,Sadie,Serrano,sadie.serrano.1471@gslingacademy.com,female,False,2,False,14,Unknown,78,72,89,75,83,68,62
1472,Hector,Werner,hector.werner.1472@gslingacademy.com,male,False,2,False,25,Unknown,50,66,100,100,100,84,77
1473,Andrew,Sandoval,andrew.sandoval.1473@gslingacademy.com,male,False,2,False,23,Unknown,80,74,83,57,75,90,67
1474,Steven,Hunter,steven.hunter.1474@gslingacademy.com,male,False,3,False,0,Unknown,75,71,70,69,64,90,72
1475,Sarah,May,sarah.may.1475@gslingacademy.com,female,False,4,False,12,Unknown,40,70,72,72,82,84,60
1476,Elias,Russell,elias.russell.1476@gslingacademy.com,male,False,0,False,20,Unknown,84,85,74,77,92,83,79
1477,Kathy,Alvarez,kathy.alvarez.1477@gslingacademy.com,female,False,0,False,21,Unknown,88,92,94,91,99,82,72
1478,Enrique,Butler,enrique.butler.1478@gslingacademy.com,male,False,1,False,16,Unknown,67,82,100,58,76,63,79
1479,Sandra,Daniels,sandra.daniels.1479@gslingacademy.com,female,False,1,False,22,Unknown,75,80,85,83,96,88,77
1480,Katelyn,Bowers,katelyn.bowers.1480@gslingacademy.com,female,False,8,False,0,Unknown,52,63,62,84,79,88,71
1481,Dennis,Hartman,dennis.hartman.1481@gslingacademy.com,male,False,2,False,19,Unknown,92,74,98,72,95,83,97
1482,Catherine,Porter,catherine.porter.1482@gslingacademy.com,female,False,5,False,18,Unknown,82,86,82,88,78,90,64
1483,Paisley,Daniels,paisley.daniels.1483@gslingacademy.com,female,False,2,False,35,Unknown,75,67,69,100,97,80,94
1484,Pedro,Myers,pedro.myers.1484@gslingacademy.com,male,False,3,False,13,Unknown,69,77,74,80,66,91,75
1485,Audrey,Blankenship,audrey.blankenship.1485@gslingacademy.com,female,False,1,False,16,Unknown,73,90,68,72,84,78,80
1486,Peter,Joyce,peter.joyce.1486@gslingacademy.com,male,False,2,False,15,Unknown,63,86,73,88,100,100,72
1487,Bianca,Harper,bianca.harper.1487@gslingacademy.com,female,False,2,False,22,Unknown,86,70,100,81,74,83,81
1488,Travis,Wright,travis.wright.1488@gslingacademy.com,male,True,0,False,21,Unknown,93,82,80,78,100,66,75
1489,Aiden,Hutchinson,aiden.hutchinson.1489@gslingacademy.com,male,False,5,False,8,Unknown,90,84,82,96,71,84,100
1490,Scott,Parker,scott.parker.1490@gslingacademy.com,male,False,4,False,28,Unknown,90,92,100,96,89,79,71
1491,Jack,Avila,jack.avila.1491@gslingacademy.com,male,True,4,False,9,Unknown,92,64,83,85,78,86,46
1492,Velma,Hawkins,velma.hawkins.1492@gslingacademy.com,female,False,4,False,26,Unknown,75,79,69,87,83,68,89
1493,Daisy,Tran,daisy.tran.1493@gslingacademy.com,female,False,0,True,20,Unknown,88,58,64,66,82,70,81
1494,Priscilla,Boyle,priscilla.boyle.1494@gslingacademy.com,female,False,2,False,15,Unknown,95,81,81,67,76,73,73
1495,Sophie,Thornton,sophie.thornton.1495@gslingacademy.com,female,False,5,False,17,Unknown,93,81,77,82,69,97,72
1496,Clayton,Dawson,clayton.dawson.1496@gslingacademy.com,male,False,4,False,21,Unknown,62,72,88,78,96,93,77
1497,Derek,Dixon,derek.dixon.1497@gslingacademy.com,male,False,2,True,19,Unknown,93,67,88,75,74,97,67
1498,Marco,Santos,marco.santos.1498@gslingacademy.com,male,False,2,False,13,Unknown,91,79,82,81,83,73,78
1499,Gerardo,Cruz,gerardo.cruz.1499@gslingacademy.com,male,False,1,False,0,Unknown,70,79,62,69,65,94,61
1500,Hannah,Obrien,hannah.obrien.1500@gslingacademy.com,female,True,6,False,16,Unknown,66,66,55,70,82,79,67
1501,Robert,Brown,robert.brown.1501@gslingacademy.com,male,False,2,False,33,Software Engineer,97,98,83,87,60,78,70
1502,Mark,Myers,mark.myers.1502@gslingacademy.com,male,False,4,False,21,Software Engineer,95,69,62,87,84,83,64
1503,Daniel,Peterson,daniel.peterson.1503@gslingacademy.com,male,False,3,False,35,Software Engineer,91,97,87,93,94,90,88
1504,James,Glover,james.glover.1504@gslingacademy.com,male,False,4,False,33,Software Engineer,99,87,98,76,65,94,67
1505,Lauren,Harrington,lauren.harrington.1505@gslingacademy.com,female,False,6,True,16,Software Engineer,88,96,90,92,68,97,73
1506,Angela,Elliott,angela.elliott.1506@gslingacademy.com,female,True,2,False,35,Software Engineer,96,91,95,88,89,85,92
1507,Jessica,Boyd,jessica.boyd.1507@gslingacademy.com,female,False,4,False,23,Software Engineer,90,94,98,96,68,82,81
1508,Jacob,Hanson,jacob.hanson.1508@gslingacademy.com,male,False,7,False,26,Software Engineer,94,89,64,96,91,95,77
1509,Melissa,Williamson,melissa.williamson.1509@gslingacademy.com,female,True,1,False,22,Software Engineer,91,79,89,74,79,74,61
1510,Clayton,Green,clayton.green.1510@gslingacademy.com,male,False,1,False,31,Software Engineer,88,88,90,67,77,83,64
1511,Gregory,Schaefer,gregory.schaefer.1511@gslingacademy.com,male,False,2,False,26,Software Engineer,93,95,80,88,83,62,65
1512,Nancy,Esparza,nancy.esparza.1512@gslingacademy.com,female,True,2,False,17,Software Engineer,94,90,77,65,83,79,96
1513,Rachel,Hall,rachel.hall.1513@gslingacademy.com,female,True,4,False,23,Software Engineer,90,95,73,81,81,62,81
1514,Kimberly,Torres,kimberly.torres.1514@gslingacademy.com,female,False,2,False,32,Software Engineer,91,87,88,82,95,70,87
1515,Nicole,Rice,nicole.rice.1515@gslingacademy.com,female,False,3,False,25,Software Engineer,96,100,99,82,79,95,89
1516,Samantha,Cole,samantha.cole.1516@gslingacademy.com,female,False,2,False,34,Software Engineer,98,80,70,60,88,65,92
1517,Vincent,Wilson,vincent.wilson.1517@gslingacademy.com,male,False,2,False,19,Software Engineer,95,92,73,94,73,70,94
1518,Anthony,Palmer,anthony.palmer.1518@gslingacademy.com,male,False,4,False,21,Software Engineer,92,96,92,63,73,60,81
1519,Eric,Heath,eric.heath.1519@gslingacademy.com,male,False,2,False,23,Software Engineer,94,94,74,66,73,92,80
1520,Linda,Adams,linda.adams.1520@gslingacademy.com,female,False,1,False,20,Software Engineer,96,67,88,95,82,75,84
1521,Cassandra,West,cassandra.west.1521@gslingacademy.com,female,False,4,False,35,Software Engineer,87,91,90,88,95,88,93
1522,Cory,Cook,cory.cook.1522@gslingacademy.com,male,False,1,False,31,Software Engineer,99,61,91,73,89,62,82
1523,Patricia,Garrison,patricia.garrison.1523@gslingacademy.com,female,False,2,True,19,Software Engineer,90,73,71,68,74,87,66
1524,Jennifer,Baker,jennifer.baker.1524@gslingacademy.com,female,False,2,False,29,Software Engineer,87,89,61,66,72,90,61
1525,Miguel,Nicholson,miguel.nicholson.1525@gslingacademy.com,male,False,2,False,18,Software Engineer,89,67,93,83,65,94,67
1526,Keith,Smith,keith.smith.1526@gslingacademy.com,male,True,5,False,15,Software Engineer,85,76,61,93,98,87,67
1527,Adam,Herring,adam.herring.1527@gslingacademy.com,male,True,2,True,18,Software Engineer,93,67,65,61,61,96,65
1528,Amy,Dominguez,amy.dominguez.1528@gslingacademy.com,female,False,3,False,34,Software Engineer,99,75,87,76,95,99,67
1529,Nathan,Armstrong,nathan.armstrong.1529@gslingacademy.com,male,False,2,False,18,Software Engineer,100,96,74,61,87,94,60
1530,John,Castillo,john.castillo.1530@gslingacademy.com,male,False,1,False,33,Software Engineer,90,64,91,93,86,91,97
1531,Tracy,Hendricks,tracy.hendricks.1531@gslingacademy.com,male,False,2,False,23,Software Engineer,91,79,70,94,77,83,81
1532,Dorothy,Mitchell,dorothy.mitchell.1532@gslingacademy.com,female,False,8,False,16,Software Engineer,92,81,71,97,96,72,63
1533,Sydney,Johnson,sydney.johnson.1533@gslingacademy.com,female,False,1,False,25,Software Engineer,91,65,86,66,88,85,60
1534,Duane,Meyers,duane.meyers.1534@gslingacademy.com,male,False,2,False,19,Software Engineer,91,69,90,76,79,80,82
1535,Jennifer,Palmer,jennifer.palmer.1535@gslingacademy.com,female,False,2,False,24,Software Engineer,87,63,79,81,95,75,64
1536,Brandon,Butler,brandon.butler.1536@gslingacademy.com,male,False,1,False,21,Software Engineer,89,87,81,67,93,98,68
1537,Kelly,Morris,kelly.morris.1537@gslingacademy.com,female,False,3,False,35,Software Engineer,99,95,89,90,95,98,99
1538,Angela,Rios,angela.rios.1538@gslingacademy.com,female,False,2,False,27,Software Engineer,99,65,98,75,66,72,100
1539,Lisa,Stewart,lisa.stewart.1539@gslingacademy.com,female,False,4,True,26,Software Engineer,95,97,84,97,75,92,92
1540,Autumn,Jones,autumn.jones.1540@gslingacademy.com,female,False,0,False,29,Software Engineer,93,69,79,78,77,73,77
1541,Bryan,Pacheco,bryan.pacheco.1541@gslingacademy.com,male,False,3,False,14,Software Engineer,90,95,68,75,71,68,95
1542,April,Humphrey,april.humphrey.1542@gslingacademy.com,female,False,0,False,23,Software Engineer,86,89,94,95,60,90,90
1543,Michael,Ball,michael.ball.1543@gslingacademy.com,male,False,2,False,19,Software Engineer,91,85,96,83,74,87,74
1544,Clinton,Martin,clinton.martin.1544@gslingacademy.com,male,True,2,False,22,Software Engineer,89,83,89,91,94,93,69
1545,Andrea,Sutton,andrea.sutton.1545@gslingacademy.com,female,False,7,True,35,Software Engineer,91,87,89,97,93,87,100
1546,Stacy,Jordan,stacy.jordan.1546@gslingacademy.com,female,False,2,False,32,Software Engineer,95,84,95,72,62,80,83
1547,Dennis,Kim,dennis.kim.1547@gslingacademy.com,male,False,1,False,24,Software Engineer,85,71,69,80,70,77,66
1548,Rebecca,Larsen,rebecca.larsen.1548@gslingacademy.com,female,False,2,False,18,Software Engineer,92,72,61,93,86,97,79
1549,Nathaniel,Adams,nathaniel.adams.1549@gslingacademy.com,male,False,2,False,27,Software Engineer,86,84,98,67,76,75,65
1550,Melinda,Velazquez,melinda.velazquez.1550@gslingacademy.com,female,False,0,False,34,Software Engineer,93,74,63,97,64,61,92
1551,Tina,Perkins,tina.perkins.1551@gslingacademy.com,female,False,4,False,27,Software Engineer,90,63,69,80,99,69,79
1552,Claudia,Munoz,claudia.munoz.1552@gslingacademy.com,female,False,5,False,14,Software Engineer,92,66,96,71,87,89,61
1553,Scott,Owens,scott.owens.1553@gslingacademy.com,male,False,0,False,31,Software Engineer,90,72,62,84,74,75,100
1554,Hannah,Garcia,hannah.garcia.1554@gslingacademy.com,female,True,2,False,14,Software Engineer,97,74,76,72,62,69,90
1555,Todd,Griffith,todd.griffith.1555@gslingacademy.com,male,False,6,False,22,Software Engineer,97,92,87,61,75,62,94
1556,Nicholas,Martin,nicholas.martin.1556@gslingacademy.com,male,False,5,False,15,Software Engineer,96,73,91,71,72,74,76
1557,Elizabeth,Adams,elizabeth.adams.1557@gslingacademy.com,female,True,0,False,15,Software Engineer,100,95,72,77,66,68,76
1558,Emily,Holloway,emily.holloway.1558@gslingacademy.com,female,False,4,False,31,Software Engineer,85,97,64,90,79,81,81
1559,Victoria,Taylor,victoria.taylor.1559@gslingacademy.com,female,False,2,True,24,Software Engineer,89,82,83,62,66,86,90
1560,Gabriela,Martinez,gabriela.martinez.1560@gslingacademy.com,female,False,4,False,22,Software Engineer,92,91,85,94,69,80,71
1561,David,Flores,david.flores.1561@gslingacademy.com,male,True,7,False,28,Software Engineer,89,79,97,61,64,79,72
1562,Tyler,Cabrera,tyler.cabrera.1562@gslingacademy.com,male,False,3,False,22,Software Engineer,93,90,73,94,81,84,74
1563,Christopher,Pace,christopher.pace.1563@gslingacademy.com,male,False,2,False,31,Software Engineer,94,62,66,95,66,64,62
1564,Joseph,Erickson,joseph.erickson.1564@gslingacademy.com,male,False,4,True,20,Software Engineer,89,88,86,77,87,88,78
1565,Jeffrey,Cox,jeffrey.cox.1565@gslingacademy.com,male,False,5,False,34,Software Engineer,98,84,90,83,84,61,99
1566,Luis,Frank,luis.frank.1566@gslingacademy.com,male,False,4,False,34,Software Engineer,100,97,74,74,82,75,69
1567,Paul,Shaffer,paul.shaffer.1567@gslingacademy.com,male,False,10,False,35,Software Engineer,93,100,90,94,97,98,98
1568,Mary,Taylor,mary.taylor.1568@gslingacademy.com,female,False,7,False,14,Software Engineer,92,74,90,87,89,94,87
1569,Jeffrey,Young,jeffrey.young.1569@gslingacademy.com,male,False,5,False,23,Software Engineer,93,96,80,64,91,68,71
1570,Rebecca,Molina,rebecca.molina.1570@gslingacademy.com,female,False,3,False,15,Software Engineer,97,81,65,70,62,96,75
1571,Jacob,Hall,jacob.hall.1571@gslingacademy.com,male,False,3,False,20,Software Engineer,97,93,67,85,90,72,96
1572,Cheryl,Gutierrez,cheryl.gutierrez.1572@gslingacademy.com,female,False,5,False,32,Software Engineer,87,91,86,96,65,77,83
1573,Bryan,Mitchell,bryan.mitchell.1573@gslingacademy.com,male,False,0,False,23,Software Engineer,87,90,92,62,96,77,80
1574,Ann,Mccann,ann.mccann.1574@gslingacademy.com,female,False,1,False,32,Software Engineer,85,86,84,81,92,84,93
1575,David,Jones,david.jones.1575@gslingacademy.com,male,False,5,False,24,Software Engineer,85,100,93,64,81,78,64
1576,Pamela,Moyer,pamela.moyer.1576@gslingacademy.com,female,False,1,False,25,Software Engineer,100,87,88,100,89,98,71
1577,Chris,Greene,chris.greene.1577@gslingacademy.com,male,False,2,False,31,Software Engineer,85,76,82,85,73,60,90
1578,Lisa,Benitez,lisa.benitez.1578@gslingacademy.com,female,False,4,False,15,Software Engineer,93,77,85,95,60,99,67
1579,Christopher,Price,christopher.price.1579@gslingacademy.com,male,False,3,False,26,Software Engineer,100,88,94,67,62,66,96
1580,Curtis,Duffy,curtis.duffy.1580@gslingacademy.com,male,False,3,False,33,Software Engineer,96,64,100,87,88,60,62
1581,Angie,Miller,angie.miller.1581@gslingacademy.com,female,False,0,False,14,Software Engineer,88,69,87,100,88,85,72
1582,Roberto,Rodriguez,roberto.rodriguez.1582@gslingacademy.com,male,True,9,True,22,Software Engineer,94,80,72,90,60,78,94
1583,Elizabeth,Butler,elizabeth.butler.1583@gslingacademy.com,female,False,5,False,35,Software Engineer,91,99,94,94,95,98,89
1584,Abigail,Perez,abigail.perez.1584@gslingacademy.com,female,False,2,False,25,Software Engineer,96,80,100,61,81,98,65
1585,David,Brown,david.brown.1585@gslingacademy.com,male,False,4,False,31,Software Engineer,97,93,60,90,85,72,83
1586,David,Barron,david.barron.1586@gslingacademy.com,male,True,6,False,17,Software Engineer,90,75,71,64,97,89,88
1587,Madeline,Holmes,madeline.holmes.1587@gslingacademy.com,female,False,0,False,17,Software Engineer,86,92,65,81,73,84,79
1588,Melissa,Edwards,melissa.edwards.1588@gslingacademy.com,female,False,2,False,17,Software Engineer,97,97,90,69,75,68,70
1589,Natalie,Garrison,natalie.garrison.1589@gslingacademy.com,female,False,5,False,32,Software Engineer,96,83,67,86,81,92,73
1590,Jaime,Morrison,jaime.morrison.1590@gslingacademy.com,male,False,2,False,16,Software Engineer,88,71,82,98,91,73,74
1591,Michael,James,michael.james.1591@gslingacademy.com,male,False,7,False,25,Software Engineer,89,63,88,73,78,84,74
1592,Billy,Compton,billy.compton.1592@gslingacademy.com,male,False,1,False,18,Software Engineer,92,99,100,64,100,65,99
1593,Joseph,Jackson,joseph.jackson.1593@gslingacademy.com,male,False,1,False,24,Software Engineer,92,63,87,92,81,78,74
1594,Jesse,Hawkins,jesse.hawkins.1594@gslingacademy.com,male,False,1,True,21,Software Engineer,88,67,77,89,97,70,71
1595,Travis,Ross,travis.ross.1595@gslingacademy.com,male,False,3,False,35,Software Engineer,93,85,89,93,90,91,88
1596,David,Sloan,david.sloan.1596@gslingacademy.com,male,False,3,False,25,Software Engineer,98,76,69,75,76,98,81
1597,Francisco,Reilly,francisco.reilly.1597@gslingacademy.com,male,False,0,False,32,Software Engineer,85,97,88,61,80,80,84
1598,Sean,Thomas,sean.thomas.1598@gslingacademy.com,male,False,2,True,16,Software Engineer,96,79,80,71,67,76,63
1599,Yvette,Bridges,yvette.bridges.1599@gslingacademy.com,female,False,3,True,14,Software Engineer,99,95,83,89,81,63,70
1600,Maria,Obrien,maria.obrien.1600@gslingacademy.com,female,False,0,False,19,Software Engineer,95,85,76,96,68,74,93
1601,Anthony,Moore,anthony.moore.1601@gslingacademy.com,male,False,0,False,17,Software Engineer,98,63,64,82,64,96,79
1602,William,Brown,william.brown.1602@gslingacademy.com,male,False,3,False,29,Software Engineer,89,75,60,80,62,85,73
1603,Shelly,Dominguez,shelly.dominguez.1603@gslingacademy.com,female,False,1,False,24,Software Engineer,88,72,96,97,71,60,61
1604,Michelle,Roth,michelle.roth.1604@gslingacademy.com,female,False,0,False,17,Software Engineer,99,69,85,91,77,88,75
1605,Jessica,Mendoza,jessica.mendoza.1605@gslingacademy.com,female,False,1,False,21,Software Engineer,90,96,73,89,93,87,96
1606,Jason,Myers,jason.myers.1606@gslingacademy.com,male,False,1,False,18,Software Engineer,99,99,69,92,95,79,81
1607,Michael,Webb,michael.webb.1607@gslingacademy.com,male,False,2,False,32,Software Engineer,90,90,82,64,75,82,93
1608,Sandra,Melendez,sandra.melendez.1608@gslingacademy.com,female,False,3,False,27,Software Engineer,96,76,98,89,93,85,75
1609,Bruce,Woods,bruce.woods.1609@gslingacademy.com,male,False,3,True,16,Software Engineer,95,61,68,75,64,76,66
1610,Jennifer,Garcia,jennifer.garcia.1610@gslingacademy.com,female,False,3,False,24,Software Engineer,87,63,60,90,89,99,80
1611,Casey,May,casey.may.1611@gslingacademy.com,male,False,4,False,23,Software Engineer,89,99,90,79,85,96,98
1612,Robert,Foley,robert.foley.1612@gslingacademy.com,male,False,1,False,31,Software Engineer,95,71,88,96,82,65,80
1613,Michael,Aguirre,michael.aguirre.1613@gslingacademy.com,male,False,2,False,21,Software Engineer,90,93,66,77,72,82,82
1614,Alexandra,Day,alexandra.day.1614@gslingacademy.com,female,False,2,False,34,Software Engineer,87,83,75,73,92,91,71
1615,Douglas,Irwin,douglas.irwin.1615@gslingacademy.com,male,False,7,False,30,Software Engineer,100,79,92,92,67,68,72
1616,Peter,Vargas,peter.vargas.1616@gslingacademy.com,male,True,3,False,23,Software Engineer,94,61,72,70,87,82,76
1617,Rachel,Alvarez,rachel.alvarez.1617@gslingacademy.com,female,False,3,False,22,Software Engineer,95,87,79,95,84,90,74
1618,Shawn,Chase,shawn.chase.1618@gslingacademy.com,male,False,3,False,16,Software Engineer,87,79,89,68,93,75,92
1619,Taylor,Klein,taylor.klein.1619@gslingacademy.com,female,False,4,False,34,Software Engineer,87,84,62,76,89,83,93
1620,Nicholas,Lester,nicholas.lester.1620@gslingacademy.com,male,False,5,False,27,Software Engineer,99,78,92,65,90,96,96
1621,Tony,Hopkins,tony.hopkins.1621@gslingacademy.com,male,True,2,False,34,Software Engineer,95,90,65,84,86,88,94
1622,Darrell,Williams,darrell.williams.1622@gslingacademy.com,male,False,4,False,32,Software Engineer,85,87,91,63,95,88,62
1623,Ashley,Gutierrez,ashley.gutierrez.1623@gslingacademy.com,female,False,10,False,34,Software Engineer,97,94,73,98,87,97,98
1624,Brett,Bell,brett.bell.1624@gslingacademy.com,male,True,5,False,19,Software Engineer,97,87,70,74,73,74,81
1625,Matthew,Griffin,matthew.griffin.1625@gslingacademy.com,male,True,1,False,23,Software Engineer,96,63,69,67,69,92,77
1626,Rachel,Hill,rachel.hill.1626@gslingacademy.com,female,False,1,False,33,Software Engineer,92,84,85,77,81,69,95
1627,Marcus,Howard,marcus.howard.1627@gslingacademy.com,male,False,5,True,32,Software Engineer,88,65,75,73,66,98,81
1628,Erik,Miller,erik.miller.1628@gslingacademy.com,male,False,3,False,17,Software Engineer,88,74,60,60,78,94,69
1629,Valerie,Nichols,valerie.nichols.1629@gslingacademy.com,female,False,4,False,21,Software Engineer,87,74,81,65,74,91,82
1630,Brian,David,brian.david.1630@gslingacademy.com,male,False,2,False,29,Software Engineer,87,68,75,96,91,72,78
1631,Martin,Franco,martin.franco.1631@gslingacademy.com,male,False,3,True,33,Software Engineer,85,90,100,84,95,77,62
1632,Kendra,Robertson,kendra.robertson.1632@gslingacademy.com,female,False,4,False,32,Software Engineer,86,99,77,61,72,92,70
1633,Lori,Roberts,lori.roberts.1633@gslingacademy.com,female,False,2,True,35,Software Engineer,94,97,90,93,85,95,92
1634,Eric,Jones,eric.jones.1634@gslingacademy.com,male,True,1,False,30,Software Engineer,92,98,61,99,77,72,75
1635,Daniel,Brewer,daniel.brewer.1635@gslingacademy.com,male,False,2,False,28,Software Engineer,97,97,70,94,66,83,66
1636,Heather,Johnson,heather.johnson.1636@gslingacademy.com,female,False,5,False,32,Software Engineer,94,90,81,82,100,82,98
1637,Jordan,Rocha,jordan.rocha.1637@gslingacademy.com,male,False,1,False,30,Software Engineer,89,93,71,84,63,61,76
1638,Michael,Anderson,michael.anderson.1638@gslingacademy.com,male,False,4,False,25,Software Engineer,100,62,78,74,72,73,78
1639,Margaret,Sanchez,margaret.sanchez.1639@gslingacademy.com,female,False,2,False,21,Software Engineer,90,76,64,88,80,75,70
1640,Bryan,Grimes,bryan.grimes.1640@gslingacademy.com,male,False,7,False,20,Software Engineer,93,61,65,77,97,90,90
1641,Kimberly,Miller,kimberly.miller.1641@gslingacademy.com,female,False,2,False,31,Software Engineer,93,74,80,79,70,66,91
1642,Mary,Wyatt,mary.wyatt.1642@gslingacademy.com,female,False,3,True,24,Software Engineer,86,75,96,62,81,91,84
1643,Charles,Robertson,charles.robertson.1643@gslingacademy.com,male,False,7,False,33,Software Engineer,99,61,75,68,66,90,99
1644,Melissa,Mendoza,melissa.mendoza.1644@gslingacademy.com,female,False,2,False,28,Software Engineer,95,82,100,60,77,95,80
1645,Douglas,Robertson,douglas.robertson.1645@gslingacademy.com,male,False,5,False,34,Software Engineer,90,91,61,72,64,84,72
1646,Catherine,Brooks,catherine.brooks.1646@gslingacademy.com,female,True,6,True,33,Software Engineer,94,90,79,69,100,72,98
1647,Michael,Walsh,michael.walsh.1647@gslingacademy.com,male,False,3,False,16,Software Engineer,98,89,75,68,87,69,96
1648,Jodi,Price,jodi.price.1648@gslingacademy.com,female,False,0,False,19,Software Engineer,91,91,66,97,62,89,82
1649,Joshua,Miller,joshua.miller.1649@gslingacademy.com,male,False,3,False,35,Software Engineer,85,100,90,93,94,97,98
1650,Christopher,Jensen,christopher.jensen.1650@gslingacademy.com,male,False,0,False,15,Software Engineer,92,100,83,74,73,66,83
1651,Thomas,Buckley,thomas.buckley.1651@gslingacademy.com,male,False,3,False,18,Software Engineer,100,93,99,65,72,79,88
1652,Robert,Barnett,robert.barnett.1652@gslingacademy.com,male,False,2,False,28,Software Engineer,99,84,75,81,91,87,63
1653,Jacqueline,Goodman,jacqueline.goodman.1653@gslingacademy.com,female,False,2,True,23,Software Engineer,97,82,100,69,64,73,88
1654,Timothy,Hall,timothy.hall.1654@gslingacademy.com,male,True,1,False,26,Software Engineer,99,85,97,72,79,92,82
1655,Maxwell,Davidson,maxwell.davidson.1655@gslingacademy.com,male,False,2,True,28,Software Engineer,86,83,85,79,93,76,77
1656,Tracie,Weeks,tracie.weeks.1656@gslingacademy.com,female,False,0,False,34,Software Engineer,87,98,79,87,92,80,93
1657,Thomas,Nguyen,thomas.nguyen.1657@gslingacademy.com,male,False,2,True,20,Software Engineer,90,77,86,91,76,78,62
1658,Phillip,Lynch,phillip.lynch.1658@gslingacademy.com,male,False,6,True,28,Software Engineer,97,73,92,64,66,96,65
1659,David,Ramirez,david.ramirez.1659@gslingacademy.com,male,False,1,False,14,Software Engineer,85,93,75,72,84,63,63
1660,Anthony,Adams,anthony.adams.1660@gslingacademy.com,male,False,0,False,31,Software Engineer,87,78,96,84,97,89,82
1661,Brian,Baker,brian.baker.1661@gslingacademy.com,male,False,3,True,26,Software Engineer,85,68,73,94,88,86,77
1662,Jimmy,Warren,jimmy.warren.1662@gslingacademy.com,male,False,3,False,28,Software Engineer,91,61,61,85,64,76,88
1663,Austin,Bass,austin.bass.1663@gslingacademy.com,male,False,3,True,24,Software Engineer,86,99,95,94,92,90,77
1664,Evan,Christian,evan.christian.1664@gslingacademy.com,male,False,4,True,34,Software Engineer,100,62,67,97,73,84,99
1665,Margaret,Mullins,margaret.mullins.1665@gslingacademy.com,female,False,0,False,29,Software Engineer,85,82,81,85,72,90,71
1666,Garrett,Nichols,garrett.nichols.1666@gslingacademy.com,male,False,2,True,14,Software Engineer,86,99,90,61,66,96,87
1667,Isaac,Tucker,isaac.tucker.1667@gslingacademy.com,male,False,5,True,22,Software Engineer,89,93,95,88,72,76,71
1668,Angelica,Jones,angelica.jones.1668@gslingacademy.com,female,True,3,False,29,Software Engineer,97,85,81,71,62,62,82
1669,Ashley,Blankenship,ashley.blankenship.1669@gslingacademy.com,female,False,5,False,24,Software Engineer,93,75,84,66,74,99,66
1670,Judy,Pugh,judy.pugh.1670@gslingacademy.com,female,False,1,False,20,Software Engineer,87,99,92,85,62,69,67
1671,Katie,Clark,katie.clark.1671@gslingacademy.com,female,True,3,False,28,Software Engineer,91,98,60,88,63,78,95
1672,Michelle,Guerrero,michelle.guerrero.1672@gslingacademy.com,female,False,3,True,20,Software Engineer,99,77,60,99,100,83,72
1673,William,Avery,william.avery.1673@gslingacademy.com,male,False,5,False,28,Software Engineer,100,75,72,79,61,94,82
1674,Nicholas,Hart,nicholas.hart.1674@gslingacademy.com,male,False,4,True,24,Software Engineer,85,67,60,82,77,72,72
1675,Thomas,Ball,thomas.ball.1675@gslingacademy.com,male,False,2,False,29,Software Engineer,100,79,77,61,79,70,69
1676,Mark,Sanchez,mark.sanchez.1676@gslingacademy.com,male,False,3,False,25,Software Engineer,93,70,84,68,71,85,70
1677,Peter,Anderson,peter.anderson.1677@gslingacademy.com,male,False,1,False,23,Software Engineer,86,79,69,60,76,76,92
1678,Jessica,Marshall,jessica.marshall.1678@gslingacademy.com,female,False,5,True,15,Software Engineer,91,60,98,77,72,74,63
1679,Henry,Davis,henry.davis.1679@gslingacademy.com,male,False,4,False,14,Software Engineer,90,70,85,60,81,71,88
1680,Jordan,Perez,jordan.perez.1680@gslingacademy.com,male,False,6,True,27,Software Engineer,99,73,91,91,93,80,100
1681,Nancy,Moore,nancy.moore.1681@gslingacademy.com,female,False,1,False,33,Software Engineer,89,73,85,84,73,81,98
1682,Charles,Thomas,charles.thomas.1682@gslingacademy.com,male,True,2,False,18,Software Engineer,85,99,86,69,68,98,62
1683,George,King,george.king.1683@gslingacademy.com,male,False,4,False,22,Software Engineer,96,73,90,84,64,75,62
1684,Heather,Fitzpatrick,heather.fitzpatrick.1684@gslingacademy.com,female,False,6,True,19,Software Engineer,99,78,61,64,75,66,76
1685,Erin,Moore,erin.moore.1685@gslingacademy.com,female,False,3,False,31,Software Engineer,100,85,62,62,89,65,67
1686,Thomas,Brooks,thomas.brooks.1686@gslingacademy.com,male,True,5,False,15,Software Engineer,92,92,74,96,95,77,76
1687,Lisa,White,lisa.white.1687@gslingacademy.com,female,False,6,False,16,Software Engineer,92,70,60,94,87,90,86
1688,Carla,Davis,carla.davis.1688@gslingacademy.com,female,False,4,False,15,Software Engineer,94,71,63,73,66,90,91
1689,Melissa,Robinson,melissa.robinson.1689@gslingacademy.com,female,False,1,False,28,Software Engineer,85,96,100,75,63,87,89
1690,Angela,Moore,angela.moore.1690@gslingacademy.com,female,False,1,True,32,Software Engineer,99,95,88,68,91,62,75
1691,David,Shaw,david.shaw.1691@gslingacademy.com,male,True,0,False,32,Software Engineer,91,75,77,95,80,95,88
1692,Lisa,Gardner,lisa.gardner.1692@gslingacademy.com,female,False,3,False,17,Software Engineer,97,88,87,61,86,92,94
1693,Alicia,Rodriguez,alicia.rodriguez.1693@gslingacademy.com,female,False,1,False,14,Software Engineer,85,87,78,72,91,88,93
1694,Brenda,Houston,brenda.houston.1694@gslingacademy.com,female,False,1,True,27,Software Engineer,96,92,80,61,66,98,70
1695,Stephanie,Bush,stephanie.bush.1695@gslingacademy.com,female,False,10,True,15,Software Engineer,90,81,69,70,95,97,62
1696,James,Singh,james.singh.1696@gslingacademy.com,male,False,0,False,16,Software Engineer,88,69,87,81,77,67,93
1697,Melanie,Clark,melanie.clark.1697@gslingacademy.com,female,False,5,True,16,Software Engineer,95,97,68,79,63,88,63
1698,Carol,Cortez,carol.cortez.1698@gslingacademy.com,female,False,1,False,26,Software Engineer,95,69,91,67,67,70,71
1699,Deborah,Hood,deborah.hood.1699@gslingacademy.com,female,False,2,False,28,Software Engineer,90,79,64,93,81,63,76
1700,Anthony,Smith,anthony.smith.1700@gslingacademy.com,male,False,3,True,23,Software Engineer,99,96,97,73,88,76,64
1701,Tyler,Griffin,tyler.griffin.1701@gslingacademy.com,male,False,3,False,27,Software Engineer,88,67,96,70,66,76,71
1702,Michele,Stout,michele.stout.1702@gslingacademy.com,female,False,5,True,17,Software Engineer,95,75,79,79,93,85,71
1703,Melissa,Higgins,melissa.higgins.1703@gslingacademy.com,female,False,3,False,21,Software Engineer,91,90,92,78,67,86,71
1704,Lisa,Bailey,lisa.bailey.1704@gslingacademy.com,female,False,3,True,30,Software Engineer,85,78,99,81,60,83,75
1705,Tony,Castillo,tony.castillo.1705@gslingacademy.com,male,True,1,False,24,Software Engineer,89,82,76,92,97,66,60
1706,Michael,Vang,michael.vang.1706@gslingacademy.com,male,False,4,False,20,Software Engineer,89,79,75,80,97,94,68
1707,Eric,Davis,eric.davis.1707@gslingacademy.com,male,True,1,True,32,Software Engineer,97,87,95,67,98,93,89
1708,Douglas,Clark,douglas.clark.1708@gslingacademy.com,male,False,2,False,30,Software Engineer,95,97,88,77,96,96,74
1709,Maxwell,Davis,maxwell.davis.1709@gslingacademy.com,male,False,3,False,17,Software Engineer,97,78,81,67,90,95,79
1710,Jeffrey,Booker,jeffrey.booker.1710@gslingacademy.com,male,False,0,False,30,Software Engineer,100,86,81,100,66,98,97
1711,Megan,Alexander,megan.alexander.1711@gslingacademy.com,female,False,3,False,27,Software Engineer,90,91,88,95,98,99,71
1712,Sarah,Santiago,sarah.santiago.1712@gslingacademy.com,female,False,3,False,35,Software Engineer,86,91,92,96,90,96,90
1713,Gwendolyn,Martinez,gwendolyn.martinez.1713@gslingacademy.com,female,False,6,True,14,Software Engineer,97,92,64,93,60,63,90
1714,Catherine,May,catherine.may.1714@gslingacademy.com,female,False,4,False,25,Software Engineer,86,69,79,85,63,82,77
1715,Anthony,Smith,anthony.smith.1715@gslingacademy.com,male,False,3,False,27,Software Engineer,92,86,66,69,100,71,80
1716,Shane,Parker,shane.parker.1716@gslingacademy.com,male,False,5,False,21,Software Engineer,98,72,64,68,76,84,72
1717,Charles,Gill,charles.gill.1717@gslingacademy.com,male,False,1,False,24,Software Engineer,99,62,65,67,97,73,96
1718,Jacob,Ross,jacob.ross.1718@gslingacademy.com,male,False,4,False,17,Software Engineer,86,70,94,96,74,67,60
1719,Adam,Mitchell,adam.mitchell.1719@gslingacademy.com,male,False,3,True,18,Software Engineer,93,68,76,99,80,80,75
1720,Stacey,Williams,stacey.williams.1720@gslingacademy.com,female,True,0,False,27,Software Engineer,94,97,73,79,84,66,64
1721,Tim,Nichols,tim.nichols.1721@gslingacademy.com,male,True,3,False,15,Software Engineer,100,90,72,98,73,97,72
1722,Christopher,Ayala,christopher.ayala.1722@gslingacademy.com,male,True,2,False,30,Software Engineer,96,79,93,92,92,71,87
1723,Mike,Harris,mike.harris.1723@gslingacademy.com,male,False,1,True,26,Software Engineer,96,66,79,80,88,61,85
1724,William,Ryan,william.ryan.1724@gslingacademy.com,male,False,2,False,34,Software Engineer,93,65,81,94,92,60,100
1725,Megan,Whitaker,megan.whitaker.1725@gslingacademy.com,female,False,0,False,35,Software Engineer,87,89,91,89,93,92,95
1726,Michael,Anderson,michael.anderson.1726@gslingacademy.com,male,False,6,False,31,Software Engineer,87,96,79,79,74,86,85
1727,Tara,Haynes,tara.haynes.1727@gslingacademy.com,female,False,3,False,31,Software Engineer,95,98,76,61,87,72,100
1728,Benjamin,Davis,benjamin.davis.1728@gslingacademy.com,male,False,0,False,21,Software Engineer,96,63,77,93,61,86,83
1729,Timothy,Mann,timothy.mann.1729@gslingacademy.com,male,False,3,False,32,Software Engineer,85,96,87,63,69,69,81
1730,John,Perez,john.perez.1730@gslingacademy.com,male,False,4,False,29,Software Engineer,91,93,62,63,100,85,85
1731,Jennifer,Baxter,jennifer.baxter.1731@gslingacademy.com,female,False,4,False,20,Software Engineer,88,62,91,83,97,83,63
1732,Jessica,Young,jessica.young.1732@gslingacademy.com,female,False,1,True,29,Software Engineer,92,63,99,77,82,88,72
1733,Michael,Adams,michael.adams.1733@gslingacademy.com,male,False,2,False,14,Software Engineer,90,92,95,88,88,85,92
1734,Jennifer,Murphy,jennifer.murphy.1734@gslingacademy.com,female,False,6,False,31,Software Engineer,91,60,84,88,76,71,99
1735,Evan,Holmes,evan.holmes.1735@gslingacademy.com,male,False,4,True,23,Software Engineer,100,77,75,74,80,94,74
1736,Thomas,Ward,thomas.ward.1736@gslingacademy.com,male,False,3,False,35,Software Engineer,88,92,88,100,89,94,87
1737,Jamie,Suarez,jamie.suarez.1737@gslingacademy.com,female,True,3,True,17,Software Engineer,86,96,68,71,86,94,89
1738,Peter,Garner,peter.garner.1738@gslingacademy.com,male,False,0,False,27,Software Engineer,91,81,91,76,100,92,87
1739,Andrea,Case,andrea.case.1739@gslingacademy.com,female,False,7,True,27,Software Engineer,99,90,96,92,100,98,77
1740,Michael,Moon,michael.moon.1740@gslingacademy.com,male,False,5,False,32,Software Engineer,98,86,82,72,79,93,94
1741,William,Torres,william.torres.1741@gslingacademy.com,male,True,2,False,35,Software Engineer,87,91,98,94,100,87,89
1742,Melissa,Campbell,melissa.campbell.1742@gslingacademy.com,female,True,4,False,24,Software Engineer,92,98,93,60,74,84,97
1743,Teresa,Lee,teresa.lee.1743@gslingacademy.com,female,False,5,False,33,Software Engineer,87,98,97,70,80,67,82
1744,Christopher,Gutierrez,christopher.gutierrez.1744@gslingacademy.com,male,False,2,False,24,Software Engineer,90,76,100,73,90,64,86
1745,Shelley,Murphy,shelley.murphy.1745@gslingacademy.com,female,False,2,False,23,Software Engineer,99,75,79,87,63,90,90
1746,Matthew,Jones,matthew.jones.1746@gslingacademy.com,male,False,4,False,31,Software Engineer,90,62,87,63,77,71,68
1747,Andrew,Dixon,andrew.dixon.1747@gslingacademy.com,male,False,1,True,19,Software Engineer,93,73,94,65,60,63,93
1748,David,Ochoa,david.ochoa.1748@gslingacademy.com,male,False,1,False,18,Software Engineer,94,66,84,92,71,81,99
1749,Alex,Shelton,alex.shelton.1749@gslingacademy.com,male,False,0,True,17,Software Engineer,96,77,91,85,69,91,91
1750,Samuel,Thompson,samuel.thompson.1750@gslingacademy.com,male,False,4,False,28,Software Engineer,91,97,86,77,83,79,62
1751,Timothy,Fowler,timothy.fowler.1751@gslingacademy.com,male,False,4,True,32,Software Engineer,89,84,84,100,77,62,69
1752,Lori,Johnson,lori.johnson.1752@gslingacademy.com,female,False,6,False,15,Software Engineer,98,67,74,94,94,96,85
1753,William,Lee,william.lee.1753@gslingacademy.com,male,False,4,False,35,Software Engineer,91,98,93,93,88,96,97
1754,Angela,Thomas,angela.thomas.1754@gslingacademy.com,female,False,7,True,17,Software Engineer,91,78,72,69,77,91,96
1755,Alyssa,Costa,alyssa.costa.1755@gslingacademy.com,female,True,5,False,25,Software Engineer,85,87,68,74,74,85,68
1756,Robert,Black,robert.black.1756@gslingacademy.com,male,False,3,True,23,Software Engineer,88,73,86,75,65,62,83
1757,Joshua,Cervantes,joshua.cervantes.1757@gslingacademy.com,male,False,3,True,29,Software Engineer,99,72,65,66,71,85,83
1758,Benjamin,Marks,benjamin.marks.1758@gslingacademy.com,male,False,1,True,19,Software Engineer,96,96,80,93,82,65,70
1759,Joseph,Mcconnell,joseph.mcconnell.1759@gslingacademy.com,male,False,8,False,30,Software Engineer,89,65,71,96,65,63,100
1760,Jennifer,Torres,jennifer.torres.1760@gslingacademy.com,female,False,6,False,14,Software Engineer,91,61,100,88,73,84,100
1761,David,Barnett,david.barnett.1761@gslingacademy.com,male,False,6,False,20,Software Engineer,100,72,99,64,70,93,67
1762,Cynthia,Rodriguez,cynthia.rodriguez.1762@gslingacademy.com,female,False,3,False,16,Software Engineer,91,84,95,97,88,70,77
1763,Maria,Adams,maria.adams.1763@gslingacademy.com,female,False,2,True,29,Software Engineer,88,83,94,80,97,95,78
1764,Stephanie,Green,stephanie.green.1764@gslingacademy.com,female,False,2,False,29,Software Engineer,89,90,72,98,96,84,87
1765,Laura,Rivera,laura.rivera.1765@gslingacademy.com,female,False,1,True,18,Software Engineer,91,85,66,83,70,71,80
1766,Miranda,Johnson,miranda.johnson.1766@gslingacademy.com,female,False,2,False,19,Software Engineer,89,64,74,97,95,77,88
1767,George,Short,george.short.1767@gslingacademy.com,male,True,2,True,34,Software Engineer,95,95,82,63,84,70,85
1768,Patrick,Vazquez,patrick.vazquez.1768@gslingacademy.com,male,False,1,False,15,Software Engineer,100,92,90,66,73,68,70
1769,Harold,Vazquez,harold.vazquez.1769@gslingacademy.com,male,False,4,False,27,Software Engineer,88,76,80,72,100,69,71
1770,Cody,Burke,cody.burke.1770@gslingacademy.com,male,False,5,False,27,Software Engineer,100,89,98,81,78,91,87
1771,Karen,Watson,karen.watson.1771@gslingacademy.com,female,False,1,False,24,Software Engineer,95,72,94,96,91,61,94
1772,Natalie,Williams,natalie.williams.1772@gslingacademy.com,female,False,4,True,29,Software Engineer,87,80,97,98,91,64,97
1773,Meredith,Clark,meredith.clark.1773@gslingacademy.com,female,False,3,True,28,Software Engineer,89,77,69,72,63,84,99
1774,Joseph,Landry,joseph.landry.1774@gslingacademy.com,male,False,3,False,20,Software Engineer,88,60,81,85,87,90,76
1775,Emily,Hebert,emily.hebert.1775@gslingacademy.com,female,True,4,False,18,Software Engineer,89,65,60,70,86,62,74
1776,Destiny,Rhodes,destiny.rhodes.1776@gslingacademy.com,female,False,4,False,25,Software Engineer,95,94,69,73,71,93,71
1777,Anna,Li,anna.li.1777@gslingacademy.com,female,False,2,False,20,Software Engineer,85,100,64,68,73,81,87
1778,Dale,Martinez,dale.martinez.1778@gslingacademy.com,male,False,7,False,25,Software Engineer,91,94,89,74,60,77,77
1779,Kimberly,Brooks,kimberly.brooks.1779@gslingacademy.com,female,False,8,True,19,Software Engineer,94,83,72,63,65,63,74
1780,Pamela,Flores,pamela.flores.1780@gslingacademy.com,female,False,1,True,20,Software Engineer,86,64,100,76,99,77,86
1781,Victoria,Alvarez,victoria.alvarez.1781@gslingacademy.com,female,True,3,False,25,Software Engineer,95,91,64,65,60,84,99
1782,James,Reynolds,james.reynolds.1782@gslingacademy.com,male,True,0,False,29,Software Engineer,95,62,68,64,71,87,60
1783,Andrea,Richards,andrea.richards.1783@gslingacademy.com,female,False,4,False,27,Software Engineer,90,82,98,61,92,67,80
1784,Melissa,Jackson,melissa.jackson.1784@gslingacademy.com,female,False,6,False,17,Software Engineer,90,64,79,66,96,61,81
1785,John,Miller,john.miller.1785@gslingacademy.com,male,False,4,False,20,Software Engineer,92,93,74,76,79,65,74
1786,Brandi,Bauer,brandi.bauer.1786@gslingacademy.com,female,False,7,True,15,Software Engineer,92,88,76,93,69,75,97
1787,Joseph,Carpenter,joseph.carpenter.1787@gslingacademy.com,male,False,2,False,30,Software Engineer,90,69,91,84,65,86,93
1788,Andrew,Sanders,andrew.sanders.1788@gslingacademy.com,male,False,6,False,18,Software Engineer,89,90,96,97,87,84,63
1789,Thomas,Gilbert,thomas.gilbert.1789@gslingacademy.com,male,False,2,False,20,Software Engineer,89,65,73,80,87,67,73
1790,Rachel,Grant,rachel.grant.1790@gslingacademy.com,female,False,5,False,33,Software Engineer,86,62,81,63,75,92,95
1791,Katherine,Jacobson,katherine.jacobson.1791@gslingacademy.com,female,False,5,False,23,Software Engineer,86,64,96,84,86,96,92
1792,Allen,Farmer,allen.farmer.1792@gslingacademy.com,male,False,5,True,30,Software Engineer,85,70,78,66,69,62,100
1793,Melissa,Marshall,melissa.marshall.1793@gslingacademy.com,female,False,2,False,23,Software Engineer,98,68,80,75,80,81,60
1794,Cynthia,Martinez,cynthia.martinez.1794@gslingacademy.com,female,False,1,True,26,Software Engineer,98,85,95,92,74,79,63
1795,Keith,Hunt,keith.hunt.1795@gslingacademy.com,male,False,4,False,17,Software Engineer,91,92,95,90,73,75,95
1796,Victoria,Jones,victoria.jones.1796@gslingacademy.com,female,False,2,True,34,Software Engineer,100,98,89,85,81,64,94
1797,William,Kelly,william.kelly.1797@gslingacademy.com,male,False,1,False,30,Software Engineer,91,90,88,92,75,98,91
1798,Marissa,May,marissa.may.1798@gslingacademy.com,female,False,1,False,16,Software Engineer,86,96,83,78,71,78,75
1799,Desiree,Moore,desiree.moore.1799@gslingacademy.com,female,False,1,False,25,Software Engineer,99,98,80,83,89,68,61
1800,Shane,Payne,shane.payne.1800@gslingacademy.com,male,False,1,False,22,Software Engineer,85,60,85,76,90,75,93
1801,Audrey,Simpson,audrey.simpson.1801@gslingacademy.com,female,False,3,True,18,Teacher,98,69,88,71,67,71,73
1802,Gabrielle,White,gabrielle.white.1802@gslingacademy.com,female,False,2,False,7,Teacher,65,60,97,94,71,81,66
1803,Jordan,Bennett,jordan.bennett.1803@gslingacademy.com,female,True,0,False,13,Teacher,66,90,83,80,76,90,91
1804,Denise,Schneider,denise.schneider.1804@gslingacademy.com,female,False,1,False,15,Teacher,88,72,96,60,90,80,88
1805,Erica,Cochran,erica.cochran.1805@gslingacademy.com,female,False,2,False,14,Teacher,69,90,83,70,83,91,67
1806,Michele,Thomas,michele.thomas.1806@gslingacademy.com,female,False,1,True,14,Teacher,63,80,99,78,60,84,86
1807,Robin,Parker,robin.parker.1807@gslingacademy.com,female,False,2,True,18,Teacher,64,93,61,61,74,94,64
1808,Lauren,Miller,lauren.miller.1808@gslingacademy.com,female,False,0,False,9,Teacher,66,70,88,70,62,70,75
1809,Brandy,Campbell,brandy.campbell.1809@gslingacademy.com,female,False,4,False,11,Teacher,80,85,98,99,92,70,96
1810,Angela,Park,angela.park.1810@gslingacademy.com,female,False,3,False,8,Teacher,69,99,78,85,98,86,73
1811,Melissa,Le,melissa.le.1811@gslingacademy.com,female,False,1,False,18,Teacher,92,69,69,60,90,88,95
1812,Aimee,Adams,aimee.adams.1812@gslingacademy.com,female,False,3,False,15,Teacher,76,64,64,60,75,92,61
1813,Nicole,Buchanan,nicole.buchanan.1813@gslingacademy.com,female,False,3,False,13,Teacher,92,79,71,65,99,91,98
1814,Patricia,Mccormick,patricia.mccormick.1814@gslingacademy.com,female,False,1,False,14,Teacher,69,69,84,100,69,77,87
1815,Tammie,Stanley,tammie.stanley.1815@gslingacademy.com,female,False,7,False,9,Teacher,61,70,65,67,93,81,63
1816,Kelly,Sanders,kelly.sanders.1816@gslingacademy.com,female,False,5,True,10,Teacher,83,61,76,75,62,79,94
1817,Melinda,Payne,melinda.payne.1817@gslingacademy.com,female,False,2,False,11,Teacher,95,69,91,97,89,84,66
1818,Judy,Mckenzie,judy.mckenzie.1818@gslingacademy.com,female,True,5,False,17,Teacher,86,88,98,66,62,95,90
1819,Lisa,Murphy,lisa.murphy.1819@gslingacademy.com,female,False,1,False,14,Teacher,93,79,82,67,64,90,65
1820,Melinda,Sanchez,melinda.sanchez.1820@gslingacademy.com,female,False,0,False,15,Teacher,78,84,79,96,76,71,71
1821,Sharon,Allen,sharon.allen.1821@gslingacademy.com,female,False,3,False,17,Teacher,80,95,98,95,96,97,85
1822,Brittney,Moon,brittney.moon.1822@gslingacademy.com,female,False,5,False,10,Teacher,91,63,78,93,76,76,90
1823,Mary,Cox,mary.cox.1823@gslingacademy.com,female,False,4,True,14,Teacher,67,100,77,85,73,95,86
1824,Brenda,Davis,brenda.davis.1824@gslingacademy.com,female,False,2,False,8,Teacher,62,69,99,95,73,79,83
1825,Valerie,Romero,valerie.romero.1825@gslingacademy.com,female,False,9,False,15,Teacher,82,61,79,84,73,95,85
1826,Nicole,Bell,nicole.bell.1826@gslingacademy.com,female,False,3,False,9,Teacher,66,64,82,82,72,96,100
1827,Michelle,Mcdonald,michelle.mcdonald.1827@gslingacademy.com,female,False,0,False,11,Teacher,69,85,70,79,68,81,89
1828,Nicole,Robinson,nicole.robinson.1828@gslingacademy.com,female,False,3,False,10,Teacher,93,64,81,74,96,94,98
1829,Lisa,Alexander,lisa.alexander.1829@gslingacademy.com,female,False,4,False,14,Teacher,86,99,64,88,84,95,97
1830,Jessica,Turner,jessica.turner.1830@gslingacademy.com,female,False,0,False,15,Teacher,67,64,99,84,100,81,78
1831,Tina,Anderson,tina.anderson.1831@gslingacademy.com,female,False,3,False,12,Teacher,70,68,89,60,79,85,66
1832,Allison,Bond,allison.bond.1832@gslingacademy.com,female,False,3,False,15,Teacher,87,89,94,82,81,98,88
1833,Holly,Richardson,holly.richardson.1833@gslingacademy.com,female,False,2,False,12,Teacher,95,82,70,81,94,93,69
1834,Jaime,Houston,jaime.houston.1834@gslingacademy.com,female,False,1,False,17,Teacher,95,88,85,66,70,72,97
1835,Amy,Hicks,amy.hicks.1835@gslingacademy.com,female,False,1,False,16,Teacher,68,83,74,87,71,86,82
1836,April,Spence,april.spence.1836@gslingacademy.com,female,True,3,False,12,Teacher,89,67,87,61,91,80,76
1837,Julie,Gomez,julie.gomez.1837@gslingacademy.com,female,False,2,False,16,Teacher,80,62,66,88,75,98,68
1838,Natalie,Fitzgerald,natalie.fitzgerald.1838@gslingacademy.com,female,False,3,True,14,Teacher,60,61,71,60,69,91,84
1839,Kathryn,Bates,kathryn.bates.1839@gslingacademy.com,female,False,1,False,8,Teacher,90,67,73,82,66,75,90
1840,Julie,Lambert,julie.lambert.1840@gslingacademy.com,female,False,5,False,9,Teacher,91,87,71,98,93,83,81
1841,Christine,Nelson,christine.nelson.1841@gslingacademy.com,female,False,1,False,15,Teacher,94,98,65,98,78,96,86
1842,Amanda,Davis,amanda.davis.1842@gslingacademy.com,female,False,2,False,9,Teacher,98,65,66,87,78,84,91
1843,Jennifer,Gonzales,jennifer.gonzales.1843@gslingacademy.com,female,False,2,False,7,Teacher,79,78,100,90,89,80,68
1844,Jennifer,Wright,jennifer.wright.1844@gslingacademy.com,female,False,4,False,13,Teacher,77,87,83,81,60,92,76
1845,Nicole,Grant,nicole.grant.1845@gslingacademy.com,female,False,2,True,18,Teacher,89,75,65,100,74,71,75
1846,Joan,Estrada,joan.estrada.1846@gslingacademy.com,female,False,3,False,15,Teacher,77,73,67,67,88,89,99
1847,Cynthia,White,cynthia.white.1847@gslingacademy.com,female,False,2,False,13,Teacher,63,94,65,98,69,90,85
1848,Laura,Smith,laura.smith.1848@gslingacademy.com,female,False,0,False,12,Teacher,99,75,71,90,92,78,69
1849,Laura,Thornton,laura.thornton.1849@gslingacademy.com,female,False,2,False,11,Teacher,61,75,95,62,93,92,87
1850,Nancy,Montes,nancy.montes.1850@gslingacademy.com,female,False,1,False,15,Teacher,85,76,63,62,74,82,96
1851,Molly,Meadows,molly.meadows.1851@gslingacademy.com,female,False,1,True,18,Teacher,80,93,89,79,89,93,100
1852,Maureen,Hart,maureen.hart.1852@gslingacademy.com,female,True,2,False,18,Teacher,84,93,74,76,95,90,64
1853,Angela,Koch,angela.koch.1853@gslingacademy.com,female,False,2,False,15,Teacher,86,63,82,61,96,98,83
1854,Patricia,Porter,patricia.porter.1854@gslingacademy.com,female,False,6,False,9,Teacher,70,99,60,79,71,79,75
1855,Katherine,Norman,katherine.norman.1855@gslingacademy.com,female,False,7,False,17,Teacher,67,80,86,98,83,82,76
1856,Alicia,Rodriguez,alicia.rodriguez.1856@gslingacademy.com,female,False,5,False,8,Teacher,61,100,85,99,65,79,86
1857,Tracy,Martinez,tracy.martinez.1857@gslingacademy.com,female,False,2,True,8,Teacher,68,95,76,97,91,78,71
1858,Peggy,Hoover,peggy.hoover.1858@gslingacademy.com,female,True,5,False,11,Teacher,75,100,100,82,63,84,82
1859,Debra,Gilbert,debra.gilbert.1859@gslingacademy.com,female,False,0,False,8,Teacher,83,91,69,74,98,86,76
1860,Cynthia,Lutz,cynthia.lutz.1860@gslingacademy.com,female,True,4,False,8,Teacher,71,100,71,100,69,85,79
1861,Reid,Liu,reid.liu.1861@gslingacademy.com,male,True,0,True,20,Teacher,99,78,93,53,92,85,93
1862,Roy,Bell,roy.bell.1862@gslingacademy.com,male,False,4,False,17,Teacher,100,92,62,83,88,93,88
1863,Arthur,Lewis,arthur.lewis.1863@gslingacademy.com,male,False,0,False,16,Teacher,73,76,84,87,69,86,96
1864,Abraham,Bryant,abraham.bryant.1864@gslingacademy.com,male,False,2,False,15,Teacher,81,81,65,85,77,96,96
1865,Josephine,Bennett,josephine.bennett.1865@gslingacademy.com,female,False,4,False,13,Teacher,84,79,100,56,96,83,91
1866,Ellie,Fuller,ellie.fuller.1866@gslingacademy.com,female,False,2,True,11,Teacher,72,74,68,97,79,92,70
1867,Heidi,Hanson,heidi.hanson.1867@gslingacademy.com,female,False,1,True,16,Teacher,74,78,71,69,86,82,83
1868,Luna,Brennan,luna.brennan.1868@gslingacademy.com,female,False,1,False,10,Teacher,74,68,70,67,89,80,80
1869,Amelia,Contreras,amelia.contreras.1869@gslingacademy.com,female,False,5,False,14,Teacher,91,87,58,87,97,91,92
1870,Heidi,Kidd,heidi.kidd.1870@gslingacademy.com,female,True,0,True,13,Teacher,100,74,62,91,100,98,72
1871,Jonathan,Sloan,jonathan.sloan.1871@gslingacademy.com,male,False,3,False,14,Teacher,89,75,58,74,75,100,82
1872,Phyllis,Mcbride,phyllis.mcbride.1872@gslingacademy.com,female,False,4,False,11,Teacher,71,79,98,100,76,67,93
1873,Rosa,Hammond,rosa.hammond.1873@gslingacademy.com,female,False,1,True,14,Teacher,93,76,74,76,73,83,83
1874,Everly,Petersen,everly.petersen.1874@gslingacademy.com,female,True,3,False,10,Teacher,74,81,79,84,83,78,70
1875,Olivia,Hampton,olivia.hampton.1875@gslingacademy.com,female,False,0,False,18,Teacher,59,78,68,76,83,84,67
1876,Aaron,Lewis,aaron.lewis.1876@gslingacademy.com,male,False,3,False,18,Teacher,80,80,88,75,75,91,80
1877,Morgan,Jenkins,morgan.jenkins.1877@gslingacademy.com,female,False,0,False,11,Teacher,60,66,76,78,56,79,75
1878,Gerardo,Poole,gerardo.poole.1878@gslingacademy.com,male,False,4,False,11,Teacher,76,78,84,77,77,88,71
1879,Angelina,Freeman,angelina.freeman.1879@gslingacademy.com,female,False,0,False,11,Teacher,81,58,99,70,79,66,73
1880,Steven,Flores,steven.flores.1880@gslingacademy.com,male,False,4,True,12,Teacher,76,65,66,74,60,79,73
1881,Ivy,Frye,ivy.frye.1881@gslingacademy.com,female,False,0,False,13,Teacher,96,72,73,60,70,92,91
1882,Philip,Woods,philip.woods.1882@gslingacademy.com,male,False,2,True,17,Teacher,77,76,54,90,92,86,96
1883,Velma,Hutchinson,velma.hutchinson.1883@gslingacademy.com,female,False,5,True,7,Teacher,66,66,100,75,76,92,81
1884,Tara,Brooks,tara.brooks.1884@gslingacademy.com,female,False,3,False,8,Teacher,76,83,77,91,79,78,88
1885,Vicki,Oliver,vicki.oliver.1885@gslingacademy.com,female,False,5,False,11,Teacher,84,64,100,91,78,81,88
1886,Hailey,Burns,hailey.burns.1886@gslingacademy.com,female,False,2,False,18,Teacher,84,64,76,77,88,89,99
1887,Meghan,Simmons,meghan.simmons.1887@gslingacademy.com,female,False,2,False,4,Teacher,91,84,72,81,80,79,47
1888,Liliana,Harper,liliana.harper.1888@gslingacademy.com,female,False,0,False,14,Teacher,77,69,84,65,84,89,89
1889,Isaac,West,isaac.west.1889@gslingacademy.com,male,False,3,False,8,Teacher,80,94,98,91,80,82,92
1890,Lisa,Burke,lisa.burke.1890@gslingacademy.com,female,False,4,False,10,Teacher,92,83,67,70,83,81,80
1891,Derek,Moon,derek.moon.1891@gslingacademy.com,male,False,2,False,15,Teacher,89,100,69,83,84,93,92
1892,Courtney,Cook,courtney.cook.1892@gslingacademy.com,female,False,3,False,17,Teacher,84,66,92,63,77,80,81
1893,Mark,Rasmussen,mark.rasmussen.1893@gslingacademy.com,male,False,3,True,19,Teacher,82,63,87,71,84,95,84
1894,Laura,Sutton,laura.sutton.1894@gslingacademy.com,female,False,0,False,11,Teacher,70,100,82,81,84,83,92
1895,Mitchell,Hudson,mitchell.hudson.1895@gslingacademy.com,male,False,1,False,13,Teacher,100,82,61,68,93,76,100
1896,Jack,Henry,jack.henry.1896@gslingacademy.com,male,False,2,False,13,Teacher,49,87,89,79,74,99,58
1897,Liam,Hardin,liam.hardin.1897@gslingacademy.com,male,False,4,False,10,Teacher,90,75,87,89,82,91,70
1898,Paul,Cox,paul.cox.1898@gslingacademy.com,male,False,2,True,12,Teacher,64,99,96,80,46,80,62
1899,Courtney,Santiago,courtney.santiago.1899@gslingacademy.com,female,False,1,False,20,Teacher,96,92,76,62,74,98,95
1900,Ernest,Cabrera,ernest.cabrera.1900@gslingacademy.com,male,False,3,False,9,Teacher,83,76,72,87,61,66,64
1901,Matthew,Little,matthew.little.1901@gslingacademy.com,male,False,2,False,17,Teacher,80,69,74,55,70,99,94
1902,Ricky,Mendoza,ricky.mendoza.1902@gslingacademy.com,male,False,3,False,14,Teacher,89,97,52,89,82,86,90
1903,Natasha,Cooper,natasha.cooper.1903@gslingacademy.com,female,False,0,False,13,Teacher,74,86,77,84,92,86,82
1904,Kathy,Noble,kathy.noble.1904@gslingacademy.com,female,False,0,False,10,Teacher,100,84,65,88,88,86,76
1905,Roy,Lee,roy.lee.1905@gslingacademy.com,male,False,2,False,8,Teacher,75,77,85,95,90,87,71
1906,Antonio,Meadows,antonio.meadows.1906@gslingacademy.com,male,False,1,False,16,Teacher,90,61,73,77,99,85,62
1907,Melissa,Daniel,melissa.daniel.1907@gslingacademy.com,female,False,2,False,10,Teacher,86,79,85,100,88,79,76
1908,Antonio,Hammond,antonio.hammond.1908@gslingacademy.com,male,True,0,True,14,Teacher,68,81,75,79,74,79,100
1909,Gianna,Taylor,gianna.taylor.1909@gslingacademy.com,female,False,0,False,13,Teacher,77,83,77,97,73,61,82
1910,Brayden,Cooper,brayden.cooper.1910@gslingacademy.com,male,False,3,False,11,Teacher,74,86,89,100,87,89,85
1911,Makayla,Santiago,makayla.santiago.1911@gslingacademy.com,female,False,2,False,16,Teacher,82,80,66,68,80,100,70
1912,Darryl,Johnston,darryl.johnston.1912@gslingacademy.com,male,False,2,False,15,Teacher,81,88,62,75,100,91,85
1913,Martin,Coleman,martin.coleman.1913@gslingacademy.com,male,False,2,False,13,Teacher,95,92,74,100,90,86,100
1914,Andrea,Ford,andrea.ford.1914@gslingacademy.com,female,False,2,False,16,Teacher,89,67,70,64,69,82,100
1915,Melissa,Vance,melissa.vance.1915@gslingacademy.com,female,False,4,False,14,Teacher,51,100,89,73,60,89,82
1916,Kimberly,Nolan,kimberly.nolan.1916@gslingacademy.com,female,False,5,False,16,Teacher,82,67,61,71,69,84,74
1917,Aurora,Phelps,aurora.phelps.1917@gslingacademy.com,female,False,5,False,6,Teacher,59,88,56,69,76,87,61
1918,Philip,Randolph,philip.randolph.1918@gslingacademy.com,male,False,5,False,7,Teacher,63,47,89,76,86,65,70
1919,Caroline,Marshall,caroline.marshall.1919@gslingacademy.com,female,False,0,False,14,Teacher,80,79,81,88,73,95,96
1920,Amanda,Adkins,amanda.adkins.1920@gslingacademy.com,female,False,2,False,15,Teacher,83,79,75,89,79,95,70
1921,Sean,Acosta,sean.acosta.1921@gslingacademy.com,male,False,0,True,11,Teacher,95,68,97,70,90,89,82
1922,Nicholas,Hall,nicholas.hall.1922@gslingacademy.com,male,True,0,False,14,Teacher,61,95,80,89,68,90,82
1923,Adeline,Nelson,adeline.nelson.1923@gslingacademy.com,female,False,3,True,13,Teacher,96,76,76,86,80,90,81
1924,Evan,Wade,evan.wade.1924@gslingacademy.com,male,False,3,True,10,Teacher,84,78,95,89,90,87,70
1925,Shawna,Kemp,shawna.kemp.1925@gslingacademy.com,female,False,2,False,15,Teacher,96,88,71,94,89,84,84
1926,Antoinette,Vega,antoinette.vega.1926@gslingacademy.com,female,False,0,False,9,Teacher,79,80,61,79,84,82,70
1927,Sean,Compton,sean.compton.1927@gslingacademy.com,male,False,0,False,15,Teacher,64,100,81,93,86,92,78
1928,Kinsley,Day,kinsley.day.1928@gslingacademy.com,female,True,4,False,15,Teacher,73,74,86,79,79,95,77
1929,Brayden,Carter,brayden.carter.1929@gslingacademy.com,male,False,3,False,12,Teacher,57,82,72,78,76,93,99
1930,Trinity,Fuller,trinity.fuller.1930@gslingacademy.com,female,False,0,False,13,Teacher,67,92,84,89,65,90,75
1931,Charles,Leach,charles.leach.1931@gslingacademy.com,male,False,4,True,12,Teacher,86,91,78,100,66,90,94
1932,Tammy,Merritt,tammy.merritt.1932@gslingacademy.com,female,False,1,False,17,Teacher,84,86,92,78,97,100,100
1933,Randall,Mcneil,randall.mcneil.1933@gslingacademy.com,male,False,1,False,13,Teacher,55,80,79,75,80,99,68
1934,Teresa,Holder,teresa.holder.1934@gslingacademy.com,female,False,1,False,15,Teacher,64,93,62,56,64,94,93
1935,Aaliyah,Martinez,aaliyah.martinez.1935@gslingacademy.com,female,False,0,False,9,Teacher,79,76,79,100,76,80,63
1936,Alan,Taylor,alan.taylor.1936@gslingacademy.com,male,True,2,False,8,Teacher,81,68,79,93,73,72,70
1937,Daisy,Weber,daisy.weber.1937@gslingacademy.com,female,False,4,False,12,Teacher,83,73,59,70,61,84,89
1938,Reagan,James,reagan.james.1938@gslingacademy.com,female,False,0,False,15,Teacher,81,87,75,87,81,86,80
1939,Todd,Bautista,todd.bautista.1939@gslingacademy.com,male,False,2,False,12,Teacher,83,88,95,73,93,93,68
1940,Robert,Acevedo,robert.acevedo.1940@gslingacademy.com,male,False,6,True,11,Teacher,75,64,84,80,58,84,90
1941,Earl,Garza,earl.garza.1941@gslingacademy.com,male,False,3,False,11,Teacher,98,76,83,70,81,82,87
1942,Eugene,Acosta,eugene.acosta.1942@gslingacademy.com,male,False,0,False,13,Teacher,92,71,71,63,91,81,50
1943,Hunter,Bell,hunter.bell.1943@gslingacademy.com,male,True,6,True,10,Teacher,70,87,88,83,72,97,94
1944,Robert,Mercado,robert.mercado.1944@gslingacademy.com,male,False,4,False,18,Teacher,84,63,63,73,83,89,71
1945,Faith,Navarro,faith.navarro.1945@gslingacademy.com,female,False,0,False,13,Teacher,81,92,89,69,92,86,69
1946,Cody,Torres,cody.torres.1946@gslingacademy.com,male,False,6,True,8,Teacher,54,90,100,100,63,80,74
1947,Micheal,Glover,micheal.glover.1947@gslingacademy.com,male,False,2,False,14,Teacher,87,69,100,79,73,76,85
1948,Skylar,Heath,skylar.heath.1948@gslingacademy.com,female,False,1,False,8,Teacher,79,81,74,79,84,78,75
1949,Dominic,Brennan,dominic.brennan.1949@gslingacademy.com,male,False,4,False,11,Teacher,84,77,87,87,98,99,79
1950,Jennifer,Terrell,jennifer.terrell.1950@gslingacademy.com,female,False,6,False,11,Teacher,88,92,67,75,78,99,92
1951,Bernard,Brennan,bernard.brennan.1951@gslingacademy.com,male,False,4,False,17,Teacher,71,71,77,59,80,97,100
1952,Delilah,Moon,delilah.moon.1952@gslingacademy.com,female,False,3,False,11,Teacher,77,72,49,65,90,98,46
1953,Ernesto,Collins,ernesto.collins.1953@gslingacademy.com,male,False,4,False,12,Teacher,67,77,79,77,79,89,69
1954,Emily,Johnson,emily.johnson.1954@gslingacademy.com,female,False,2,False,14,Teacher,97,86,82,92,84,80,67
1955,Maureen,Walls,maureen.walls.1955@gslingacademy.com,female,False,1,False,12,Teacher,80,97,43,85,64,93,77
1956,Mitchell,Snyder,mitchell.snyder.1956@gslingacademy.com,male,False,3,False,12,Teacher,79,63,79,76,83,76,66
1957,Tim,Vargas,tim.vargas.1957@gslingacademy.com,male,True,0,True,3,Teacher,49,62,79,81,74,70,89
1958,Martha,Scott,martha.scott.1958@gslingacademy.com,female,False,2,False,14,Teacher,85,77,77,81,83,95,83
1959,Layla,Morgan,layla.morgan.1959@gslingacademy.com,female,False,1,True,11,Teacher,89,66,76,94,86,76,80
1960,Jose,Boyle,jose.boyle.1960@gslingacademy.com,male,False,8,True,12,Teacher,89,64,87,74,93,89,92
1961,Chelsea,Hood,chelsea.hood.1961@gslingacademy.com,female,False,1,False,7,Teacher,69,82,74,78,94,89,72
1962,Javier,Estes,javier.estes.1962@gslingacademy.com,male,False,0,False,12,Teacher,73,68,79,96,73,72,64
1963,Kyle,Cruz,kyle.cruz.1963@gslingacademy.com,male,False,1,True,14,Teacher,62,88,78,78,100,96,77
1964,Casey,Bender,casey.bender.1964@gslingacademy.com,male,False,2,False,16,Teacher,68,72,81,50,55,91,91
1965,Luis,Liu,luis.liu.1965@gslingacademy.com,male,True,2,False,20,Teacher,87,86,78,77,70,87,90
1966,Travis,Ward,travis.ward.1966@gslingacademy.com,male,True,2,False,7,Teacher,80,66,72,72,74,85,89
1967,Ernest,Harrison,ernest.harrison.1967@gslingacademy.com,male,True,0,False,16,Teacher,93,77,72,77,100,86,86
1968,Chelsea,Becker,chelsea.becker.1968@gslingacademy.com,female,False,1,False,11,Teacher,100,65,99,98,99,80,81
1969,Evan,Poole,evan.poole.1969@gslingacademy.com,male,False,2,False,9,Teacher,67,74,97,87,93,81,91
1970,Rylee,Jacobs,rylee.jacobs.1970@gslingacademy.com,female,False,3,False,10,Teacher,80,79,96,92,79,83,92
1971,Aria,Clark,aria.clark.1971@gslingacademy.com,female,False,4,True,4,Teacher,93,65,56,69,87,91,85
1972,Aaliyah,Rasmussen,aaliyah.rasmussen.1972@gslingacademy.com,female,False,1,False,11,Teacher,78,85,67,65,67,84,93
1973,Ross,Mckay,ross.mckay.1973@gslingacademy.com,male,True,2,False,14,Teacher,82,78,87,88,89,82,74
1974,Chloe,Sims,chloe.sims.1974@gslingacademy.com,female,False,4,True,7,Teacher,73,86,79,91,98,92,87
1975,Nova,Wolf,nova.wolf.1975@gslingacademy.com,female,True,2,False,9,Teacher,65,96,83,100,86,86,73
1976,Justin,Gonzalez,justin.gonzalez.1976@gslingacademy.com,male,False,7,False,13,Teacher,56,100,57,74,65,96,82
1977,Jackson,Andrews,jackson.andrews.1977@gslingacademy.com,male,False,4,False,12,Teacher,49,83,75,61,70,98,62
1978,Adeline,Cole,adeline.cole.1978@gslingacademy.com,female,False,4,False,8,Teacher,74,89,42,86,67,73,78
1979,William,Ramos,william.ramos.1979@gslingacademy.com,male,False,0,False,13,Teacher,57,93,67,69,80,96,55
1980,Seth,Stone,seth.stone.1980@gslingacademy.com,male,True,3,False,11,Teacher,77,77,100,80,72,80,83
1981,Eileen,Hughes,eileen.hughes.1981@gslingacademy.com,female,False,0,False,14,Teacher,60,80,96,75,73,89,83
1982,Julio,Valencia,julio.valencia.1982@gslingacademy.com,male,False,0,False,7,Teacher,79,85,69,87,79,82,84
1983,Johnny,Hensley,johnny.hensley.1983@gslingacademy.com,male,False,3,False,8,Teacher,82,58,85,95,83,83,88
1984,Lauren,Gray,lauren.gray.1984@gslingacademy.com,female,False,1,False,14,Teacher,97,95,53,63,98,97,98
1985,Albert,Fowler,albert.fowler.1985@gslingacademy.com,male,False,2,False,5,Teacher,56,70,70,90,61,73,64
1986,Connor,Silva,connor.silva.1986@gslingacademy.com,male,False,0,False,11,Teacher,84,67,77,79,55,68,83
1987,Arthur,Collier,arthur.collier.1987@gslingacademy.com,male,False,1,False,8,Teacher,100,72,80,74,79,82,89
1988,Aurora,Hood,aurora.hood.1988@gslingacademy.com,female,False,3,False,13,Teacher,90,72,74,86,74,83,81
1989,Wesley,Carpenter,wesley.carpenter.1989@gslingacademy.com,male,False,2,False,15,Teacher,73,78,90,65,73,80,74
1990,Penelope,Hart,penelope.hart.1990@gslingacademy.com,female,False,6,False,13,Teacher,63,48,87,52,95,97,92
1991,Lily,Valdez,lily.valdez.1991@gslingacademy.com,female,False,0,False,12,Teacher,63,78,79,61,68,91,85
1992,Ernesto,Farley,ernesto.farley.1992@gslingacademy.com,male,False,3,False,10,Teacher,79,81,70,75,91,90,87
1993,Michelle,Preston,michelle.preston.1993@gslingacademy.com,female,False,0,True,14,Teacher,100,89,87,55,90,80,83
1994,Daisy,Montes,daisy.montes.1994@gslingacademy.com,female,False,0,False,12,Teacher,79,69,76,69,82,85,88
1995,Nora,Gonzalez,nora.gonzalez.1995@gslingacademy.com,female,False,2,False,12,Teacher,65,95,63,100,57,71,82
1996,Derrick,Ortiz,derrick.ortiz.1996@gslingacademy.com,male,False,1,False,14,Teacher,83,65,91,58,77,74,91
1997,Gabriel,Becker,gabriel.becker.1997@gslingacademy.com,male,False,1,False,24,Teacher,59,100,79,57,60,100,68
1998,Pam,Snyder,pam.snyder.1998@gslingacademy.com,female,False,1,False,17,Teacher,83,72,82,100,86,68,79
1999,Robyn,Kline,robyn.kline.1999@gslingacademy.com,female,False,2,False,11,Teacher,100,76,82,67,79,91,92
2000,Amy,Herrera,amy.herrera.2000@gslingacademy.com,female,False,0,False,9,Teacher,54,82,100,93,76,74,80
2001,Cameron,Bush,cameron.bush.2001@gslingacademy.com,male,False,2,False,15,Teacher,83,78,71,86,92,86,68
2002,Kenneth,Bender,kenneth.bender.2002@gslingacademy.com,male,True,1,False,6,Teacher,86,67,81,68,100,97,76
2003,Bryce,Cameron,bryce.cameron.2003@gslingacademy.com,male,True,2,False,16,Teacher,81,75,83,87,72,87,89
2004,Makayla,Tran,makayla.tran.2004@gslingacademy.com,female,False,4,False,10,Teacher,100,72,79,71,53,75,100
2005,Pedro,Ayers,pedro.ayers.2005@gslingacademy.com,male,False,2,False,13,Teacher,67,56,72,91,63,73,54
2006,Leroy,Vargas,leroy.vargas.2006@gslingacademy.com,male,False,3,True,12,Teacher,72,82,88,100,65,84,64
2007,Caroline,Medina,caroline.medina.2007@gslingacademy.com,female,False,6,False,12,Teacher,67,100,71,73,93,100,84
2008,Holly,Gillespie,holly.gillespie.2008@gslingacademy.com,female,False,0,False,13,Teacher,76,68,96,100,60,82,69
2009,Ryan,Bryant,ryan.bryant.2009@gslingacademy.com,male,False,3,False,6,Teacher,72,77,100,97,76,69,79
2010,Ross,Simpson,ross.simpson.2010@gslingacademy.com,male,False,4,False,10,Teacher,85,76,90,62,81,80,74
2011,Jasmine,Hicks,jasmine.hicks.2011@gslingacademy.com,female,False,0,False,11,Teacher,81,65,45,81,79,85,68
2012,Adam,Williams,adam.williams.2012@gslingacademy.com,male,False,1,False,16,Teacher,97,73,73,78,74,97,70
2013,Nevaeh,Farley,nevaeh.farley.2013@gslingacademy.com,female,False,2,False,8,Teacher,82,68,86,91,95,100,75
2014,Ross,Banks,ross.banks.2014@gslingacademy.com,male,False,2,True,15,Teacher,96,85,58,92,94,81,70
2015,Elias,Watson,elias.watson.2015@gslingacademy.com,male,True,3,False,14,Teacher,73,90,74,100,69,92,87
2016,Noah,Vazquez,noah.vazquez.2016@gslingacademy.com,male,False,6,False,12,Teacher,60,76,90,72,58,85,80
2017,Jessie,Ayers,jessie.ayers.2017@gslingacademy.com,male,False,3,False,12,Teacher,60,64,65,60,60,86,100
2018,Carter,Herrera,carter.herrera.2018@gslingacademy.com,male,False,1,False,13,Teacher,71,84,61,80,83,85,77
2019,Martin,Schneider,martin.schneider.2019@gslingacademy.com,male,False,3,False,10,Teacher,79,73,68,80,69,95,90
2020,Evelyn,Gillespie,evelyn.gillespie.2020@gslingacademy.com,female,False,1,False,7,Teacher,70,74,84,88,84,79,97
2021,Terry,Black,terry.black.2021@gslingacademy.com,male,False,0,True,22,Teacher,100,75,72,88,75,94,89
2022,Ray,Norman,ray.norman.2022@gslingacademy.com,male,False,3,False,17,Teacher,75,67,77,60,83,96,70
2023,Casey,Rose,casey.rose.2023@gslingacademy.com,male,False,2,False,12,Teacher,94,78,68,84,65,78,73
2024,Katelyn,Weiss,katelyn.weiss.2024@gslingacademy.com,female,False,8,True,14,Teacher,79,81,62,100,84,96,99
2025,Jason,Robinson,jason.robinson.2025@gslingacademy.com,male,False,3,False,12,Teacher,62,73,89,81,77,84,88
2026,Robert,Campbell,robert.campbell.2026@gslingacademy.com,male,True,0,False,15,Teacher,84,83,73,92,82,86,96
2027,Vivian,Costa,vivian.costa.2027@gslingacademy.com,female,False,2,False,14,Teacher,85,88,93,100,100,85,86
2028,Brandon,Novak,brandon.novak.2028@gslingacademy.com,male,False,6,False,4,Teacher,71,70,83,93,80,88,66
2029,Dawn,Bowers,dawn.bowers.2029@gslingacademy.com,female,False,0,False,18,Teacher,100,77,72,82,80,81,74
2030,Leroy,Young,leroy.young.2030@gslingacademy.com,male,False,0,False,11,Teacher,79,63,89,90,81,70,79
2031,Nellie,Peterson,nellie.peterson.2031@gslingacademy.com,female,False,4,True,14,Teacher,71,67,66,66,67,98,98
2032,Jade,Bush,jade.bush.2032@gslingacademy.com,female,False,3,True,15,Teacher,76,69,75,83,95,82,69
2033,Isaac,Wiley,isaac.wiley.2033@gslingacademy.com,male,False,3,True,12,Teacher,89,61,73,88,74,89,67
2034,Dylan,Winters,dylan.winters.2034@gslingacademy.com,male,False,0,False,14,Teacher,100,65,84,79,62,77,93
2035,Kylie,Baxter,kylie.baxter.2035@gslingacademy.com,female,False,2,False,16,Teacher,81,75,87,80,89,84,78
2036,Kenneth,Morris,kenneth.morris.2036@gslingacademy.com,male,False,2,False,10,Teacher,78,77,84,81,91,89,80
2037,Maxwell,Mcneil,maxwell.mcneil.2037@gslingacademy.com,male,False,0,True,9,Teacher,92,79,81,77,81,78,100
2038,Carmen,Thompson,carmen.thompson.2038@gslingacademy.com,female,False,3,True,9,Teacher,73,93,88,65,82,88,73
2039,Carla,Elliott,carla.elliott.2039@gslingacademy.com,female,False,2,True,15,Teacher,79,98,67,52,67,91,93
2040,Brooke,Cohen,brooke.cohen.2040@gslingacademy.com,female,False,3,False,11,Teacher,72,67,74,93,70,83,73
2041,Henry,Hopkins,henry.hopkins.2041@gslingacademy.com,male,False,2,True,20,Teacher,65,93,74,66,78,100,95
2042,Morgan,Sawyer,morgan.sawyer.2042@gslingacademy.com,female,False,2,True,9,Teacher,74,71,100,64,67,80,89
2043,Darius,Aguilar,darius.aguilar.2043@gslingacademy.com,male,False,2,False,10,Teacher,84,64,94,76,85,86,88
2044,Francisco,Klein,francisco.klein.2044@gslingacademy.com,male,False,6,False,14,Teacher,93,54,82,71,75,87,65
2045,Mitchell,Mccarthy,mitchell.mccarthy.2045@gslingacademy.com,male,False,6,False,14,Teacher,96,64,74,79,97,80,84
2046,Ella,Lambert,ella.lambert.2046@gslingacademy.com,female,False,0,False,13,Teacher,72,83,77,65,74,71,81
2047,Lydia,Holt,lydia.holt.2047@gslingacademy.com,female,False,3,False,11,Teacher,84,69,89,97,80,77,94
2048,Charles,Reid,charles.reid.2048@gslingacademy.com,male,True,7,False,13,Teacher,75,54,58,51,68,99,84
2049,Seth,Carr,seth.carr.2049@gslingacademy.com,male,False,5,False,13,Teacher,83,78,94,82,85,88,76
2050,Addison,Jimenez,addison.jimenez.2050@gslingacademy.com,female,False,0,False,12,Teacher,75,77,85,69,71,68,74
2051,Carol,Fowler,carol.fowler.2051@gslingacademy.com,female,False,2,False,15,Teacher,96,83,78,71,82,89,91
2052,Monique,Lopez,monique.lopez.2052@gslingacademy.com,female,False,3,False,11,Teacher,74,90,71,78,85,79,74
2053,Tanya,Lawson,tanya.lawson.2053@gslingacademy.com,female,False,6,False,9,Teacher,71,56,93,100,62,75,86
2054,Hazel,Mercado,hazel.mercado.2054@gslingacademy.com,female,False,4,False,12,Teacher,84,78,95,60,99,84,87
2055,Erica,Grant,erica.grant.2055@gslingacademy.com,female,False,4,False,13,Teacher,62,90,69,100,66,80,74
2056,Mario,Snyder,mario.snyder.2056@gslingacademy.com,male,True,3,False,12,Teacher,65,88,79,77,89,90,82
2057,Tricia,Roman,tricia.roman.2057@gslingacademy.com,female,False,4,False,11,Teacher,58,79,78,91,57,81,67
2058,Darlene,Holloway,darlene.holloway.2058@gslingacademy.com,female,True,1,False,13,Teacher,87,79,60,77,97,88,77
2059,Isaiah,Taylor,isaiah.taylor.2059@gslingacademy.com,male,False,4,False,13,Teacher,76,79,87,88,62,75,56
2060,Roger,Castillo,roger.castillo.2060@gslingacademy.com,male,False,0,False,11,Teacher,82,73,87,95,89,81,52
2061,Latoya,Soto,latoya.soto.2061@gslingacademy.com,female,False,4,False,20,Teacher,70,99,69,62,62,83,91
2062,Spencer,Santiago,spencer.santiago.2062@gslingacademy.com,male,True,4,True,19,Teacher,87,64,64,67,78,91,71
2063,Samuel,Mccall,samuel.mccall.2063@gslingacademy.com,male,False,4,False,14,Teacher,59,82,73,53,85,81,87
2064,Cooper,Roberts,cooper.roberts.2064@gslingacademy.com,male,False,4,False,9,Teacher,87,78,93,73,67,88,84
2065,Jeffrey,Yang,jeffrey.yang.2065@gslingacademy.com,male,False,5,False,14,Teacher,86,97,72,97,78,93,79
2066,Margarita,Hartman,margarita.hartman.2066@gslingacademy.com,female,False,0,True,8,Teacher,72,88,81,89,81,75,88
2067,Rafael,Mays,rafael.mays.2067@gslingacademy.com,male,False,1,False,18,Teacher,81,85,87,93,65,86,82
2068,Troy,Meadows,troy.meadows.2068@gslingacademy.com,male,False,4,False,10,Teacher,65,84,83,92,91,80,73
2069,Jackson,Jones,jackson.jones.2069@gslingacademy.com,male,False,1,False,13,Teacher,85,97,84,96,70,79,90
2070,Audrey,Gonzales,audrey.gonzales.2070@gslingacademy.com,female,False,3,False,11,Teacher,69,92,74,68,83,95,79
2071,Denise,Castro,denise.castro.2071@gslingacademy.com,female,True,7,False,14,Teacher,85,90,73,84,100,98,83
2072,Mason,Stuart,mason.stuart.2072@gslingacademy.com,male,False,4,False,16,Teacher,74,68,72,77,57,90,88
2073,Sherry,Stuart,sherry.stuart.2073@gslingacademy.com,female,False,2,False,10,Teacher,82,91,79,84,75,87,63
2074,Peter,Yates,peter.yates.2074@gslingacademy.com,male,False,3,False,15,Teacher,91,100,84,80,88,89,83
2075,Cynthia,Coleman,cynthia.coleman.2075@gslingacademy.com,female,False,1,False,18,Teacher,82,82,99,80,91,90,84
2076,Maya,Brennan,maya.brennan.2076@gslingacademy.com,female,False,0,False,11,Teacher,74,88,73,100,88,92,91
2077,Liliana,Ramos,liliana.ramos.2077@gslingacademy.com,female,False,3,False,8,Teacher,68,84,64,65,55,89,100
2078,Teresa,Martin,teresa.martin.2078@gslingacademy.com,female,False,3,False,12,Teacher,80,73,82,95,85,96,78
2079,Seth,Gray,seth.gray.2079@gslingacademy.com,male,False,5,False,13,Teacher,77,58,77,62,84,81,87
2080,Katherine,Hernandez,katherine.hernandez.2080@gslingacademy.com,female,False,2,False,15,Teacher,90,73,63,92,66,79,83
2081,Chloe,Tran,chloe.tran.2081@gslingacademy.com,female,False,0,False,18,Teacher,81,57,81,75,96,90,88
2082,Stephen,Valenzuela,stephen.valenzuela.2082@gslingacademy.com,male,False,1,False,8,Teacher,91,63,71,79,100,79,89
2083,Kristen,Holder,kristen.holder.2083@gslingacademy.com,female,False,2,False,14,Teacher,83,77,78,70,79,84,81
2084,Chelsea,Henry,chelsea.henry.2084@gslingacademy.com,female,False,0,False,11,Teacher,70,87,88,72,83,86,93
2085,Madelyn,Johnson,madelyn.johnson.2085@gslingacademy.com,female,False,6,True,13,Teacher,69,64,98,76,78,77,74
2086,Wesley,Salinas,wesley.salinas.2086@gslingacademy.com,male,False,3,False,14,Teacher,73,78,71,85,76,91,60
2087,Clayton,Adams,clayton.adams.2087@gslingacademy.com,male,False,3,False,11,Teacher,82,83,90,74,100,93,100
2088,Peter,Flores,peter.flores.2088@gslingacademy.com,male,False,1,False,14,Teacher,100,84,92,92,93,92,99
2089,Steven,Arias,steven.arias.2089@gslingacademy.com,male,False,2,False,13,Teacher,85,62,100,65,77,83,79
2090,Antoinette,Weber,antoinette.weber.2090@gslingacademy.com,female,False,1,False,11,Teacher,66,77,95,98,68,62,83
2091,Tanner,Guzman,tanner.guzman.2091@gslingacademy.com,male,False,0,False,13,Teacher,52,93,90,65,88,95,68
2092,Lily,Mercado,lily.mercado.2092@gslingacademy.com,female,True,2,False,10,Teacher,83,71,90,77,98,84,76
2093,Cecil,Lambert,cecil.lambert.2093@gslingacademy.com,male,False,3,False,11,Teacher,78,61,79,88,71,88,86
2094,Paisley,Haley,paisley.haley.2094@gslingacademy.com,female,False,3,True,19,Teacher,91,74,69,75,94,88,96
2095,Bernard,Pearson,bernard.pearson.2095@gslingacademy.com,male,False,4,False,12,Teacher,99,67,73,76,75,72,68
2096,Katelyn,Noble,katelyn.noble.2096@gslingacademy.com,female,False,0,True,13,Teacher,79,87,73,77,62,89,94
2097,Pedro,Shannon,pedro.shannon.2097@gslingacademy.com,male,False,2,False,8,Teacher,69,72,100,79,67,82,100
2098,Leona,Werner,leona.werner.2098@gslingacademy.com,female,False,4,False,15,Teacher,86,73,72,86,94,84,97
2099,Connor,Best,connor.best.2099@gslingacademy.com,male,False,0,False,15,Teacher,83,96,65,83,79,73,74
2100,Arturo,Moore,arturo.moore.2100@gslingacademy.com,male,False,0,False,17,Teacher,77,91,61,87,63,86,91
2101,Johnny,Gomez,johnny.gomez.2101@gslingacademy.com,male,False,9,True,0,Business Owner,53,95,87,60,68,74,68
2102,Kenneth,Davis,kenneth.davis.2102@gslingacademy.com,male,True,5,True,5,Business Owner,88,53,50,58,84,53,96
2103,Joseph,Johnson,joseph.johnson.2103@gslingacademy.com,male,True,8,False,1,Business Owner,71,69,69,67,70,78,66
2104,Timothy,Perez,timothy.perez.2104@gslingacademy.com,male,False,9,False,2,Business Owner,79,86,97,60,66,74,96
2105,Stephen,Rodriguez,stephen.rodriguez.2105@gslingacademy.com,male,True,10,False,2,Business Owner,41,57,97,56,50,98,83
2106,Matthew,Kramer,matthew.kramer.2106@gslingacademy.com,male,True,7,False,1,Business Owner,57,56,53,75,98,92,73
2107,Christopher,Buchanan,christopher.buchanan.2107@gslingacademy.com,male,True,5,False,3,Business Owner,56,59,89,68,79,83,68
2108,Angel,Gilbert,angel.gilbert.2108@gslingacademy.com,female,True,9,False,4,Business Owner,71,89,63,50,63,64,69
2109,William,Ball,william.ball.2109@gslingacademy.com,male,True,6,False,2,Business Owner,81,90,75,83,70,55,62
2110,Gina,Powell,gina.powell.2110@gslingacademy.com,female,True,10,False,4,Business Owner,82,55,76,63,70,61,60
2111,Susan,Klein,susan.klein.2111@gslingacademy.com,female,True,8,True,0,Business Owner,93,99,81,67,87,76,60
2112,Maureen,Jones,maureen.jones.2112@gslingacademy.com,female,False,9,False,3,Business Owner,91,95,88,89,58,81,69
2113,Catherine,Coffey,catherine.coffey.2113@gslingacademy.com,female,False,10,False,2,Business Owner,41,59,69,70,100,65,72
2114,Kristin,Garcia,kristin.garcia.2114@gslingacademy.com,female,False,10,True,5,Business Owner,56,66,87,64,95,89,76
2115,Brenda,Sanders,brenda.sanders.2115@gslingacademy.com,female,True,6,False,0,Business Owner,80,83,93,81,95,87,61
2116,Richard,Chavez,richard.chavez.2116@gslingacademy.com,male,False,5,False,4,Business Owner,85,53,95,76,61,88,82
2117,Sean,Griffin,sean.griffin.2117@gslingacademy.com,male,False,9,False,1,Business Owner,50,76,81,55,56,80,79
2118,Emma,Copeland,emma.copeland.2118@gslingacademy.com,female,True,5,False,2,Business Owner,62,65,98,52,66,94,82
2119,Jackson,Smith,jackson.smith.2119@gslingacademy.com,male,True,10,False,4,Business Owner,94,61,60,77,75,93,60
2120,Michael,Reyes,michael.reyes.2120@gslingacademy.com,male,True,6,False,5,Business Owner,65,71,88,57,75,62,62
2121,Angela,Allen,angela.allen.2121@gslingacademy.com,female,True,10,False,5,Business Owner,97,93,64,74,94,74,76
2122,Samuel,Anderson,samuel.anderson.2122@gslingacademy.com,male,True,10,False,0,Business Owner,93,95,94,70,83,86,94
2123,Timothy,David,timothy.david.2123@gslingacademy.com,male,True,4,False,5,Business Owner,52,65,74,71,63,59,67
2124,Margaret,Wells,margaret.wells.2124@gslingacademy.com,female,False,7,False,0,Business Owner,79,67,72,50,75,95,62
2125,Jenny,Washington,jenny.washington.2125@gslingacademy.com,female,False,9,False,3,Business Owner,84,55,65,62,56,91,81
2126,Sheryl,Parker,sheryl.parker.2126@gslingacademy.com,female,False,9,False,4,Business Owner,72,69,58,79,70,50,98
2127,Thomas,Cruz,thomas.cruz.2127@gslingacademy.com,male,False,10,True,0,Business Owner,64,51,70,94,86,65,80
2128,Robert,Dougherty,robert.dougherty.2128@gslingacademy.com,male,False,7,False,4,Business Owner,85,55,74,71,66,50,99
2129,Maria,Jones,maria.jones.2129@gslingacademy.com,female,False,7,False,4,Business Owner,58,50,73,54,94,51,74
2130,Melissa,Mora,melissa.mora.2130@gslingacademy.com,female,False,7,False,5,Business Owner,78,68,56,50,76,67,97
2131,Jennifer,Williams,jennifer.williams.2131@gslingacademy.com,female,False,6,False,3,Business Owner,100,91,53,78,55,91,74
2132,Kyle,Willis,kyle.willis.2132@gslingacademy.com,male,False,8,False,4,Business Owner,57,55,78,94,83,88,88
2133,Michelle,Owens,michelle.owens.2133@gslingacademy.com,female,True,8,False,2,Business Owner,71,52,53,64,89,76,70
2134,Thomas,Scott,thomas.scott.2134@gslingacademy.com,male,True,6,False,5,Business Owner,41,53,64,62,79,50,65
2135,Eric,Patton,eric.patton.2135@gslingacademy.com,male,True,10,False,5,Business Owner,42,95,99,61,62,77,99
2136,Darryl,Schultz,darryl.schultz.2136@gslingacademy.com,male,False,6,False,0,Business Owner,59,100,84,93,70,56,74
2137,Angela,Nelson,angela.nelson.2137@gslingacademy.com,female,False,8,False,1,Business Owner,62,64,84,67,78,51,62
2138,Erin,Jones,erin.jones.2138@gslingacademy.com,female,True,9,False,2,Business Owner,82,54,85,57,50,54,76
2139,Shannon,Martinez,shannon.martinez.2139@gslingacademy.com,female,False,4,False,0,Business Owner,78,73,89,86,69,84,97
2140,Martha,Summers,martha.summers.2140@gslingacademy.com,female,True,7,False,3,Business Owner,49,59,99,59,75,54,70
2141,Melissa,Huerta,melissa.huerta.2141@gslingacademy.com,female,False,7,False,4,Business Owner,44,64,58,66,87,62,68
2142,Julie,Gray,julie.gray.2142@gslingacademy.com,female,True,5,False,4,Business Owner,76,72,72,65,82,71,93
2143,Amber,Levy,amber.levy.2143@gslingacademy.com,female,True,6,False,2,Business Owner,57,71,51,59,84,74,68
2144,Holly,Dunn,holly.dunn.2144@gslingacademy.com,female,True,5,False,4,Business Owner,84,61,59,76,72,54,66
2145,Alexis,Byrd,alexis.byrd.2145@gslingacademy.com,female,True,5,False,0,Business Owner,51,55,87,51,77,87,65
2146,Kathleen,Potts,kathleen.potts.2146@gslingacademy.com,female,False,6,True,2,Business Owner,70,89,78,87,87,62,85
2147,Megan,Bright,megan.bright.2147@gslingacademy.com,female,False,2,False,5,Business Owner,65,93,67,73,57,72,97
2148,Lauren,Farmer,lauren.farmer.2148@gslingacademy.com,female,True,6,False,3,Business Owner,93,94,92,77,87,98,63
2149,Cynthia,Hodges,cynthia.hodges.2149@gslingacademy.com,female,False,10,True,2,Business Owner,79,95,70,92,63,57,67
2150,William,Alvarado,william.alvarado.2150@gslingacademy.com,male,True,2,False,0,Business Owner,87,95,78,82,53,59,66
2151,William,Lester,william.lester.2151@gslingacademy.com,male,True,1,False,5,Business Owner,97,79,96,94,59,83,64
2152,Carlos,Long,carlos.long.2152@gslingacademy.com,male,False,10,True,4,Business Owner,86,59,81,55,77,69,87
2153,Eileen,Nicholson,eileen.nicholson.2153@gslingacademy.com,female,True,7,True,0,Business Owner,51,56,64,85,91,78,97
2154,Holly,Sexton,holly.sexton.2154@gslingacademy.com,female,False,10,False,5,Business Owner,100,58,54,97,58,51,80
2155,Catherine,Mccall,catherine.mccall.2155@gslingacademy.com,female,True,4,False,0,Business Owner,81,86,68,65,87,78,82
2156,Lisa,Franco,lisa.franco.2156@gslingacademy.com,female,True,10,False,4,Business Owner,47,75,53,60,90,59,86
2157,Michael,Hayden,michael.hayden.2157@gslingacademy.com,male,True,6,False,2,Business Owner,62,54,77,60,74,62,76
2158,Shawn,Cameron,shawn.cameron.2158@gslingacademy.com,male,True,10,False,3,Business Owner,41,99,84,63,92,72,81
2159,Susan,Wall,susan.wall.2159@gslingacademy.com,female,False,10,False,2,Business Owner,67,82,81,83,57,59,91
2160,Stephanie,Jordan,stephanie.jordan.2160@gslingacademy.com,female,False,10,False,1,Business Owner,67,63,65,95,52,84,77
2161,Philip,Blair,philip.blair.2161@gslingacademy.com,male,False,9,False,0,Business Owner,43,87,81,61,65,53,84
2162,Corey,Taylor,corey.taylor.2162@gslingacademy.com,male,True,8,False,5,Business Owner,90,97,54,59,82,76,72
2163,Steven,Alvarez,steven.alvarez.2163@gslingacademy.com,male,True,2,True,2,Business Owner,46,71,60,50,85,69,62
2164,Ross,Esparza,ross.esparza.2164@gslingacademy.com,male,True,10,False,1,Business Owner,57,75,64,85,53,95,81
2165,Cynthia,Weeks,cynthia.weeks.2165@gslingacademy.com,female,True,10,False,3,Business Owner,86,59,83,81,100,82,99
2166,Craig,Carter,craig.carter.2166@gslingacademy.com,male,True,4,True,3,Business Owner,71,66,52,99,87,89,70
2167,Jennifer,Johnson,jennifer.johnson.2167@gslingacademy.com,female,False,7,True,5,Business Owner,40,51,67,63,98,54,79
2168,Erin,Miller,erin.miller.2168@gslingacademy.com,female,True,8,False,3,Business Owner,92,96,77,95,63,57,90
2169,Jessica,Wong,jessica.wong.2169@gslingacademy.com,female,False,7,False,1,Business Owner,84,83,71,98,93,95,99
2170,Marc,Brock,marc.brock.2170@gslingacademy.com,male,True,7,False,0,Business Owner,100,65,67,61,76,58,84
2171,Troy,Prince,troy.prince.2171@gslingacademy.com,male,False,6,False,3,Business Owner,48,72,64,65,64,55,79
2172,Jesus,Rasmussen,jesus.rasmussen.2172@gslingacademy.com,male,True,7,False,4,Business Owner,65,55,66,50,88,56,86
2173,Brittany,Welch,brittany.welch.2173@gslingacademy.com,female,True,5,False,4,Business Owner,74,74,83,52,70,87,95
2174,Logan,Cox,logan.cox.2174@gslingacademy.com,male,False,8,True,5,Business Owner,46,79,75,86,91,88,77
2175,Cory,Perez,cory.perez.2175@gslingacademy.com,male,True,6,False,0,Business Owner,88,52,53,56,85,93,78
2176,Alexis,Freeman,alexis.freeman.2176@gslingacademy.com,female,False,2,False,4,Business Owner,76,72,58,66,66,62,60
2177,William,Ballard,william.ballard.2177@gslingacademy.com,male,True,10,True,0,Business Owner,61,65,73,78,77,97,96
2178,Heidi,Adams,heidi.adams.2178@gslingacademy.com,female,True,10,False,3,Business Owner,43,83,58,89,87,78,86
2179,Lawrence,Fields,lawrence.fields.2179@gslingacademy.com,male,True,9,False,1,Business Owner,61,73,76,51,76,50,77
2180,Lauren,Arias,lauren.arias.2180@gslingacademy.com,female,True,10,False,2,Business Owner,81,100,64,61,91,76,93
2181,Julie,Black,julie.black.2181@gslingacademy.com,female,True,8,False,1,Business Owner,53,98,90,81,61,65,93
2182,Anthony,Shah,anthony.shah.2182@gslingacademy.com,male,True,10,False,3,Business Owner,42,92,60,54,68,69,76
2183,Cynthia,Richardson,cynthia.richardson.2183@gslingacademy.com,female,True,4,True,3,Business Owner,40,58,57,68,57,99,95
2184,Aaron,Peterson,aaron.peterson.2184@gslingacademy.com,male,True,8,False,1,Business Owner,100,82,91,82,70,51,77
2185,Michael,Schaefer,michael.schaefer.2185@gslingacademy.com,male,True,9,True,5,Business Owner,67,78,68,51,77,72,78
2186,Stephanie,Pineda,stephanie.pineda.2186@gslingacademy.com,female,True,5,True,1,Business Owner,67,61,61,82,69,87,97
2187,Rhonda,Hall,rhonda.hall.2187@gslingacademy.com,female,True,9,False,4,Business Owner,56,90,95,59,91,77,99
2188,Jeffery,Carlson,jeffery.carlson.2188@gslingacademy.com,male,True,6,False,2,Business Owner,86,79,86,73,53,84,79
2189,Nancy,Walker,nancy.walker.2189@gslingacademy.com,female,True,7,False,4,Business Owner,68,50,68,53,58,87,74
2190,Jillian,Reed,jillian.reed.2190@gslingacademy.com,female,True,3,False,2,Business Owner,50,78,67,95,82,97,80
2191,Robert,Turner,robert.turner.2191@gslingacademy.com,male,False,6,True,0,Business Owner,43,65,91,75,64,94,100
2192,Alicia,Beltran,alicia.beltran.2192@gslingacademy.com,female,False,6,False,4,Business Owner,84,54,52,52,65,54,69
2193,Deborah,Rojas,deborah.rojas.2193@gslingacademy.com,female,False,3,True,1,Business Owner,50,55,96,72,55,50,64
2194,Aaron,Allen,aaron.allen.2194@gslingacademy.com,male,True,1,False,1,Business Owner,63,69,57,60,80,92,62
2195,Kimberly,Haley,kimberly.haley.2195@gslingacademy.com,female,False,10,False,5,Business Owner,68,66,82,63,91,67,89
2196,Brenda,Mooney,brenda.mooney.2196@gslingacademy.com,female,False,10,False,5,Business Owner,67,60,97,53,93,78,81
2197,Elizabeth,Calhoun,elizabeth.calhoun.2197@gslingacademy.com,female,True,3,False,3,Business Owner,87,67,94,92,62,58,65
2198,Luke,Shannon,luke.shannon.2198@gslingacademy.com,male,False,9,False,0,Business Owner,64,70,61,81,82,51,70
2199,Juan,Baker,juan.baker.2199@gslingacademy.com,male,True,5,False,4,Business Owner,77,58,90,72,75,88,90
2200,Nicholas,Shea,nicholas.shea.2200@gslingacademy.com,male,True,8,False,3,Business Owner,50,88,58,78,83,97,88
2201,Joshua,Kelly,joshua.kelly.2201@gslingacademy.com,male,False,10,False,2,Business Owner,72,51,52,98,50,90,63
2202,Brad,Lee,brad.lee.2202@gslingacademy.com,male,True,2,False,4,Business Owner,86,90,88,73,50,93,71
2203,Brian,Adams,brian.adams.2203@gslingacademy.com,male,False,5,True,3,Business Owner,56,67,87,97,88,57,86
2204,Douglas,Stewart,douglas.stewart.2204@gslingacademy.com,male,False,6,False,2,Business Owner,87,62,85,64,63,61,85
2205,Emma,Wright,emma.wright.2205@gslingacademy.com,female,False,7,False,2,Business Owner,65,60,100,91,87,78,99
2206,Julie,Yates,julie.yates.2206@gslingacademy.com,female,False,2,False,4,Business Owner,73,95,54,94,99,58,94
2207,Daniel,Smith,daniel.smith.2207@gslingacademy.com,male,False,1,False,5,Business Owner,55,58,96,88,99,98,71
2208,Bryan,Dorsey,bryan.dorsey.2208@gslingacademy.com,male,True,10,False,0,Business Owner,77,53,92,98,56,53,93
2209,Matthew,Kidd,matthew.kidd.2209@gslingacademy.com,male,False,2,False,2,Business Owner,65,64,52,56,63,82,83
2210,Maria,Hall,maria.hall.2210@gslingacademy.com,female,False,9,False,5,Business Owner,85,64,99,93,89,61,67
2211,Victor,Smith,victor.smith.2211@gslingacademy.com,male,True,6,True,4,Business Owner,78,78,64,94,79,92,63
2212,Kimberly,Lopez,kimberly.lopez.2212@gslingacademy.com,female,True,2,True,0,Business Owner,92,62,86,97,54,76,76
2213,Jeremy,Montgomery,jeremy.montgomery.2213@gslingacademy.com,male,False,1,True,3,Business Owner,92,84,86,80,73,97,88
2214,Tamara,Long,tamara.long.2214@gslingacademy.com,female,True,6,False,0,Business Owner,56,67,57,79,87,89,89
2215,Justin,Morgan,justin.morgan.2215@gslingacademy.com,male,True,9,False,4,Business Owner,77,59,60,98,74,76,60
2216,Molly,Jackson,molly.jackson.2216@gslingacademy.com,female,False,10,False,0,Business Owner,66,97,72,98,86,86,63
2217,Charles,Hayes,charles.hayes.2217@gslingacademy.com,male,True,2,True,4,Business Owner,45,85,94,76,57,93,86
2218,Beverly,Chavez,beverly.chavez.2218@gslingacademy.com,female,True,9,True,2,Business Owner,99,65,100,93,91,60,83
2219,Elizabeth,Chavez,elizabeth.chavez.2219@gslingacademy.com,female,False,7,False,4,Business Owner,72,99,61,67,95,98,89
2220,Brian,Morales,brian.morales.2220@gslingacademy.com,male,True,6,True,4,Business Owner,73,53,68,60,95,96,99
2221,Lee,Taylor,lee.taylor.2221@gslingacademy.com,male,True,7,False,2,Business Owner,87,84,76,87,65,80,72
2222,Courtney,Moreno,courtney.moreno.2222@gslingacademy.com,female,False,9,False,4,Business Owner,77,62,94,65,77,77,95
2223,Elizabeth,Jones,elizabeth.jones.2223@gslingacademy.com,female,False,5,False,2,Business Owner,44,79,83,50,52,79,96
2224,Teresa,Henry,teresa.henry.2224@gslingacademy.com,female,False,6,False,4,Business Owner,43,90,78,63,68,63,72
2225,Luis,Jones,luis.jones.2225@gslingacademy.com,male,True,6,False,3,Business Owner,55,69,53,75,86,95,61
2226,Cody,Tyler,cody.tyler.2226@gslingacademy.com,male,False,5,False,1,Business Owner,66,83,79,65,57,61,86
2227,Aimee,Cook,aimee.cook.2227@gslingacademy.com,female,False,8,False,4,Business Owner,82,91,69,61,79,76,83
2228,Paul,Bailey,paul.bailey.2228@gslingacademy.com,male,True,4,False,5,Business Owner,82,69,92,85,59,87,83
2229,William,Smith,william.smith.2229@gslingacademy.com,male,False,9,False,1,Business Owner,60,72,66,95,67,78,94
2230,John,Wilson,john.wilson.2230@gslingacademy.com,male,False,10,False,5,Business Owner,75,52,84,70,81,99,85
2231,Dawn,Flores,dawn.flores.2231@gslingacademy.com,female,True,10,True,2,Business Owner,53,98,66,80,82,89,85
2232,Suzanne,Owens,suzanne.owens.2232@gslingacademy.com,female,False,2,False,3,Business Owner,73,70,80,74,71,90,80
2233,Daniel,Murray,daniel.murray.2233@gslingacademy.com,male,False,1,False,2,Business Owner,98,92,82,56,71,79,89
2234,Andrew,Rodriguez,andrew.rodriguez.2234@gslingacademy.com,male,True,6,False,0,Business Owner,81,77,92,97,62,65,92
2235,Tammy,Olsen,tammy.olsen.2235@gslingacademy.com,female,True,7,False,1,Business Owner,59,56,87,97,62,74,61
2236,Kelsey,Alexander,kelsey.alexander.2236@gslingacademy.com,female,True,6,False,0,Business Owner,83,50,59,77,66,87,60
2237,Samantha,Phillips,samantha.phillips.2237@gslingacademy.com,female,True,10,False,1,Business Owner,87,58,85,82,100,87,91
2238,Natasha,Edwards,natasha.edwards.2238@gslingacademy.com,female,True,4,True,0,Business Owner,64,62,51,85,74,91,93
2239,Jose,Jackson,jose.jackson.2239@gslingacademy.com,male,True,10,False,3,Business Owner,72,81,61,73,96,72,86
2240,John,Klein,john.klein.2240@gslingacademy.com,male,False,10,False,5,Business Owner,82,58,58,91,91,55,98
2241,Annette,Wells,annette.wells.2241@gslingacademy.com,female,True,8,False,3,Business Owner,41,76,94,93,79,84,96
2242,Tina,Rose,tina.rose.2242@gslingacademy.com,female,True,1,True,1,Business Owner,54,55,50,100,77,61,78
2243,Andrew,Clark,andrew.clark.2243@gslingacademy.com,male,False,4,False,3,Business Owner,88,100,58,59,96,64,87
2244,Jerry,Aguirre,jerry.aguirre.2244@gslingacademy.com,male,True,6,False,1,Business Owner,73,90,70,80,64,53,79
2245,Corey,Monroe,corey.monroe.2245@gslingacademy.com,male,False,5,True,1,Business Owner,50,87,93,84,86,73,74
2246,Nancy,Hartman,nancy.hartman.2246@gslingacademy.com,female,False,6,False,3,Business Owner,50,61,50,96,70,58,86
2247,Roger,Wiley,roger.wiley.2247@gslingacademy.com,male,False,6,False,0,Business Owner,94,50,78,64,79,74,84
2248,Sarah,King,sarah.king.2248@gslingacademy.com,female,True,7,False,1,Business Owner,45,68,99,91,88,63,61
2249,Christopher,Porter,christopher.porter.2249@gslingacademy.com,male,True,6,True,2,Business Owner,94,95,75,73,51,89,77
2250,Andrea,Barrett,andrea.barrett.2250@gslingacademy.com,female,False,7,False,4,Business Owner,98,81,58,78,91,74,75
2251,Cheryl,Gutierrez,cheryl.gutierrez.2251@gslingacademy.com,female,True,5,True,1,Business Owner,40,51,93,100,76,60,99
2252,Jessica,Nolan,jessica.nolan.2252@gslingacademy.com,female,False,10,False,3,Business Owner,40,81,54,70,53,98,61
2253,Daisy,Ellis,daisy.ellis.2253@gslingacademy.com,female,True,7,True,0,Business Owner,69,56,71,84,52,71,88
2254,Kevin,Mack,kevin.mack.2254@gslingacademy.com,male,True,9,False,2,Business Owner,46,54,93,57,99,59,73
2255,Erica,Cohen,erica.cohen.2255@gslingacademy.com,female,False,5,False,0,Business Owner,100,67,50,78,73,90,91
2256,Amanda,Murphy,amanda.murphy.2256@gslingacademy.com,female,False,10,True,3,Business Owner,65,100,80,83,57,81,81
2257,Kathryn,Hampton,kathryn.hampton.2257@gslingacademy.com,female,False,9,False,3,Business Owner,94,92,63,84,79,66,96
2258,Lisa,Barber,lisa.barber.2258@gslingacademy.com,female,True,5,False,0,Business Owner,89,65,65,91,76,91,92
2259,Michelle,Martinez,michelle.martinez.2259@gslingacademy.com,female,True,10,True,4,Business Owner,40,86,53,63,50,87,77
2260,Denise,Rose,denise.rose.2260@gslingacademy.com,female,True,6,False,1,Business Owner,41,83,54,87,97,65,69
2261,Michael,Carr,michael.carr.2261@gslingacademy.com,male,False,10,False,0,Business Owner,67,50,93,86,66,73,85
2262,William,Hernandez,william.hernandez.2262@gslingacademy.com,male,False,10,False,5,Business Owner,70,66,98,96,64,65,91
2263,Andrew,Jackson,andrew.jackson.2263@gslingacademy.com,male,False,4,False,3,Business Owner,52,81,62,77,74,91,92
2264,Stephanie,Jones,stephanie.jones.2264@gslingacademy.com,female,True,9,False,4,Business Owner,85,57,77,81,65,75,85
2265,Caitlin,Murillo,caitlin.murillo.2265@gslingacademy.com,female,False,1,False,0,Business Owner,92,86,88,75,60,50,79
2266,Nicole,Garcia,nicole.garcia.2266@gslingacademy.com,female,True,9,False,4,Business Owner,89,100,72,73,78,67,91
2267,Greg,Martin,greg.martin.2267@gslingacademy.com,male,True,8,False,2,Business Owner,92,54,50,88,90,91,95
2268,David,Jimenez,david.jimenez.2268@gslingacademy.com,male,False,8,True,5,Business Owner,40,97,92,93,92,65,82
2269,David,Gonzales,david.gonzales.2269@gslingacademy.com,male,False,6,False,3,Business Owner,81,92,72,91,67,71,88
2270,Kristy,Weber,kristy.weber.2270@gslingacademy.com,female,True,6,False,2,Business Owner,90,54,77,74,76,96,88
2271,Emily,Mcclure,emily.mcclure.2271@gslingacademy.com,female,False,7,False,3,Business Owner,75,76,88,65,97,83,85
2272,Laura,Reilly,laura.reilly.2272@gslingacademy.com,female,True,7,False,5,Business Owner,87,76,71,65,64,81,61
2273,Kenneth,Mendez,kenneth.mendez.2273@gslingacademy.com,male,False,10,False,0,Business Owner,63,86,89,87,67,73,80
2274,Scott,Schultz,scott.schultz.2274@gslingacademy.com,male,True,6,False,5,Business Owner,95,88,66,72,92,52,70
2275,Alexander,Brown,alexander.brown.2275@gslingacademy.com,male,False,9,False,3,Business Owner,93,83,61,95,70,93,65
2276,Robert,Anderson,robert.anderson.2276@gslingacademy.com,male,True,1,True,4,Business Owner,82,69,91,95,82,85,60
2277,Katherine,Glenn,katherine.glenn.2277@gslingacademy.com,female,False,3,False,4,Business Owner,57,71,76,59,58,84,73
2278,David,Rice,david.rice.2278@gslingacademy.com,male,True,10,False,5,Business Owner,56,52,76,95,54,59,85
2279,Christopher,Anderson,christopher.anderson.2279@gslingacademy.com,male,False,4,False,3,Business Owner,64,61,73,70,87,75,100
2280,Jonathan,Mckay,jonathan.mckay.2280@gslingacademy.com,male,False,10,False,1,Business Owner,90,50,84,90,83,62,100
2281,David,Hartman,david.hartman.2281@gslingacademy.com,male,False,10,False,3,Business Owner,70,61,83,52,81,97,69
2282,Kayla,Bailey,kayla.bailey.2282@gslingacademy.com,female,False,10,False,2,Business Owner,70,75,59,91,53,97,95
2283,Jacob,Henderson,jacob.henderson.2283@gslingacademy.com,male,False,1,False,3,Business Owner,53,71,98,95,94,71,77
2284,Brandon,Gonzales,brandon.gonzales.2284@gslingacademy.com,male,False,8,True,1,Business Owner,67,65,77,72,94,88,77
2285,Rachel,Salas,rachel.salas.2285@gslingacademy.com,female,True,8,True,4,Business Owner,92,96,80,98,61,84,74
2286,Vanessa,Coleman,vanessa.coleman.2286@gslingacademy.com,female,True,7,False,1,Business Owner,80,84,67,96,88,94,86
2287,Brian,Sanchez,brian.sanchez.2287@gslingacademy.com,male,True,8,False,1,Business Owner,97,54,62,66,58,69,96
2288,Steven,Ramsey,steven.ramsey.2288@gslingacademy.com,male,False,6,False,0,Business Owner,91,96,78,70,50,50,69
2289,Sandra,Davis,sandra.davis.2289@gslingacademy.com,female,True,10,False,4,Business Owner,90,100,80,66,63,69,66
2290,Jasmin,Phillips,jasmin.phillips.2290@gslingacademy.com,female,True,5,False,3,Business Owner,46,63,60,61,66,91,97
2291,Patricia,Gomez,patricia.gomez.2291@gslingacademy.com,female,True,7,False,4,Business Owner,94,59,69,67,89,65,73
2292,Tim,Duncan,tim.duncan.2292@gslingacademy.com,male,True,5,True,1,Business Owner,89,53,77,96,76,63,90
2293,Jessica,Smith,jessica.smith.2293@gslingacademy.com,female,True,8,True,0,Business Owner,92,78,78,85,94,94,73
2294,Maria,Campos,maria.campos.2294@gslingacademy.com,female,True,10,False,1,Business Owner,78,84,84,61,88,67,92
2295,Brittany,Henderson,brittany.henderson.2295@gslingacademy.com,female,True,9,True,5,Business Owner,74,79,82,51,67,65,82
2296,Jennifer,Lewis,jennifer.lewis.2296@gslingacademy.com,female,True,8,False,2,Business Owner,94,62,100,87,91,89,93
2297,Steven,Hancock,steven.hancock.2297@gslingacademy.com,male,True,4,False,4,Business Owner,65,76,92,86,93,61,97
2298,Melissa,Wright,melissa.wright.2298@gslingacademy.com,female,False,1,False,1,Business Owner,81,86,84,78,63,86,73
2299,Gina,Solomon,gina.solomon.2299@gslingacademy.com,female,False,6,False,1,Business Owner,89,55,89,67,55,64,70
2300,Michael,Wright,michael.wright.2300@gslingacademy.com,male,True,7,False,0,Business Owner,98,89,81,56,72,74,94
2301,Samantha,Clark,samantha.clark.2301@gslingacademy.com,female,False,7,False,2,Business Owner,46,65,97,100,56,73,95
2302,Amanda,Garcia,amanda.garcia.2302@gslingacademy.com,female,True,7,False,0,Business Owner,83,98,51,72,90,59,73
2303,Eric,Matthews,eric.matthews.2303@gslingacademy.com,male,False,10,False,1,Business Owner,83,93,75,55,82,51,91
2304,Catherine,Miles,catherine.miles.2304@gslingacademy.com,female,False,3,False,4,Business Owner,64,66,56,59,68,68,84
2305,Jonathan,Torres,jonathan.torres.2305@gslingacademy.com,male,False,1,False,1,Business Owner,51,69,85,61,59,81,63
2306,Brian,Lewis,brian.lewis.2306@gslingacademy.com,male,False,7,False,2,Business Owner,98,65,53,64,52,96,62
2307,Lisa,Stafford,lisa.stafford.2307@gslingacademy.com,female,False,8,False,2,Business Owner,74,59,82,51,91,96,94
2308,Julie,Little,julie.little.2308@gslingacademy.com,female,False,7,False,5,Business Owner,42,79,79,59,61,87,65
2309,James,Hernandez,james.hernandez.2309@gslingacademy.com,male,False,10,False,2,Business Owner,73,56,59,62,58,83,80
2310,Dennis,Phillips,dennis.phillips.2310@gslingacademy.com,male,True,7,True,3,Business Owner,49,64,97,61,62,72,65
2311,John,Powell,john.powell.2311@gslingacademy.com,male,True,10,False,5,Business Owner,64,69,85,99,76,98,60
2312,Shannon,Simpson,shannon.simpson.2312@gslingacademy.com,female,False,9,False,2,Business Owner,89,72,68,72,71,54,90
2313,Tyler,Calderon,tyler.calderon.2313@gslingacademy.com,male,False,7,False,1,Business Owner,72,58,73,57,67,88,70
2314,Trevor,Cruz,trevor.cruz.2314@gslingacademy.com,male,True,1,False,4,Business Owner,52,58,60,97,93,89,68
2315,Zachary,Lucero,zachary.lucero.2315@gslingacademy.com,male,True,8,True,1,Business Owner,66,53,85,84,98,86,79
2316,Rachel,Frye,rachel.frye.2316@gslingacademy.com,female,False,10,False,4,Business Owner,93,90,79,54,53,99,79
2317,Joshua,Williams,joshua.williams.2317@gslingacademy.com,male,False,10,True,5,Business Owner,63,54,57,51,63,88,83
2318,Joel,Williams,joel.williams.2318@gslingacademy.com,male,False,8,False,3,Business Owner,48,80,73,67,84,99,83
2319,Patricia,Sullivan,patricia.sullivan.2319@gslingacademy.com,female,True,7,False,2,Business Owner,51,98,90,54,77,80,71
2320,Joel,Morris,joel.morris.2320@gslingacademy.com,male,True,6,False,4,Business Owner,44,76,56,71,66,54,91
2321,Christina,Ramirez,christina.ramirez.2321@gslingacademy.com,female,False,10,True,3,Business Owner,58,65,72,98,56,59,81
2322,Sarah,Nielsen,sarah.nielsen.2322@gslingacademy.com,female,True,4,False,5,Business Owner,54,93,96,59,84,79,93
2323,Christian,Powers,christian.powers.2323@gslingacademy.com,male,False,5,False,5,Business Owner,100,54,70,58,50,95,92
2324,Bethany,Thomas,bethany.thomas.2324@gslingacademy.com,female,True,10,False,3,Business Owner,55,92,59,78,61,83,60
2325,David,Gillespie,david.gillespie.2325@gslingacademy.com,male,True,4,False,3,Business Owner,54,99,79,57,53,95,83
2326,Janet,Martin,janet.martin.2326@gslingacademy.com,female,True,7,False,2,Business Owner,79,54,81,87,67,74,85
2327,Carla,Lopez,carla.lopez.2327@gslingacademy.com,female,True,7,False,3,Business Owner,73,52,89,85,74,66,79
2328,Patrick,Ryan,patrick.ryan.2328@gslingacademy.com,male,False,9,False,4,Business Owner,48,55,86,51,54,94,61
2329,Kim,Flores,kim.flores.2329@gslingacademy.com,female,True,7,False,1,Business Owner,95,73,61,91,84,92,94
2330,Jill,Davis,jill.davis.2330@gslingacademy.com,female,False,9,False,2,Business Owner,100,71,70,86,80,91,62
2331,Suzanne,Morrow,suzanne.morrow.2331@gslingacademy.com,female,True,9,True,4,Business Owner,67,56,77,93,95,50,74
2332,James,Miller,james.miller.2332@gslingacademy.com,male,False,5,False,4,Business Owner,89,66,80,77,60,88,74
2333,Matthew,Miles,matthew.miles.2333@gslingacademy.com,male,False,5,False,4,Business Owner,94,68,72,99,83,53,83
2334,Sharon,Martinez,sharon.martinez.2334@gslingacademy.com,female,False,2,False,5,Business Owner,75,71,68,91,79,62,94
2335,Laura,Baxter,laura.baxter.2335@gslingacademy.com,female,True,1,False,0,Business Owner,73,85,84,88,78,87,76
2336,Maria,Malone,maria.malone.2336@gslingacademy.com,female,True,10,False,4,Business Owner,40,97,71,70,73,81,85
2337,Mark,Young,mark.young.2337@gslingacademy.com,male,False,8,False,2,Business Owner,68,97,51,93,68,58,78
2338,Brenda,Morales,brenda.morales.2338@gslingacademy.com,female,False,10,True,1,Business Owner,41,53,98,67,61,83,97
2339,Leah,Brown,leah.brown.2339@gslingacademy.com,female,False,10,False,0,Business Owner,55,99,71,94,69,87,84
2340,Thomas,Clark,thomas.clark.2340@gslingacademy.com,male,False,10,True,0,Business Owner,56,79,74,66,92,57,61
2341,Matthew,Chambers,matthew.chambers.2341@gslingacademy.com,male,True,8,False,0,Business Owner,50,80,100,81,61,68,72
2342,Sean,Malone,sean.malone.2342@gslingacademy.com,male,True,10,False,3,Business Owner,84,75,61,87,86,67,93
2343,Bradley,Patel,bradley.patel.2343@gslingacademy.com,male,True,9,True,3,Business Owner,40,73,88,95,64,61,92
2344,Sheila,Wilkinson,sheila.wilkinson.2344@gslingacademy.com,female,False,9,True,0,Business Owner,78,71,73,51,80,84,65
2345,Jessica,Jackson,jessica.jackson.2345@gslingacademy.com,female,False,8,True,1,Business Owner,70,98,51,51,96,96,70
2346,Gregory,Cole,gregory.cole.2346@gslingacademy.com,male,False,2,False,4,Business Owner,46,77,90,78,66,76,86
2347,Kimberly,Shaw,kimberly.shaw.2347@gslingacademy.com,female,False,10,False,4,Business Owner,92,98,60,74,63,89,80
2348,Rachel,Jacobs,rachel.jacobs.2348@gslingacademy.com,female,True,9,True,5,Business Owner,68,72,92,51,96,88,81
2349,Michael,Hodge,michael.hodge.2349@gslingacademy.com,male,True,8,False,3,Business Owner,51,54,66,87,99,58,68
2350,Tracy,Johnston,tracy.johnston.2350@gslingacademy.com,female,True,4,False,2,Business Owner,72,55,54,62,75,79,96
2351,Victoria,Thompson,victoria.thompson.2351@gslingacademy.com,female,True,9,True,4,Business Owner,43,63,91,67,74,71,88
2352,Drew,Nelson,drew.nelson.2352@gslingacademy.com,male,False,6,False,5,Business Owner,65,68,74,50,98,60,83
2353,Thomas,Montoya,thomas.montoya.2353@gslingacademy.com,male,False,6,False,1,Business Owner,96,92,64,54,87,60,88
2354,Richard,Bell,richard.bell.2354@gslingacademy.com,male,True,3,True,3,Business Owner,80,95,96,96,94,84,93
2355,Maureen,Norman,maureen.norman.2355@gslingacademy.com,female,False,10,True,2,Business Owner,46,52,87,80,76,73,76
2356,Brandon,Smith,brandon.smith.2356@gslingacademy.com,male,False,10,True,0,Business Owner,53,51,57,72,77,78,79
2357,Anthony,Martinez,anthony.martinez.2357@gslingacademy.com,male,True,10,False,1,Business Owner,51,91,67,79,58,52,75
2358,Kevin,Jackson,kevin.jackson.2358@gslingacademy.com,male,False,9,False,3,Business Owner,93,51,58,70,63,64,89
2359,Linda,George,linda.george.2359@gslingacademy.com,female,False,9,False,3,Business Owner,73,88,57,93,85,85,77
2360,John,George,john.george.2360@gslingacademy.com,male,False,9,False,0,Business Owner,43,95,64,95,66,67,74
2361,Ashley,Mendez,ashley.mendez.2361@gslingacademy.com,female,False,7,False,2,Business Owner,62,53,78,77,59,95,80
2362,Pamela,Jackson,pamela.jackson.2362@gslingacademy.com,female,False,10,False,2,Business Owner,66,94,86,100,57,90,63
2363,Brandon,Smith,brandon.smith.2363@gslingacademy.com,male,True,9,False,0,Business Owner,66,99,50,62,97,60,84
2364,Bradley,Robinson,bradley.robinson.2364@gslingacademy.com,male,True,7,False,2,Business Owner,64,92,70,81,85,55,76
2365,Carolyn,Reyes,carolyn.reyes.2365@gslingacademy.com,female,False,9,False,5,Business Owner,56,60,88,96,57,68,76
2366,Vanessa,Wheeler,vanessa.wheeler.2366@gslingacademy.com,female,False,7,True,3,Business Owner,69,78,57,72,71,96,87
2367,Julie,Floyd,julie.floyd.2367@gslingacademy.com,female,True,10,False,0,Business Owner,55,86,54,78,55,60,88
2368,Terry,Ashley,terry.ashley.2368@gslingacademy.com,male,True,9,False,5,Business Owner,67,54,51,72,75,60,88
2369,Sydney,Stevenson,sydney.stevenson.2369@gslingacademy.com,female,False,6,False,5,Business Owner,100,58,58,100,60,52,82
2370,Barry,Taylor,barry.taylor.2370@gslingacademy.com,male,False,8,False,0,Business Owner,77,71,68,53,70,72,69
2371,Crystal,Holland,crystal.holland.2371@gslingacademy.com,female,True,4,False,0,Business Owner,49,51,57,80,89,53,76
2372,Louis,Edwards,louis.edwards.2372@gslingacademy.com,male,True,10,False,1,Business Owner,61,70,69,64,59,78,80
2373,John,Pacheco,john.pacheco.2373@gslingacademy.com,male,False,10,False,0,Business Owner,94,75,91,64,67,93,65
2374,Latoya,Mullins,latoya.mullins.2374@gslingacademy.com,female,True,7,False,5,Business Owner,77,60,83,65,81,80,88
2375,Jennifer,Leblanc,jennifer.leblanc.2375@gslingacademy.com,female,False,6,False,2,Business Owner,67,54,71,50,55,51,66
2376,Kevin,York,kevin.york.2376@gslingacademy.com,male,True,7,False,1,Business Owner,47,78,75,62,61,55,93
2377,Patricia,Douglas,patricia.douglas.2377@gslingacademy.com,female,True,6,False,5,Business Owner,46,53,92,71,90,76,81
2378,Aaron,Ortega,aaron.ortega.2378@gslingacademy.com,male,False,4,True,0,Business Owner,44,98,53,68,94,91,84
2379,Christine,Foster,christine.foster.2379@gslingacademy.com,female,True,7,False,0,Business Owner,83,55,87,74,73,77,61
2380,James,Young,james.young.2380@gslingacademy.com,male,False,9,False,4,Business Owner,45,98,95,66,84,83,100
2381,Margaret,Smith,margaret.smith.2381@gslingacademy.com,female,True,5,False,4,Business Owner,90,99,87,81,90,80,92
2382,Jennifer,Beck,jennifer.beck.2382@gslingacademy.com,female,True,10,True,4,Business Owner,81,85,50,53,55,91,78
2383,Eric,Adkins,eric.adkins.2383@gslingacademy.com,male,False,7,False,5,Business Owner,72,69,91,69,53,73,95
2384,Randall,Wyatt,randall.wyatt.2384@gslingacademy.com,male,False,7,False,4,Business Owner,56,66,92,74,79,80,68
2385,Janet,Morrison,janet.morrison.2385@gslingacademy.com,female,True,8,False,1,Business Owner,70,70,75,83,60,86,62
2386,Sara,Cochran,sara.cochran.2386@gslingacademy.com,female,False,1,False,1,Business Owner,75,51,70,84,66,64,88
2387,Steven,Fox,steven.fox.2387@gslingacademy.com,male,False,7,False,1,Business Owner,87,88,51,96,77,71,61
2388,Brian,Garcia,brian.garcia.2388@gslingacademy.com,male,False,10,False,0,Business Owner,93,84,65,56,67,92,81
2389,Victoria,Perez,victoria.perez.2389@gslingacademy.com,female,False,7,False,1,Business Owner,88,96,74,90,82,70,83
2390,Crystal,Walker,crystal.walker.2390@gslingacademy.com,female,False,6,False,5,Business Owner,55,93,67,74,55,60,64
2391,Susan,Schmidt,susan.schmidt.2391@gslingacademy.com,female,True,6,False,3,Business Owner,54,64,72,80,98,83,85
2392,Nicole,Lee,nicole.lee.2392@gslingacademy.com,female,False,7,True,0,Business Owner,76,96,89,83,78,54,61
2393,Charles,Myers,charles.myers.2393@gslingacademy.com,male,False,4,False,1,Business Owner,95,57,77,81,83,57,70
2394,Lauren,Ellis,lauren.ellis.2394@gslingacademy.com,female,False,5,False,5,Business Owner,66,52,71,76,67,72,60
2395,Stephanie,Miller,stephanie.miller.2395@gslingacademy.com,female,True,6,False,1,Business Owner,98,62,75,72,81,73,93
2396,David,Perez,david.perez.2396@gslingacademy.com,male,True,10,False,2,Business Owner,87,60,67,88,99,56,92
2397,Keith,Tanner,keith.tanner.2397@gslingacademy.com,male,False,10,False,1,Business Owner,77,89,50,82,71,78,70
2398,Charles,Owens,charles.owens.2398@gslingacademy.com,male,False,8,False,4,Business Owner,40,94,90,68,61,77,92
2399,Melinda,Byrd,melinda.byrd.2399@gslingacademy.com,female,True,6,False,1,Business Owner,63,60,95,99,87,58,66
2400,Jennifer,Valdez,jennifer.valdez.2400@gslingacademy.com,female,True,6,False,2,Business Owner,80,81,92,73,71,71,84
2401,Vicki,Thompson,vicki.thompson.2401@gslingacademy.com,female,False,3,True,30,Scientist,92,64,93,91,80,89,72
2402,Charles,Butler,charles.butler.2402@gslingacademy.com,male,False,7,False,32,Scientist,85,65,99,100,88,93,72
2403,Benjamin,Morse,benjamin.morse.2403@gslingacademy.com,male,False,3,True,31,Scientist,86,81,83,81,81,77,86
2404,Sonia,Bowers,sonia.bowers.2404@gslingacademy.com,female,False,5,False,30,Scientist,95,79,98,95,89,99,87
2405,Angelica,Johnson,angelica.johnson.2405@gslingacademy.com,female,False,2,False,30,Scientist,85,64,93,80,82,70,94
2406,Jorge,Roth,jorge.roth.2406@gslingacademy.com,male,False,5,False,34,Scientist,82,95,96,100,89,64,91
2407,Erik,Butler,erik.butler.2407@gslingacademy.com,male,False,1,False,34,Scientist,87,90,89,88,93,87,70
2408,Tiffany,Jones,tiffany.jones.2408@gslingacademy.com,female,False,4,True,31,Scientist,75,98,96,85,81,69,90
2409,John,Carey,john.carey.2409@gslingacademy.com,male,False,1,False,30,Scientist,83,98,100,93,100,77,76
2410,David,Harris,david.harris.2410@gslingacademy.com,male,False,5,False,33,Scientist,94,99,83,94,93,95,93
2411,Christina,Garrett,christina.garrett.2411@gslingacademy.com,female,False,3,False,30,Scientist,77,76,90,95,94,99,94
2412,Christina,Guerrero,christina.guerrero.2412@gslingacademy.com,female,False,5,True,32,Scientist,93,75,83,99,100,91,74
2413,Breanna,Lee,breanna.lee.2413@gslingacademy.com,female,False,2,True,31,Scientist,97,62,93,80,96,94,67
2414,April,Delgado,april.delgado.2414@gslingacademy.com,female,False,7,False,31,Scientist,86,81,91,83,97,83,80
2415,Brianna,Gutierrez,brianna.gutierrez.2415@gslingacademy.com,female,False,2,False,35,Scientist,99,96,100,95,90,95,88
2416,Brian,Adams,brian.adams.2416@gslingacademy.com,male,False,5,False,34,Scientist,92,81,84,84,84,66,74
2417,Lee,Campbell,lee.campbell.2417@gslingacademy.com,male,False,9,False,31,Scientist,92,74,95,97,87,78,68
2418,Amanda,Hernandez,amanda.hernandez.2418@gslingacademy.com,female,False,2,False,35,Scientist,85,87,90,88,87,97,100
2419,Daniel,Knight,daniel.knight.2419@gslingacademy.com,male,False,3,False,34,Scientist,86,67,98,86,86,83,89
2420,Pamela,Green,pamela.green.2420@gslingacademy.com,female,False,3,False,33,Scientist,99,91,85,100,84,77,98
2421,Donna,Horne,donna.horne.2421@gslingacademy.com,female,False,2,False,34,Scientist,100,64,95,83,83,94,83
2422,James,Acosta,james.acosta.2422@gslingacademy.com,male,True,1,False,35,Scientist,85,90,98,92,89,88,95
2423,Grant,Mason,grant.mason.2423@gslingacademy.com,male,False,1,True,35,Scientist,86,87,89,91,90,85,92
2424,Brandon,Foster,brandon.foster.2424@gslingacademy.com,male,True,3,True,34,Scientist,77,93,83,84,83,84,71
2425,Sabrina,Zavala,sabrina.zavala.2425@gslingacademy.com,female,False,1,False,31,Scientist,92,78,96,91,82,98,100
2426,Jose,Wood,jose.wood.2426@gslingacademy.com,male,False,1,False,32,Scientist,83,63,93,94,93,90,78
2427,Robin,Carr,robin.carr.2427@gslingacademy.com,female,False,2,False,32,Scientist,81,64,81,92,87,84,95
2428,Kevin,Koch,kevin.koch.2428@gslingacademy.com,male,False,3,False,33,Scientist,76,66,96,86,85,62,68
2429,Jason,Thomas,jason.thomas.2429@gslingacademy.com,male,False,4,False,32,Scientist,98,82,91,93,85,75,78
2430,Zachary,Houston,zachary.houston.2430@gslingacademy.com,male,False,1,False,34,Scientist,81,79,100,88,81,64,95
2431,Christopher,Stephens,christopher.stephens.2431@gslingacademy.com,male,True,4,False,31,Scientist,77,81,80,95,80,74,80
2432,Kyle,Harrison,kyle.harrison.2432@gslingacademy.com,male,False,1,False,31,Scientist,85,60,92,92,85,62,84
2433,Amanda,Cox,amanda.cox.2433@gslingacademy.com,female,False,3,False,35,Scientist,95,97,89,97,99,85,92
2434,Daniel,Gonzalez,daniel.gonzalez.2434@gslingacademy.com,male,False,2,True,30,Scientist,85,83,94,100,89,68,89
2435,Brandy,Maldonado,brandy.maldonado.2435@gslingacademy.com,female,False,6,False,35,Scientist,91,91,92,95,98,91,85
2436,Michael,Gordon,michael.gordon.2436@gslingacademy.com,male,False,3,False,33,Scientist,100,63,96,95,92,76,88
2437,Wanda,Pearson,wanda.pearson.2437@gslingacademy.com,female,False,0,False,31,Scientist,88,61,95,91,99,64,90
2438,Julie,Rogers,julie.rogers.2438@gslingacademy.com,female,False,3,False,30,Scientist,92,88,99,92,89,66,76
2439,Beverly,Dawson,beverly.dawson.2439@gslingacademy.com,female,True,1,False,31,Scientist,77,80,86,87,98,98,88
2440,Daisy,Sparks,daisy.sparks.2440@gslingacademy.com,female,False,3,True,33,Scientist,86,84,95,83,87,89,84
2441,Troy,Vasquez,troy.vasquez.2441@gslingacademy.com,male,False,5,False,33,Scientist,97,98,81,100,97,100,86
2442,Shawn,Mccall,shawn.mccall.2442@gslingacademy.com,male,False,3,True,32,Scientist,77,95,95,94,89,66,78
2443,Isaiah,Baker,isaiah.baker.2443@gslingacademy.com,male,False,3,False,35,Scientist,98,91,81,92,87,83,74
2444,Jonathan,Hartman,jonathan.hartman.2444@gslingacademy.com,male,False,1,False,29,Scientist,77,72,95,95,88,95,80
2445,Antoinette,Li,antoinette.li.2445@gslingacademy.com,female,False,1,False,33,Scientist,76,59,83,77,82,79,90
2446,Piper,Evans,piper.evans.2446@gslingacademy.com,female,False,1,False,32,Scientist,94,90,100,100,91,93,89
2447,Pam,Boyd,pam.boyd.2447@gslingacademy.com,female,False,7,False,32,Scientist,74,86,85,93,90,64,64
2448,Phillip,Baker,phillip.baker.2448@gslingacademy.com,male,True,3,False,32,Scientist,82,97,86,89,84,74,100
2449,Francis,Harris,francis.harris.2449@gslingacademy.com,male,False,3,True,29,Scientist,80,64,86,93,87,84,70
2450,Angelica,Tucker,angelica.tucker.2450@gslingacademy.com,female,False,0,False,32,Scientist,93,63,76,83,84,88,83
2451,Aubree,Allen,aubree.allen.2451@gslingacademy.com,female,False,2,True,35,Scientist,84,100,85,87,87,83,93
2452,Scarlett,Dunn,scarlett.dunn.2452@gslingacademy.com,female,False,3,False,31,Scientist,82,78,98,87,80,100,100
2453,Clinton,Leblanc,clinton.leblanc.2453@gslingacademy.com,male,False,4,False,34,Scientist,86,85,95,81,96,89,82
2454,Erica,Fuentes,erica.fuentes.2454@gslingacademy.com,female,True,3,False,29,Scientist,87,99,94,81,87,72,80
2455,Brooklyn,Browning,brooklyn.browning.2455@gslingacademy.com,female,False,2,False,33,Scientist,100,67,96,95,89,92,79
2456,Craig,Elliott,craig.elliott.2456@gslingacademy.com,male,False,0,False,31,Scientist,96,72,94,90,94,85,75
2457,Devin,Cole,devin.cole.2457@gslingacademy.com,male,False,3,True,32,Scientist,82,70,100,82,90,83,80
2458,Beulah,Murphy,beulah.murphy.2458@gslingacademy.com,female,False,5,False,33,Scientist,80,86,100,96,86,71,100
2459,Dale,Fernandez,dale.fernandez.2459@gslingacademy.com,male,False,0,True,31,Scientist,80,78,80,88,89,82,80
2460,Gabriella,Knox,gabriella.knox.2460@gslingacademy.com,female,False,4,True,35,Scientist,82,70,92,89,96,77,76
2461,Paige,Mccall,paige.mccall.2461@gslingacademy.com,female,False,0,False,30,Scientist,86,78,80,91,91,66,93
2462,Colby,Snyder,colby.snyder.2462@gslingacademy.com,male,False,0,False,34,Scientist,82,75,100,82,82,68,83
2463,Catherine,Campos,catherine.campos.2463@gslingacademy.com,female,False,4,True,31,Scientist,95,77,100,93,79,100,99
2464,Gregory,Hodge,gregory.hodge.2464@gslingacademy.com,male,False,4,True,31,Scientist,86,88,94,76,90,81,82
2465,Mariah,Cantu,mariah.cantu.2465@gslingacademy.com,female,False,1,False,32,Scientist,100,65,97,92,89,85,82
2466,Cooper,Nolan,cooper.nolan.2466@gslingacademy.com,male,False,1,False,31,Scientist,98,68,88,83,83,98,82
2467,Vivian,Hill,vivian.hill.2467@gslingacademy.com,female,False,4,False,32,Scientist,89,64,100,90,87,80,70
2468,Nina,Kelley,nina.kelley.2468@gslingacademy.com,female,False,3,True,32,Scientist,90,83,97,100,100,99,88
2469,Eliana,Marquez,eliana.marquez.2469@gslingacademy.com,female,False,6,True,33,Scientist,99,82,87,93,97,86,84
2470,Kylie,Lawrence,kylie.lawrence.2470@gslingacademy.com,female,False,5,False,31,Scientist,95,74,94,88,82,98,81
2471,Connor,Schultz,connor.schultz.2471@gslingacademy.com,male,False,1,False,35,Scientist,98,99,84,96,85,100,85
2472,Gabriella,Willis,gabriella.willis.2472@gslingacademy.com,female,False,3,False,34,Scientist,91,81,86,91,99,94,85
2473,Cameron,Gomez,cameron.gomez.2473@gslingacademy.com,male,True,3,False,30,Scientist,82,72,100,92,90,77,84
2474,Dominic,Ware,dominic.ware.2474@gslingacademy.com,male,True,3,False,30,Scientist,76,83,88,90,84,79,78
2475,Delilah,Bowman,delilah.bowman.2475@gslingacademy.com,female,False,4,False,33,Scientist,93,87,92,83,94,84,76
2476,Charles,Blankenship,charles.blankenship.2476@gslingacademy.com,male,False,1,False,29,Scientist,90,83,94,91,87,63,72
2477,Randy,Kemp,randy.kemp.2477@gslingacademy.com,male,False,4,True,34,Scientist,87,68,91,92,90,55,86
2478,Angelica,Morse,angelica.morse.2478@gslingacademy.com,female,False,0,True,31,Scientist,88,69,99,84,95,77,98
2479,Makayla,Freeman,makayla.freeman.2479@gslingacademy.com,female,False,2,False,29,Scientist,100,62,91,96,92,100,70
2480,Liam,Baker,liam.baker.2480@gslingacademy.com,male,False,4,False,33,Scientist,73,85,84,81,83,96,83
2481,Liliana,Watson,liliana.watson.2481@gslingacademy.com,female,False,0,False,32,Scientist,85,72,93,82,77,78,84
2482,Payton,Mccormick,payton.mccormick.2482@gslingacademy.com,female,False,2,False,31,Scientist,79,88,89,88,86,88,90
2483,Julia,Randolph,julia.randolph.2483@gslingacademy.com,female,False,3,True,29,Scientist,88,91,99,92,95,79,75
2484,Sadie,Bradley,sadie.bradley.2484@gslingacademy.com,female,False,3,True,31,Scientist,79,76,94,85,93,89,73
2485,Madeline,Mccarthy,madeline.mccarthy.2485@gslingacademy.com,female,False,3,False,37,Scientist,82,96,89,93,79,81,88
2486,Brielle,Harrison,brielle.harrison.2486@gslingacademy.com,female,False,3,False,31,Scientist,96,71,93,88,94,83,79
2487,Madison,Lopez,madison.lopez.2487@gslingacademy.com,female,False,0,False,32,Scientist,82,85,96,96,89,91,92
2488,Kaylee,Morrison,kaylee.morrison.2488@gslingacademy.com,female,True,6,True,34,Scientist,98,79,79,91,83,87,74
2489,Carol,Aguilar,carol.aguilar.2489@gslingacademy.com,female,False,5,False,34,Scientist,97,84,90,98,100,82,57
2490,Walter,Sandoval,walter.sandoval.2490@gslingacademy.com,male,False,3,False,32,Scientist,89,76,91,86,85,81,88
2491,Leroy,Watkins,leroy.watkins.2491@gslingacademy.com,male,False,5,False,28,Scientist,88,73,84,100,90,77,76
2492,David,Perry,david.perry.2492@gslingacademy.com,male,False,4,False,32,Scientist,82,78,90,85,92,79,75
2493,Devin,Mueller,devin.mueller.2493@gslingacademy.com,male,False,1,False,30,Scientist,90,77,93,91,87,72,91
2494,Micheal,Frye,micheal.frye.2494@gslingacademy.com,male,True,3,True,32,Scientist,91,64,89,87,98,72,77
2495,Joseph,Harrison,joseph.harrison.2495@gslingacademy.com,male,False,0,False,33,Scientist,82,95,83,82,100,96,90
2496,Tara,Gray,tara.gray.2496@gslingacademy.com,female,False,3,False,33,Scientist,87,81,97,90,92,92,99
2497,Stella,Mosley,stella.mosley.2497@gslingacademy.com,female,False,4,False,30,Scientist,94,66,92,100,75,88,87
2498,Tony,Burgess,tony.burgess.2498@gslingacademy.com,male,True,0,True,29,Scientist,88,58,98,97,93,76,95
2499,Colby,Costa,colby.costa.2499@gslingacademy.com,male,False,3,True,32,Scientist,88,100,92,100,86,86,86
2500,Adeline,Bowman,adeline.bowman.2500@gslingacademy.com,female,True,1,False,32,Scientist,78,86,85,95,93,80,92
2501,Jenna,Day,jenna.day.2501@gslingacademy.com,female,False,6,False,30,Scientist,76,52,86,96,74,79,90
2502,Jessica,Alvarez,jessica.alvarez.2502@gslingacademy.com,female,False,1,False,32,Scientist,83,71,90,82,87,81,86
2503,Bryan,Blankenship,bryan.blankenship.2503@gslingacademy.com,male,False,2,False,31,Scientist,80,59,100,88,94,75,86
2504,Scott,Santiago,scott.santiago.2504@gslingacademy.com,male,False,2,False,36,Scientist,86,81,94,82,78,55,78
2505,Rickey,Hill,rickey.hill.2505@gslingacademy.com,male,False,0,False,32,Scientist,97,67,100,88,87,83,86
2506,Gregory,Duran,gregory.duran.2506@gslingacademy.com,male,False,0,False,33,Scientist,96,100,85,88,80,79,99
2507,Lucy,Nguyen,lucy.nguyen.2507@gslingacademy.com,female,False,0,False,33,Scientist,83,88,100,86,88,60,99
2508,Shawna,Gilmore,shawna.gilmore.2508@gslingacademy.com,female,False,3,False,28,Scientist,83,82,88,95,99,87,75
2509,Aaliyah,Luna,aaliyah.luna.2509@gslingacademy.com,female,False,6,False,33,Scientist,87,68,96,87,87,72,54
2510,Sean,Martinez,sean.martinez.2510@gslingacademy.com,male,False,4,False,31,Scientist,81,70,85,91,87,92,90
2511,Connor,Stafford,connor.stafford.2511@gslingacademy.com,male,False,2,False,29,Scientist,82,61,100,92,82,65,84
2512,Earl,Barnes,earl.barnes.2512@gslingacademy.com,male,True,3,False,32,Scientist,91,95,92,94,94,100,71
2513,Angelina,Padilla,angelina.padilla.2513@gslingacademy.com,female,False,0,False,34,Scientist,68,73,92,84,86,74,82
2514,Lydia,Lutz,lydia.lutz.2514@gslingacademy.com,female,False,0,False,33,Scientist,83,78,91,94,95,93,93
2515,Eugene,Calhoun,eugene.calhoun.2515@gslingacademy.com,male,False,0,False,31,Scientist,79,64,82,88,85,91,79
2516,Brooks,Castro,brooks.castro.2516@gslingacademy.com,male,False,2,True,32,Scientist,91,73,91,98,86,92,100
2517,Dolores,Oneal,dolores.oneal.2517@gslingacademy.com,female,False,4,True,35,Scientist,79,81,83,93,99,84,87
2518,Brielle,Spencer,brielle.spencer.2518@gslingacademy.com,female,False,2,False,31,Scientist,83,88,94,95,81,59,83
2519,Victoria,Mueller,victoria.mueller.2519@gslingacademy.com,female,False,0,False,33,Scientist,86,84,90,79,90,76,90
2520,Adam,Mcdaniel,adam.mcdaniel.2520@gslingacademy.com,male,False,2,False,33,Scientist,79,76,87,83,77,81,100
2521,Danny,Jensen,danny.jensen.2521@gslingacademy.com,male,False,2,True,37,Scientist,91,80,81,100,100,87,92
2522,Aaliyah,Anderson,aaliyah.anderson.2522@gslingacademy.com,female,False,0,False,34,Scientist,93,82,90,83,93,87,88
2523,Jamie,Fleming,jamie.fleming.2523@gslingacademy.com,male,False,5,True,34,Scientist,84,84,100,89,88,74,81
2524,Faith,Stafford,faith.stafford.2524@gslingacademy.com,female,False,4,False,27,Scientist,100,55,95,100,87,87,72
2525,Allison,Warren,allison.warren.2525@gslingacademy.com,female,False,4,False,33,Scientist,91,62,100,94,83,65,77
2526,Maureen,Bowers,maureen.bowers.2526@gslingacademy.com,female,False,0,False,32,Scientist,89,81,96,84,96,89,95
2527,Mitchell,Mercado,mitchell.mercado.2527@gslingacademy.com,male,False,0,True,28,Scientist,85,64,93,94,94,83,89
2528,Derrick,Yates,derrick.yates.2528@gslingacademy.com,male,False,0,False,33,Scientist,76,69,81,86,92,91,94
2529,Ricky,Ross,ricky.ross.2529@gslingacademy.com,male,False,2,False,32,Scientist,88,80,88,98,96,79,81
2530,Genesis,Washington,genesis.washington.2530@gslingacademy.com,female,False,0,True,30,Scientist,94,86,100,94,82,77,86
2531,Colby,Mckinney,colby.mckinney.2531@gslingacademy.com,male,False,0,False,31,Scientist,72,72,100,82,85,79,100
2532,Ethan,Miller,ethan.miller.2532@gslingacademy.com,male,False,0,False,34,Scientist,90,64,88,82,82,67,77
2533,Nova,Dennis,nova.dennis.2533@gslingacademy.com,female,False,0,False,28,Scientist,78,76,92,89,91,77,92
2534,Jose,Brennan,jose.brennan.2534@gslingacademy.com,male,False,4,False,32,Scientist,87,78,97,100,100,81,97
2535,Bernard,Reid,bernard.reid.2535@gslingacademy.com,male,False,3,False,32,Scientist,87,78,96,100,93,86,99
2536,Jocelyn,Douglas,jocelyn.douglas.2536@gslingacademy.com,female,False,2,False,33,Scientist,90,85,89,93,88,72,77
2537,Stanley,Beasley,stanley.beasley.2537@gslingacademy.com,male,False,2,True,33,Scientist,85,84,89,89,94,86,74
2538,Gabrielle,Dean,gabrielle.dean.2538@gslingacademy.com,female,False,4,True,32,Scientist,87,71,91,95,85,61,88
2539,Tony,Beard,tony.beard.2539@gslingacademy.com,male,False,8,False,27,Scientist,87,57,84,90,88,76,52
2540,Alan,Wheeler,alan.wheeler.2540@gslingacademy.com,male,True,3,True,27,Scientist,81,65,98,85,80,68,66
2541,Jill,Petersen,jill.petersen.2541@gslingacademy.com,female,False,4,True,33,Scientist,92,63,85,98,97,90,70
2542,Chloe,Jacobson,chloe.jacobson.2542@gslingacademy.com,female,False,1,True,32,Scientist,91,79,80,88,99,90,81
2543,Nicole,Snyder,nicole.snyder.2543@gslingacademy.com,female,False,1,True,30,Scientist,82,77,86,93,100,91,71
2544,Maureen,Gillespie,maureen.gillespie.2544@gslingacademy.com,female,False,3,True,31,Scientist,88,96,95,97,84,77,79
2545,Dale,Molina,dale.molina.2545@gslingacademy.com,male,False,3,True,35,Scientist,98,77,93,100,92,88,93
2546,Craig,Reynolds,craig.reynolds.2546@gslingacademy.com,male,False,0,False,31,Scientist,90,100,98,94,86,62,100
2547,Faith,Leach,faith.leach.2547@gslingacademy.com,female,False,4,True,32,Scientist,96,76,81,100,100,100,69
2548,Autumn,Matthews,autumn.matthews.2548@gslingacademy.com,female,False,0,False,32,Scientist,78,75,88,95,84,97,91
2549,William,Short,william.short.2549@gslingacademy.com,male,False,0,True,33,Scientist,71,87,91,81,90,70,82
2550,Leah,Sosa,leah.sosa.2550@gslingacademy.com,female,False,3,False,31,Scientist,84,77,94,87,86,80,71
2551,Barry,Jenkins,barry.jenkins.2551@gslingacademy.com,male,False,2,False,34,Scientist,98,78,88,88,99,100,80
2552,Kristen,Snow,kristen.snow.2552@gslingacademy.com,female,False,5,True,32,Scientist,80,94,90,93,89,73,74
2553,Jeffery,Kerr,jeffery.kerr.2553@gslingacademy.com,male,False,3,False,28,Scientist,100,71,100,85,88,81,87
2554,Beulah,Hamilton,beulah.hamilton.2554@gslingacademy.com,female,True,1,False,35,Scientist,84,81,93,90,87,98,92
2555,Gerardo,Little,gerardo.little.2555@gslingacademy.com,male,False,4,False,34,Scientist,87,100,95,96,87,86,80
2556,Armando,Johnston,armando.johnston.2556@gslingacademy.com,male,False,1,False,31,Scientist,91,79,88,82,86,85,98
2557,Eliana,Brock,eliana.brock.2557@gslingacademy.com,female,False,5,False,31,Scientist,85,70,89,85,90,72,74
2558,Jorge,Wood,jorge.wood.2558@gslingacademy.com,male,False,2,False,32,Scientist,85,65,91,98,81,67,100
2559,Ingrid,Dawson,ingrid.dawson.2559@gslingacademy.com,female,False,1,False,28,Scientist,84,69,93,93,91,86,77
2560,Dale,Hood,dale.hood.2560@gslingacademy.com,male,False,5,False,32,Scientist,91,84,93,87,99,79,78
2561,Sarah,Weiss,sarah.weiss.2561@gslingacademy.com,female,False,4,True,31,Scientist,89,63,98,96,90,65,70
2562,Mark,Murphy,mark.murphy.2562@gslingacademy.com,male,True,0,False,30,Scientist,82,68,94,86,89,82,75
2563,Pedro,Owen,pedro.owen.2563@gslingacademy.com,male,False,6,False,29,Scientist,77,61,92,92,84,80,70
2564,Dolores,Knight,dolores.knight.2564@gslingacademy.com,female,True,1,False,29,Scientist,83,94,83,87,79,63,96
2565,Ernest,Jones,ernest.jones.2565@gslingacademy.com,male,False,3,True,30,Scientist,78,86,84,91,83,76,70
2566,Jacob,Hicks,jacob.hicks.2566@gslingacademy.com,male,False,0,False,35,Scientist,86,77,94,92,89,79,92
2567,Alex,Stephens,alex.stephens.2567@gslingacademy.com,male,False,0,False,32,Scientist,85,52,80,87,87,64,100
2568,Charlene,Graham,charlene.graham.2568@gslingacademy.com,female,False,6,True,32,Scientist,95,83,100,96,81,79,86
2569,Elena,Mccall,elena.mccall.2569@gslingacademy.com,female,False,3,True,31,Scientist,76,100,95,90,93,69,80
2570,Beckett,Sanders,beckett.sanders.2570@gslingacademy.com,male,True,3,True,29,Scientist,82,50,100,89,81,82,83
2571,Sonia,Wolf,sonia.wolf.2571@gslingacademy.com,female,False,7,False,32,Scientist,86,92,83,81,93,83,75
2572,Julio,Cruz,julio.cruz.2572@gslingacademy.com,male,False,4,True,30,Scientist,86,59,92,92,97,81,97
2573,Lydia,Murray,lydia.murray.2573@gslingacademy.com,female,False,2,True,34,Scientist,79,84,90,88,89,76,70
2574,Mitchell,Snow,mitchell.snow.2574@gslingacademy.com,male,False,2,False,31,Scientist,90,64,84,84,93,92,74
2575,Viola,Weiss,viola.weiss.2575@gslingacademy.com,female,False,6,False,29,Scientist,79,77,88,87,82,64,80
2576,Joanne,Burnett,joanne.burnett.2576@gslingacademy.com,female,False,0,False,33,Scientist,85,89,95,89,94,81,91
2577,Dalton,Torres,dalton.torres.2577@gslingacademy.com,male,False,3,False,32,Scientist,98,65,90,93,90,77,69
2578,Jaime,Keller,jaime.keller.2578@gslingacademy.com,male,False,4,False,33,Scientist,88,77,94,92,84,50,90
2579,Shannon,Mcbride,shannon.mcbride.2579@gslingacademy.com,female,False,2,True,29,Scientist,91,72,89,80,82,60,62
2580,Logan,Brown,logan.brown.2580@gslingacademy.com,male,True,3,False,29,Scientist,90,80,91,100,89,76,91
2581,Eva,Peterson,eva.peterson.2581@gslingacademy.com,female,False,4,False,32,Scientist,77,67,87,88,87,100,89
2582,Amy,Campbell,amy.campbell.2582@gslingacademy.com,female,True,6,False,33,Scientist,91,100,87,100,96,95,80
2583,Meghan,Pitts,meghan.pitts.2583@gslingacademy.com,female,False,4,False,33,Scientist,85,84,88,88,81,70,92
2584,Jeffery,Rogers,jeffery.rogers.2584@gslingacademy.com,male,False,5,False,34,Scientist,92,75,78,91,98,100,76
2585,Albert,Morris,albert.morris.2585@gslingacademy.com,male,True,5,False,31,Scientist,84,92,81,85,82,69,85
2586,Jenny,Frye,jenny.frye.2586@gslingacademy.com,female,False,4,True,32,Scientist,78,80,93,96,99,75,76
2587,Kyle,Walsh,kyle.walsh.2587@gslingacademy.com,male,False,3,False,33,Scientist,83,57,94,80,73,84,78
2588,Deanna,Garza,deanna.garza.2588@gslingacademy.com,female,False,0,True,34,Scientist,91,88,81,93,87,100,98
2589,Hector,Marshall,hector.marshall.2589@gslingacademy.com,male,False,2,False,31,Scientist,85,80,71,92,92,85,79
2590,Stacey,Hampton,stacey.hampton.2590@gslingacademy.com,female,False,3,True,31,Scientist,93,76,89,82,83,76,91
2591,Brenda,Hutchinson,brenda.hutchinson.2591@gslingacademy.com,female,False,1,False,32,Scientist,98,57,100,82,78,93,71
2592,Diana,Gallagher,diana.gallagher.2592@gslingacademy.com,female,False,6,False,27,Scientist,91,69,99,87,84,76,58
2593,Robert,Daniels,robert.daniels.2593@gslingacademy.com,male,False,4,False,30,Scientist,97,80,100,97,82,72,100
2594,Albert,Ford,albert.ford.2594@gslingacademy.com,male,False,3,True,33,Scientist,85,92,91,98,87,89,86
2595,Rebecca,Griffin,rebecca.griffin.2595@gslingacademy.com,female,True,0,False,28,Scientist,81,68,91,90,100,99,73
2596,Larry,Hamilton,larry.hamilton.2596@gslingacademy.com,male,False,1,False,34,Scientist,76,99,92,80,90,95,78
2597,Latoya,Kim,latoya.kim.2597@gslingacademy.com,female,False,2,True,33,Scientist,100,65,92,94,92,80,80
2598,Lillian,Willis,lillian.willis.2598@gslingacademy.com,female,False,1,True,31,Scientist,79,91,93,88,88,76,99
2599,Enrique,Brown,enrique.brown.2599@gslingacademy.com,male,False,6,True,32,Scientist,82,91,91,94,87,80,76
2600,Shannon,Newman,shannon.newman.2600@gslingacademy.com,female,False,6,False,31,Scientist,95,94,94,100,92,100,87
2601,Carla,Harris,carla.harris.2601@gslingacademy.com,female,False,5,True,33,Scientist,100,99,79,100,94,80,78
2602,Corey,Atkins,corey.atkins.2602@gslingacademy.com,male,False,4,False,34,Scientist,100,63,96,92,94,97,72
2603,Angelica,Rios,angelica.rios.2603@gslingacademy.com,female,False,5,True,32,Scientist,83,90,84,84,83,65,82
2604,Eliana,Nielsen,eliana.nielsen.2604@gslingacademy.com,female,False,2,False,32,Scientist,79,76,100,80,87,79,75
2605,Colton,Hunter,colton.hunter.2605@gslingacademy.com,male,False,4,False,30,Scientist,86,90,90,98,89,65,77
2606,Isla,Payne,isla.payne.2606@gslingacademy.com,female,False,0,False,30,Scientist,68,72,90,84,91,95,69
2607,Victoria,Allen,victoria.allen.2607@gslingacademy.com,female,False,3,True,31,Scientist,78,71,90,91,89,63,81
2608,Tanya,Cox,tanya.cox.2608@gslingacademy.com,female,False,5,False,32,Scientist,87,74,97,86,88,80,64
2609,Hector,Taylor,hector.taylor.2609@gslingacademy.com,male,False,2,False,35,Scientist,99,100,89,88,84,88,94
2610,Lydia,Armstrong,lydia.armstrong.2610@gslingacademy.com,female,False,4,True,31,Scientist,93,88,89,95,77,79,93
2611,Rachel,Russell,rachel.russell.2611@gslingacademy.com,female,False,2,False,33,Scientist,89,72,100,86,94,81,69
2612,Kimberly,Brennan,kimberly.brennan.2612@gslingacademy.com,female,True,5,False,32,Scientist,79,84,99,92,85,95,82
2613,Clarence,Torres,clarence.torres.2613@gslingacademy.com,male,True,3,False,33,Scientist,96,74,81,85,86,79,70
2614,Lisa,Carlson,lisa.carlson.2614@gslingacademy.com,female,False,4,False,32,Scientist,84,78,89,95,80,80,86
2615,Melissa,Salinas,melissa.salinas.2615@gslingacademy.com,female,False,2,False,31,Scientist,94,70,93,92,96,85,82
2616,Martha,Greene,martha.greene.2616@gslingacademy.com,female,False,0,False,32,Scientist,94,74,92,94,96,100,76
2617,Albert,Hoffman,albert.hoffman.2617@gslingacademy.com,male,False,1,False,33,Scientist,76,100,89,82,84,71,83
2618,Leroy,Edwards,leroy.edwards.2618@gslingacademy.com,male,False,2,False,33,Scientist,100,74,88,90,95,100,97
2619,Lily,Davis,lily.davis.2619@gslingacademy.com,female,False,0,True,30,Scientist,73,50,100,82,85,63,60
2620,Liam,Greene,liam.greene.2620@gslingacademy.com,male,False,7,False,33,Scientist,87,92,91,100,96,100,94
2621,Arturo,Gordon,arturo.gordon.2621@gslingacademy.com,male,False,0,False,33,Scientist,86,75,92,92,83,81,89
2622,Cameron,Knight,cameron.knight.2622@gslingacademy.com,male,False,5,False,28,Scientist,79,64,95,82,91,72,70
2623,Clarence,Torres,clarence.torres.2623@gslingacademy.com,male,False,3,False,32,Scientist,83,78,100,84,86,81,81
2624,Marco,Sutton,marco.sutton.2624@gslingacademy.com,male,False,4,True,30,Scientist,93,83,89,95,84,87,75
2625,Cora,Douglas,cora.douglas.2625@gslingacademy.com,female,False,3,False,30,Scientist,83,63,97,89,95,85,70
2626,Eleanor,Allen,eleanor.allen.2626@gslingacademy.com,female,False,0,True,31,Scientist,87,88,95,87,83,86,97
2627,Russell,Richards,russell.richards.2627@gslingacademy.com,male,False,3,False,30,Scientist,95,75,99,98,95,98,75
2628,Devin,Curtis,devin.curtis.2628@gslingacademy.com,male,False,4,False,31,Scientist,80,83,84,90,93,82,81
2629,Carter,Morales,carter.morales.2629@gslingacademy.com,male,False,3,True,31,Scientist,98,58,89,99,88,93,88
2630,Louis,Banks,louis.banks.2630@gslingacademy.com,male,False,2,False,31,Scientist,88,94,88,97,95,89,84
2631,Jamie,Warren,jamie.warren.2631@gslingacademy.com,male,False,3,False,32,Scientist,74,100,90,92,96,65,72
2632,Anita,Hughes,anita.hughes.2632@gslingacademy.com,female,False,2,True,33,Scientist,91,77,96,90,77,75,77
2633,Margarita,Carter,margarita.carter.2633@gslingacademy.com,female,False,0,False,29,Scientist,89,85,89,91,89,100,100
2634,Colton,Nolan,colton.nolan.2634@gslingacademy.com,male,False,4,True,32,Scientist,88,89,90,87,81,63,89
2635,Ricky,Bush,ricky.bush.2635@gslingacademy.com,male,False,6,True,29,Scientist,75,83,82,88,93,65,70
2636,Jorge,Harris,jorge.harris.2636@gslingacademy.com,male,False,3,False,31,Scientist,83,83,85,95,89,85,77
2637,Cameron,Cabrera,cameron.cabrera.2637@gslingacademy.com,male,False,3,False,32,Scientist,93,90,91,93,94,88,84
2638,Deanna,Guzman,deanna.guzman.2638@gslingacademy.com,female,False,4,False,33,Scientist,95,94,96,97,92,90,92
2639,Connor,Mcguire,connor.mcguire.2639@gslingacademy.com,male,False,1,False,35,Scientist,88,95,86,81,89,96,95
2640,Matthew,Hamilton,matthew.hamilton.2640@gslingacademy.com,male,False,1,False,31,Scientist,98,75,91,93,80,80,99
2641,Antoinette,Santiago,antoinette.santiago.2641@gslingacademy.com,female,False,5,False,35,Scientist,74,97,95,88,83,89,81
2642,Abraham,Lawrence,abraham.lawrence.2642@gslingacademy.com,male,False,4,True,30,Scientist,84,66,80,84,85,92,75
2643,Connor,Henry,connor.henry.2643@gslingacademy.com,male,False,1,False,34,Scientist,90,86,93,98,89,80,75
2644,Carla,Reyes,carla.reyes.2644@gslingacademy.com,female,False,3,False,30,Scientist,93,71,99,90,97,74,78
2645,Carl,Browning,carl.browning.2645@gslingacademy.com,male,False,6,False,31,Scientist,88,78,89,90,100,82,59
2646,Dawn,Mitchell,dawn.mitchell.2646@gslingacademy.com,female,False,4,True,30,Scientist,79,54,84,91,83,85,71
2647,Mila,Malcolm,mila.malcolm.2647@gslingacademy.com,female,False,0,False,31,Scientist,83,80,92,84,97,77,87
2648,Aubree,Montgomery,aubree.montgomery.2648@gslingacademy.com,female,False,3,False,28,Scientist,75,57,100,79,85,61,68
2649,Ariana,Mueller,ariana.mueller.2649@gslingacademy.com,female,False,7,False,33,Scientist,98,89,85,96,87,81,79
2650,Emma,Bender,emma.bender.2650@gslingacademy.com,female,False,3,False,34,Scientist,82,100,100,96,95,70,85
2651,Marissa,Patel,marissa.patel.2651@gslingacademy.com,female,False,1,False,32,Scientist,78,76,94,93,86,85,79
2652,Arthur,Dunn,arthur.dunn.2652@gslingacademy.com,male,False,3,False,30,Scientist,87,65,96,88,69,65,79
2653,David,Hanson,david.hanson.2653@gslingacademy.com,male,False,4,False,31,Scientist,77,77,94,97,77,80,74
2654,Diana,Cruz,diana.cruz.2654@gslingacademy.com,female,False,2,True,34,Scientist,84,82,82,75,81,82,90
2655,Lindsay,Howard,lindsay.howard.2655@gslingacademy.com,female,False,0,True,31,Scientist,92,92,88,88,90,66,88
2656,Joshua,Vargas,joshua.vargas.2656@gslingacademy.com,male,False,2,False,31,Scientist,88,90,99,94,94,85,96
2657,Eva,Randolph,eva.randolph.2657@gslingacademy.com,female,False,1,False,31,Scientist,81,86,90,96,87,75,91
2658,Brandon,Conrad,brandon.conrad.2658@gslingacademy.com,male,False,0,False,34,Scientist,89,89,91,90,88,77,100
2659,Isaac,Thomas,isaac.thomas.2659@gslingacademy.com,male,False,0,False,33,Scientist,84,71,100,91,92,81,98
2660,Alice,Grant,alice.grant.2660@gslingacademy.com,female,True,1,False,30,Scientist,91,73,99,87,90,84,67
2661,Chloe,Randolph,chloe.randolph.2661@gslingacademy.com,female,True,5,False,29,Scientist,78,60,96,89,79,72,84
2662,Dylan,Nguyen,dylan.nguyen.2662@gslingacademy.com,male,False,0,True,31,Scientist,100,69,97,96,90,83,82
2663,Ariana,Rollins,ariana.rollins.2663@gslingacademy.com,female,False,3,False,31,Scientist,83,77,86,87,91,74,69
2664,Kaylee,Mccann,kaylee.mccann.2664@gslingacademy.com,female,False,0,False,32,Scientist,91,67,100,86,80,72,84
2665,Jenna,Little,jenna.little.2665@gslingacademy.com,female,False,5,False,33,Scientist,93,57,84,88,90,73,84
2666,Diego,Holt,diego.holt.2666@gslingacademy.com,male,False,1,False,29,Scientist,84,63,97,88,85,96,87
2667,Harold,Castillo,harold.castillo.2667@gslingacademy.com,male,True,2,False,34,Scientist,91,71,84,86,91,96,74
2668,Leslie,Keller,leslie.keller.2668@gslingacademy.com,female,False,1,False,30,Scientist,70,81,89,90,79,50,78
2669,Lucas,Beard,lucas.beard.2669@gslingacademy.com,male,False,6,False,34,Scientist,89,71,83,97,85,79,92
2670,Miriam,Taylor,miriam.taylor.2670@gslingacademy.com,female,False,2,False,33,Scientist,100,73,90,82,91,80,84
2671,Bryce,Powell,bryce.powell.2671@gslingacademy.com,male,False,3,False,31,Scientist,79,58,99,84,85,96,79
2672,Velma,Valencia,velma.valencia.2672@gslingacademy.com,female,False,2,False,29,Scientist,85,70,98,87,84,94,83
2673,Tyler,Klein,tyler.klein.2673@gslingacademy.com,male,False,0,False,34,Scientist,83,75,88,89,89,100,71
2674,Evan,Houston,evan.houston.2674@gslingacademy.com,male,False,2,False,34,Scientist,94,82,81,91,80,88,99
2675,Peter,Werner,peter.werner.2675@gslingacademy.com,male,False,0,False,33,Scientist,91,100,76,93,97,97,100
2676,Benjamin,Freeman,benjamin.freeman.2676@gslingacademy.com,male,False,3,False,31,Scientist,91,57,96,90,89,81,78
2677,Laura,Dean,laura.dean.2677@gslingacademy.com,female,False,3,True,32,Scientist,98,85,83,97,87,99,91
2678,Roy,Kirby,roy.kirby.2678@gslingacademy.com,male,False,1,False,33,Scientist,68,81,84,84,82,52,77
2679,Dawn,May,dawn.may.2679@gslingacademy.com,female,False,5,False,34,Scientist,93,87,88,99,90,83,86
2680,Casey,Pierce,casey.pierce.2680@gslingacademy.com,male,False,5,False,33,Scientist,92,71,83,88,88,82,84
2681,Jordan,Rios,jordan.rios.2681@gslingacademy.com,male,False,3,True,31,Scientist,85,71,92,100,85,89,100
2682,Diego,Coleman,diego.coleman.2682@gslingacademy.com,male,False,3,False,29,Scientist,90,67,97,99,85,81,81
2683,Enrique,Austin,enrique.austin.2683@gslingacademy.com,male,False,3,True,32,Scientist,89,79,93,96,85,84,78
2684,Reed,Gray,reed.gray.2684@gslingacademy.com,male,False,5,False,32,Scientist,81,84,100,87,98,98,78
2685,Katelyn,Jensen,katelyn.jensen.2685@gslingacademy.com,female,False,4,False,33,Scientist,82,89,88,90,82,83,90
2686,Mario,Willis,mario.willis.2686@gslingacademy.com,male,False,0,True,30,Scientist,77,55,96,85,87,66,72
2687,Andre,Bush,andre.bush.2687@gslingacademy.com,male,False,3,True,30,Scientist,78,89,91,92,86,77,74
2688,Jennie,Nielsen,jennie.nielsen.2688@gslingacademy.com,female,False,3,True,31,Scientist,80,61,98,94,82,79,79
2689,Patrick,Vance,patrick.vance.2689@gslingacademy.com,male,False,2,False,29,Scientist,82,78,93,81,85,69,74
2690,Violet,Washington,violet.washington.2690@gslingacademy.com,female,False,4,False,26,Scientist,76,89,86,91,86,86,74
2691,Leona,Stephens,leona.stephens.2691@gslingacademy.com,female,False,1,True,30,Scientist,77,74,83,76,81,86,79
2692,Albert,Bush,albert.bush.2692@gslingacademy.com,male,False,5,True,30,Scientist,89,71,92,93,92,77,69
2693,Michael,Calhoun,michael.calhoun.2693@gslingacademy.com,male,False,2,False,31,Scientist,80,76,95,92,94,74,69
2694,Kyle,Kim,kyle.kim.2694@gslingacademy.com,male,False,0,True,29,Scientist,77,80,96,98,92,78,94
2695,Marco,Potter,marco.potter.2695@gslingacademy.com,male,True,0,True,30,Scientist,94,69,86,86,84,71,94
2696,Jeffrey,Miller,jeffrey.miller.2696@gslingacademy.com,male,False,4,True,33,Scientist,91,70,89,90,85,78,84
2697,Tonya,Harrison,tonya.harrison.2697@gslingacademy.com,female,False,0,True,29,Scientist,94,74,90,88,85,67,92
2698,Serenity,Cooper,serenity.cooper.2698@gslingacademy.com,female,False,5,True,34,Scientist,94,68,88,99,91,60,62
2699,Curtis,Crawford,curtis.crawford.2699@gslingacademy.com,male,False,6,True,30,Scientist,95,60,91,94,85,63,77
2700,George,Johnston,george.johnston.2700@gslingacademy.com,male,False,4,False,32,Scientist,82,69,100,82,78,56,76
2701,Jason,Williams,jason.williams.2701@gslingacademy.com,male,False,3,False,34,Banker,100,77,80,94,63,90,90
2702,Phyllis,Diaz,phyllis.diaz.2702@gslingacademy.com,female,False,1,False,24,Banker,99,84,84,78,78,77,68
2703,Miguel,Martinez,miguel.martinez.2703@gslingacademy.com,male,False,4,False,21,Banker,77,64,64,88,94,82,78
2704,Lindsay,Pruitt,lindsay.pruitt.2704@gslingacademy.com,female,False,3,False,32,Banker,90,96,86,61,89,98,68
2705,David,Vaughn,david.vaughn.2705@gslingacademy.com,male,True,2,False,18,Banker,94,78,73,97,67,78,99
2706,Veronica,Cameron,veronica.cameron.2706@gslingacademy.com,female,False,1,False,34,Banker,83,97,65,88,67,95,69
2707,Raymond,Shea,raymond.shea.2707@gslingacademy.com,male,False,10,True,22,Banker,99,81,96,69,91,87,83
2708,Kelsey,Brown,kelsey.brown.2708@gslingacademy.com,female,False,1,False,22,Banker,92,75,65,97,61,76,81
2709,Chelsea,Obrien,chelsea.obrien.2709@gslingacademy.com,female,True,4,False,16,Banker,95,82,66,63,67,92,69
2710,David,Patel,david.patel.2710@gslingacademy.com,male,False,2,False,12,Banker,85,65,60,78,81,96,76
2711,Michelle,Hill,michelle.hill.2711@gslingacademy.com,female,False,1,True,11,Banker,79,97,76,67,61,90,95
2712,Traci,Boyd,traci.boyd.2712@gslingacademy.com,female,False,3,False,26,Banker,76,94,77,88,85,91,61
2713,Amanda,Willis,amanda.willis.2713@gslingacademy.com,female,False,2,False,22,Banker,75,83,70,71,86,95,76
2714,Tammy,Miller,tammy.miller.2714@gslingacademy.com,female,False,3,False,17,Banker,84,62,92,74,73,98,91
2715,Samantha,Maldonado,samantha.maldonado.2715@gslingacademy.com,female,False,4,False,33,Banker,82,71,93,90,90,76,97
2716,Marie,Martin,marie.martin.2716@gslingacademy.com,female,False,5,False,29,Banker,75,88,65,80,76,94,97
2717,Joseph,Morris,joseph.morris.2717@gslingacademy.com,male,False,6,True,34,Banker,99,88,72,76,68,92,72
2718,Heidi,Jones,heidi.jones.2718@gslingacademy.com,female,False,6,False,16,Banker,75,95,84,87,78,82,86
2719,Jeremy,Daniels,jeremy.daniels.2719@gslingacademy.com,male,True,1,False,27,Banker,86,78,61,71,94,92,65
2720,Patricia,Gonzalez,patricia.gonzalez.2720@gslingacademy.com,female,False,3,True,15,Banker,100,86,74,96,80,99,76
2721,Rachel,Hamilton,rachel.hamilton.2721@gslingacademy.com,female,False,7,False,17,Banker,94,64,100,71,84,92,99
2722,Ricardo,Macias,ricardo.macias.2722@gslingacademy.com,male,False,3,False,10,Banker,95,60,87,71,91,84,98
2723,Brenda,Nichols,brenda.nichols.2723@gslingacademy.com,female,False,2,False,12,Banker,95,82,93,99,66,93,86
2724,Heather,Faulkner,heather.faulkner.2724@gslingacademy.com,female,False,10,False,26,Banker,77,62,97,82,74,98,95
2725,Sabrina,Hall,sabrina.hall.2725@gslingacademy.com,female,False,3,False,34,Banker,77,60,61,91,62,78,91
2726,Dawn,Gomez,dawn.gomez.2726@gslingacademy.com,female,True,3,False,24,Banker,85,74,65,76,100,95,68
2727,Kristin,Johnson,kristin.johnson.2727@gslingacademy.com,female,False,7,False,33,Banker,89,76,95,83,84,96,61
2728,Teresa,Stafford,teresa.stafford.2728@gslingacademy.com,female,False,1,False,20,Banker,84,92,63,91,89,92,76
2729,Deborah,Miller,deborah.miller.2729@gslingacademy.com,female,False,3,False,17,Banker,86,61,68,91,60,86,62
2730,Rhonda,Bradley,rhonda.bradley.2730@gslingacademy.com,female,False,3,False,16,Banker,78,89,68,63,81,92,97
2731,Monique,Peterson,monique.peterson.2731@gslingacademy.com,female,False,0,False,14,Banker,90,69,81,92,65,89,69
2732,Jill,Mathews,jill.mathews.2732@gslingacademy.com,female,False,2,True,32,Banker,87,87,76,67,68,89,77
2733,Allen,Booth,allen.booth.2733@gslingacademy.com,male,True,4,True,26,Banker,83,71,94,60,63,93,67
2734,Tammy,Fields,tammy.fields.2734@gslingacademy.com,female,False,5,True,24,Banker,100,96,97,64,76,77,61
2735,John,Martinez,john.martinez.2735@gslingacademy.com,male,False,4,False,30,Banker,91,79,78,95,86,89,100
2736,Angela,Joyce,angela.joyce.2736@gslingacademy.com,female,False,5,False,28,Banker,92,100,100,98,83,75,72
2737,Michael,Mercer,michael.mercer.2737@gslingacademy.com,male,False,5,False,22,Banker,97,87,90,70,96,75,93
2738,Carlos,Ramirez,carlos.ramirez.2738@gslingacademy.com,male,False,1,False,30,Banker,75,92,72,88,92,77,84
2739,Jessica,Hutchinson,jessica.hutchinson.2739@gslingacademy.com,female,False,2,False,31,Banker,89,91,85,69,76,92,94
2740,Tanya,Green,tanya.green.2740@gslingacademy.com,female,False,6,False,21,Banker,79,65,91,65,61,88,95
2741,Melinda,Freeman,melinda.freeman.2741@gslingacademy.com,female,False,3,True,31,Banker,90,80,84,70,65,89,64
2742,Chelsea,Olson,chelsea.olson.2742@gslingacademy.com,female,False,4,False,30,Banker,77,95,77,84,60,90,89
2743,Emily,Huang,emily.huang.2743@gslingacademy.com,female,False,4,False,34,Banker,88,85,68,62,64,99,66
2744,Nicole,Davidson,nicole.davidson.2744@gslingacademy.com,female,False,7,True,29,Banker,77,88,63,87,71,93,84
2745,Tara,Griffin,tara.griffin.2745@gslingacademy.com,female,True,5,True,31,Banker,93,99,79,78,64,87,76
2746,Lisa,Lloyd,lisa.lloyd.2746@gslingacademy.com,female,True,4,False,13,Banker,94,89,74,75,73,78,61
2747,Elizabeth,Maldonado,elizabeth.maldonado.2747@gslingacademy.com,female,False,4,True,12,Banker,88,86,79,93,68,92,99
2748,Daniel,Mcneil,daniel.mcneil.2748@gslingacademy.com,male,False,6,False,23,Banker,94,92,61,87,61,94,69
2749,Dennis,Park,dennis.park.2749@gslingacademy.com,male,False,2,False,21,Banker,81,72,87,62,69,93,72
2750,Anthony,Armstrong,anthony.armstrong.2750@gslingacademy.com,male,False,2,False,11,Banker,96,87,99,65,98,79,93
2751,James,Carter,james.carter.2751@gslingacademy.com,male,True,10,False,25,Banker,82,74,84,74,86,81,100
2752,William,Kerr,william.kerr.2752@gslingacademy.com,male,False,4,False,15,Banker,89,63,73,83,74,91,83
2753,Jake,Gonzalez,jake.gonzalez.2753@gslingacademy.com,male,False,4,True,21,Banker,76,87,63,92,93,87,88
2754,Nicole,Perry,nicole.perry.2754@gslingacademy.com,female,False,2,False,13,Banker,82,67,94,88,86,89,98
2755,Ian,Scott,ian.scott.2755@gslingacademy.com,male,False,2,False,21,Banker,94,74,74,89,67,93,96
2756,Heather,Donaldson,heather.donaldson.2756@gslingacademy.com,female,False,2,False,32,Banker,77,64,69,60,92,76,74
2757,Robert,Campbell,robert.campbell.2757@gslingacademy.com,male,False,7,False,31,Banker,81,92,68,93,69,78,89
2758,Lisa,Mitchell,lisa.mitchell.2758@gslingacademy.com,female,False,3,True,35,Banker,87,99,99,100,98,96,94
2759,Michael,Williams,michael.williams.2759@gslingacademy.com,male,False,3,False,14,Banker,85,88,85,92,96,81,95
2760,Steven,Martin,steven.martin.2760@gslingacademy.com,male,False,5,True,11,Banker,81,71,76,95,99,85,71
2761,Tina,Bowers,tina.bowers.2761@gslingacademy.com,female,False,9,False,10,Banker,95,88,62,85,82,94,73
2762,Rebecca,Mckay,rebecca.mckay.2762@gslingacademy.com,female,False,1,False,27,Banker,88,82,90,94,99,78,65
2763,Holly,Sanchez,holly.sanchez.2763@gslingacademy.com,female,False,6,False,19,Banker,84,85,83,69,82,91,69
2764,Elizabeth,Smith,elizabeth.smith.2764@gslingacademy.com,female,False,1,False,13,Banker,82,87,98,73,74,89,66
2765,Jennifer,Gonzalez,jennifer.gonzalez.2765@gslingacademy.com,female,False,4,True,12,Banker,97,77,66,93,99,78,91
2766,Carl,Ferguson,carl.ferguson.2766@gslingacademy.com,male,False,3,False,21,Banker,77,93,69,75,88,81,89
2767,Gary,Gentry,gary.gentry.2767@gslingacademy.com,male,False,6,True,18,Banker,85,74,79,82,71,87,67
2768,Patrick,West,patrick.west.2768@gslingacademy.com,male,False,3,False,15,Banker,89,76,84,93,64,86,95
2769,Melissa,Richard,melissa.richard.2769@gslingacademy.com,female,False,1,False,12,Banker,83,69,93,60,98,83,88
2770,Shannon,Johnson,shannon.johnson.2770@gslingacademy.com,female,False,2,False,24,Banker,90,98,89,78,74,93,65
2771,Scott,Jacobson,scott.jacobson.2771@gslingacademy.com,male,False,2,True,12,Banker,81,68,97,86,90,78,80
2772,Arthur,Harris,arthur.harris.2772@gslingacademy.com,male,False,1,False,31,Banker,90,100,76,76,84,79,84
2773,Denise,Rodriguez,denise.rodriguez.2773@gslingacademy.com,female,False,0,True,29,Banker,89,66,72,77,79,95,92
2774,Jordan,Boyd,jordan.boyd.2774@gslingacademy.com,female,False,4,False,32,Banker,91,94,81,61,61,82,73
2775,April,Greene,april.greene.2775@gslingacademy.com,female,False,3,False,22,Banker,96,75,79,72,69,94,64
2776,Katherine,Donaldson,katherine.donaldson.2776@gslingacademy.com,female,False,2,False,28,Banker,87,76,87,98,61,92,81
2777,Harold,Daniels,harold.daniels.2777@gslingacademy.com,male,False,2,False,31,Banker,79,70,82,63,90,89,96
2778,Jeffrey,Knight,jeffrey.knight.2778@gslingacademy.com,male,False,2,False,15,Banker,93,84,86,82,62,87,84
2779,Anne,Johnston,anne.johnston.2779@gslingacademy.com,female,False,1,False,18,Banker,75,66,61,69,68,96,63
2780,Patrick,Clark,patrick.clark.2780@gslingacademy.com,male,False,7,False,16,Banker,92,60,76,61,94,93,94
2781,Kenneth,Sparks,kenneth.sparks.2781@gslingacademy.com,male,False,3,False,24,Banker,99,77,82,60,88,91,93
2782,Debra,Walter,debra.walter.2782@gslingacademy.com,female,False,3,True,25,Banker,90,97,64,64,61,81,93
2783,Kenneth,Gilbert,kenneth.gilbert.2783@gslingacademy.com,male,False,7,False,34,Banker,75,88,71,62,90,78,95
2784,Thomas,George,thomas.george.2784@gslingacademy.com,male,False,0,False,12,Banker,83,81,96,96,62,82,77
2785,Charles,Torres,charles.torres.2785@gslingacademy.com,male,False,2,False,24,Banker,84,63,98,70,92,78,93
2786,Jonathan,Finley,jonathan.finley.2786@gslingacademy.com,male,False,2,True,29,Banker,89,71,77,88,66,80,87
2787,Melissa,Terry,melissa.terry.2787@gslingacademy.com,female,True,1,True,15,Banker,96,87,64,88,64,92,77
2788,Mallory,Collins,mallory.collins.2788@gslingacademy.com,female,False,8,True,28,Banker,76,69,86,72,71,79,63
2789,Matthew,Aguilar,matthew.aguilar.2789@gslingacademy.com,male,False,2,False,11,Banker,88,98,81,61,62,96,60
2790,Kathryn,Powell,kathryn.powell.2790@gslingacademy.com,female,False,8,False,11,Banker,97,66,76,80,81,82,64
2791,Scott,Bishop,scott.bishop.2791@gslingacademy.com,male,False,6,False,10,Banker,84,94,60,83,97,75,97
2792,Terry,Dean,terry.dean.2792@gslingacademy.com,male,True,1,False,20,Banker,82,70,86,66,97,93,91
2793,Anthony,Clark,anthony.clark.2793@gslingacademy.com,male,False,3,False,24,Banker,80,66,67,72,78,99,67
2794,Tracy,Garcia,tracy.garcia.2794@gslingacademy.com,female,False,5,False,28,Banker,92,77,75,84,74,82,78
2795,Jill,Anderson,jill.anderson.2795@gslingacademy.com,female,False,1,True,28,Banker,94,66,68,94,62,76,77
2796,David,Fields,david.fields.2796@gslingacademy.com,male,False,4,True,10,Banker,92,65,81,79,84,85,74
2797,Danielle,Tran,danielle.tran.2797@gslingacademy.com,female,True,1,True,26,Banker,79,100,79,60,100,84,93
2798,Autumn,Barrett,autumn.barrett.2798@gslingacademy.com,female,False,2,False,24,Banker,77,66,61,98,90,95,73
2799,Jennifer,Landry,jennifer.landry.2799@gslingacademy.com,female,False,5,False,24,Banker,89,100,90,81,86,80,92
2800,Stephanie,Rodriguez,stephanie.rodriguez.2800@gslingacademy.com,female,False,2,False,15,Banker,92,65,88,78,67,95,96
2801,Kristen,Evans,kristen.evans.2801@gslingacademy.com,female,False,5,False,32,Banker,85,62,92,89,92,75,78
2802,Lucas,Jenkins,lucas.jenkins.2802@gslingacademy.com,male,False,0,False,35,Banker,93,89,88,86,85,89,95
2803,Rebecca,Daniel,rebecca.daniel.2803@gslingacademy.com,female,False,2,False,34,Banker,84,74,90,99,90,92,72
2804,Timothy,Bailey,timothy.bailey.2804@gslingacademy.com,male,False,1,False,22,Banker,87,90,80,88,71,95,81
2805,Nicole,Harris,nicole.harris.2805@gslingacademy.com,female,False,6,False,27,Banker,96,72,66,80,72,83,98
2806,Robin,Leonard,robin.leonard.2806@gslingacademy.com,female,False,5,False,14,Banker,99,72,74,88,90,81,95
2807,Samuel,Becker,samuel.becker.2807@gslingacademy.com,male,False,2,False,31,Banker,89,99,89,71,74,94,78
2808,Angela,King,angela.king.2808@gslingacademy.com,female,False,3,False,11,Banker,76,82,74,79,81,93,72
2809,Debra,Reynolds,debra.reynolds.2809@gslingacademy.com,female,False,1,False,15,Banker,96,95,67,88,68,93,75
2810,Steven,Richardson,steven.richardson.2810@gslingacademy.com,male,False,2,False,20,Banker,94,88,78,99,65,76,68
2811,Laura,Campbell,laura.campbell.2811@gslingacademy.com,female,True,2,False,13,Banker,78,89,83,80,67,90,93
2812,Angela,Moran,angela.moran.2812@gslingacademy.com,female,False,5,False,26,Banker,97,84,70,90,97,95,87
2813,Jennifer,Ford,jennifer.ford.2813@gslingacademy.com,female,False,4,False,30,Banker,81,85,64,61,86,80,83
2814,Kathryn,Rivera,kathryn.rivera.2814@gslingacademy.com,female,True,1,False,35,Banker,89,94,92,98,92,92,99
2815,Javier,Macdonald,javier.macdonald.2815@gslingacademy.com,male,False,4,False,32,Banker,93,97,93,66,83,88,79
2816,Calvin,Taylor,calvin.taylor.2816@gslingacademy.com,male,False,3,False,14,Banker,76,97,99,83,74,94,99
2817,Jennifer,Contreras,jennifer.contreras.2817@gslingacademy.com,female,False,4,False,26,Banker,80,78,71,69,76,97,77
2818,Brian,Hess,brian.hess.2818@gslingacademy.com,male,False,1,False,35,Banker,85,93,85,91,86,94,89
2819,Olivia,Garza,olivia.garza.2819@gslingacademy.com,female,False,1,False,26,Banker,90,77,84,70,77,86,70
2820,Katelyn,Roman,katelyn.roman.2820@gslingacademy.com,female,False,6,True,25,Banker,93,60,71,63,75,76,77
2821,Shelby,Lewis,shelby.lewis.2821@gslingacademy.com,female,False,1,True,16,Banker,95,79,85,73,74,86,68
2822,Jennifer,Martin,jennifer.martin.2822@gslingacademy.com,female,False,3,False,15,Banker,85,76,94,89,85,83,80
2823,Sarah,Snow,sarah.snow.2823@gslingacademy.com,female,False,9,False,21,Banker,100,73,70,71,73,96,67
2824,Frederick,Lopez,frederick.lopez.2824@gslingacademy.com,male,False,5,False,26,Banker,90,69,75,98,70,75,80
2825,Stephanie,Jones,stephanie.jones.2825@gslingacademy.com,female,False,3,False,23,Banker,83,69,66,95,93,77,77
2826,Thomas,Stone,thomas.stone.2826@gslingacademy.com,male,False,3,False,32,Banker,76,85,62,65,79,81,61
2827,Cassandra,Mills,cassandra.mills.2827@gslingacademy.com,female,False,5,False,35,Banker,89,86,96,92,97,89,95
2828,Kevin,Turner,kevin.turner.2828@gslingacademy.com,male,True,3,False,18,Banker,95,91,74,61,94,86,87
2829,Meghan,Lewis,meghan.lewis.2829@gslingacademy.com,female,False,1,False,17,Banker,88,100,71,85,72,91,81
2830,Jonathan,Carter,jonathan.carter.2830@gslingacademy.com,male,False,7,True,12,Banker,97,64,90,69,88,83,77
2831,Christina,Nguyen,christina.nguyen.2831@gslingacademy.com,female,False,1,True,31,Banker,77,93,65,68,71,75,76
2832,Julie,Adkins,julie.adkins.2832@gslingacademy.com,female,False,8,False,14,Banker,78,75,82,91,86,76,69
2833,Derrick,Tucker,derrick.tucker.2833@gslingacademy.com,male,False,2,False,21,Banker,100,77,90,83,88,91,80
2834,Tamara,Bennett,tamara.bennett.2834@gslingacademy.com,female,False,10,False,25,Banker,93,92,71,89,91,76,61
2835,Cynthia,Miller,cynthia.miller.2835@gslingacademy.com,female,True,5,False,32,Banker,99,61,76,95,79,78,66
2836,Bobby,Miller,bobby.miller.2836@gslingacademy.com,male,False,0,True,14,Banker,81,99,85,72,67,78,69
2837,Madeline,Hart,madeline.hart.2837@gslingacademy.com,female,False,1,True,21,Banker,75,93,66,63,68,91,99
2838,Rachael,Perry,rachael.perry.2838@gslingacademy.com,female,False,2,False,21,Banker,75,67,64,80,79,77,80
2839,Kendra,Perez,kendra.perez.2839@gslingacademy.com,female,True,6,False,18,Banker,77,90,74,65,100,76,80
2840,Kyle,Rubio,kyle.rubio.2840@gslingacademy.com,male,False,3,False,16,Banker,79,100,72,89,68,99,76
2841,Tammy,Morris,tammy.morris.2841@gslingacademy.com,female,False,3,False,25,Banker,94,76,100,60,80,94,61
2842,Kimberly,Bates,kimberly.bates.2842@gslingacademy.com,female,False,3,False,23,Banker,95,83,94,83,75,99,75
2843,John,Benson,john.benson.2843@gslingacademy.com,male,False,5,False,16,Banker,98,75,69,65,67,79,72
2844,Lisa,Sosa,lisa.sosa.2844@gslingacademy.com,female,False,1,True,11,Banker,99,91,73,77,81,75,90
2845,Justin,Ryan,justin.ryan.2845@gslingacademy.com,male,True,1,False,32,Banker,92,69,92,91,82,89,69
2846,Misty,Anderson,misty.anderson.2846@gslingacademy.com,female,False,3,False,18,Banker,85,95,77,71,75,95,94
2847,Morgan,Cisneros,morgan.cisneros.2847@gslingacademy.com,female,False,5,False,10,Banker,81,77,88,92,65,92,87
2848,Lisa,Estes,lisa.estes.2848@gslingacademy.com,female,False,0,False,10,Banker,81,92,76,81,73,92,63
2849,Laura,Wright,laura.wright.2849@gslingacademy.com,female,False,2,False,16,Banker,99,99,90,63,63,77,60
2850,Melissa,Harris,melissa.harris.2850@gslingacademy.com,female,False,5,False,12,Banker,86,87,72,66,94,78,94
2851,Andrew,Nunez,andrew.nunez.2851@gslingacademy.com,male,False,1,False,20,Banker,89,92,75,85,65,81,69
2852,Michael,Mccall,michael.mccall.2852@gslingacademy.com,male,False,1,False,14,Banker,78,66,92,61,98,76,99
2853,Peter,Santos,peter.santos.2853@gslingacademy.com,male,False,2,True,11,Banker,81,85,91,94,97,93,65
2854,Kyle,Rodriguez,kyle.rodriguez.2854@gslingacademy.com,male,False,0,False,19,Banker,97,95,91,97,96,90,67
2855,Nathan,Fitzpatrick,nathan.fitzpatrick.2855@gslingacademy.com,male,False,1,False,14,Banker,91,65,75,60,93,79,82
2856,Andrew,Reed,andrew.reed.2856@gslingacademy.com,male,False,3,False,35,Banker,87,93,88,97,91,88,88
2857,Gina,Gilbert,gina.gilbert.2857@gslingacademy.com,female,False,3,False,32,Banker,85,84,66,66,78,98,69
2858,Amy,Morrow,amy.morrow.2858@gslingacademy.com,female,False,5,True,14,Banker,87,64,68,60,81,75,67
2859,Amanda,Green,amanda.green.2859@gslingacademy.com,female,False,4,False,28,Banker,79,87,98,87,99,94,88
2860,Kara,Coleman,kara.coleman.2860@gslingacademy.com,female,False,4,True,16,Banker,96,70,65,63,97,97,98
2861,Daniel,Martin,daniel.martin.2861@gslingacademy.com,male,False,1,True,20,Banker,85,96,71,67,98,92,91
2862,Sydney,Clay,sydney.clay.2862@gslingacademy.com,female,False,6,False,14,Banker,94,96,94,99,67,98,67
2863,Anita,Gonzalez,anita.gonzalez.2863@gslingacademy.com,female,False,2,True,24,Banker,99,84,94,76,62,79,67
2864,Pamela,Smith,pamela.smith.2864@gslingacademy.com,female,False,0,True,19,Banker,83,70,72,65,63,88,94
2865,Kimberly,Swanson,kimberly.swanson.2865@gslingacademy.com,female,False,2,True,19,Banker,75,88,71,80,65,85,60
2866,Dwayne,Sims,dwayne.sims.2866@gslingacademy.com,male,False,6,True,11,Banker,77,97,88,89,74,95,64
2867,Mary,Jackson,mary.jackson.2867@gslingacademy.com,female,False,2,False,21,Banker,92,77,91,79,98,77,87
2868,Joshua,Stuart,joshua.stuart.2868@gslingacademy.com,male,True,3,False,18,Banker,79,68,64,68,97,78,84
2869,John,Peterson,john.peterson.2869@gslingacademy.com,male,False,2,True,12,Banker,79,83,76,99,100,84,71
2870,Dolores,Walter,dolores.walter.2870@gslingacademy.com,female,False,0,False,20,Banker,84,84,83,100,66,74,53
2871,Miguel,Morris,miguel.morris.2871@gslingacademy.com,male,False,4,False,4,Banker,82,92,66,92,84,83,84
2872,Alfred,Collier,alfred.collier.2872@gslingacademy.com,male,False,4,False,27,Banker,80,79,69,85,83,77,82
2873,Nina,Morrison,nina.morrison.2873@gslingacademy.com,female,False,6,False,27,Banker,78,82,69,74,86,93,65
2874,Marcia,Taylor,marcia.taylor.2874@gslingacademy.com,female,True,0,True,23,Banker,76,96,69,75,85,96,71
2875,Anthony,Atkins,anthony.atkins.2875@gslingacademy.com,male,False,4,True,19,Banker,87,73,73,89,77,91,86
2876,Roy,Stein,roy.stein.2876@gslingacademy.com,male,False,3,False,30,Banker,87,98,79,76,69,86,95
2877,Stanley,Moore,stanley.moore.2877@gslingacademy.com,male,False,4,False,25,Banker,81,66,75,71,68,80,98
2878,Delilah,Parsons,delilah.parsons.2878@gslingacademy.com,female,False,4,False,10,Banker,90,100,73,79,82,84,75
2879,Jackson,Moore,jackson.moore.2879@gslingacademy.com,male,False,4,False,26,Banker,93,80,78,94,54,78,81
2880,Clayton,Acevedo,clayton.acevedo.2880@gslingacademy.com,male,True,1,False,4,Banker,96,93,90,54,87,81,81
2881,Jaime,Schmidt,jaime.schmidt.2881@gslingacademy.com,male,False,5,True,13,Banker,88,63,75,98,90,92,62
2882,Ella,Foster,ella.foster.2882@gslingacademy.com,female,False,0,False,24,Banker,84,71,73,88,69,84,82
2883,Phillip,Guzman,phillip.guzman.2883@gslingacademy.com,male,False,6,False,14,Banker,83,91,75,80,87,79,82
2884,Jack,Kelley,jack.kelley.2884@gslingacademy.com,male,False,3,False,25,Banker,74,92,84,79,100,85,86
2885,Alfred,Butler,alfred.butler.2885@gslingacademy.com,male,False,0,False,28,Banker,78,87,78,88,42,91,70
2886,Noah,Craig,noah.craig.2886@gslingacademy.com,male,False,3,False,18,Banker,96,76,75,82,72,81,76
2887,Reagan,Rollins,reagan.rollins.2887@gslingacademy.com,female,False,5,False,19,Banker,87,78,80,69,66,100,79
2888,Robert,Hammond,robert.hammond.2888@gslingacademy.com,male,False,0,False,6,Banker,95,74,79,71,85,100,71
2889,Malik,Hodge,malik.hodge.2889@gslingacademy.com,male,False,2,True,21,Banker,80,83,63,100,83,80,77
2890,Aubree,Sandoval,aubree.sandoval.2890@gslingacademy.com,female,False,4,False,25,Banker,79,83,84,84,74,86,69
2891,Alexandra,Chavez,alexandra.chavez.2891@gslingacademy.com,female,False,0,False,32,Banker,78,82,61,74,58,86,80
2892,Tony,Poole,tony.poole.2892@gslingacademy.com,male,True,4,False,6,Banker,91,88,87,61,76,79,88
2893,Francisco,Allen,francisco.allen.2893@gslingacademy.com,male,False,2,False,26,Banker,82,58,79,100,67,95,86
2894,James,Winters,james.winters.2894@gslingacademy.com,male,False,0,False,16,Banker,81,92,98,86,66,91,72
2895,Diego,Rowe,diego.rowe.2895@gslingacademy.com,male,False,1,True,23,Banker,89,56,61,85,67,83,55
2896,Roy,Burgess,roy.burgess.2896@gslingacademy.com,male,False,3,False,31,Banker,75,100,68,76,69,86,75
2897,Ryan,Powers,ryan.powers.2897@gslingacademy.com,male,True,7,False,22,Banker,91,82,73,58,68,89,73
2898,George,Rose,george.rose.2898@gslingacademy.com,male,False,6,False,25,Banker,87,81,66,95,66,97,64
2899,Ava,Rasmussen,ava.rasmussen.2899@gslingacademy.com,female,False,2,False,17,Banker,99,94,85,99,63,99,68
2900,Elias,Zuniga,elias.zuniga.2900@gslingacademy.com,male,False,4,False,15,Banker,82,90,80,91,66,93,58
2901,Trinity,Stout,trinity.stout.2901@gslingacademy.com,female,False,0,False,25,Banker,91,100,83,77,53,87,57
2902,Marcos,Ross,marcos.ross.2902@gslingacademy.com,male,False,1,False,21,Banker,82,74,82,94,90,82,95
2903,Jennifer,Rios,jennifer.rios.2903@gslingacademy.com,female,False,3,False,19,Banker,78,79,73,96,77,85,59
2904,Justin,Estes,justin.estes.2904@gslingacademy.com,male,False,1,False,9,Banker,94,82,92,79,68,98,45
2905,Cecilia,Garrett,cecilia.garrett.2905@gslingacademy.com,female,False,10,False,23,Banker,87,100,86,85,77,92,69
2906,Chelsea,Kim,chelsea.kim.2906@gslingacademy.com,female,True,3,False,17,Banker,94,88,73,77,80,88,92
2907,Walter,Park,walter.park.2907@gslingacademy.com,male,False,0,False,11,Banker,90,82,79,85,81,98,76
2908,Elizabeth,Schmidt,elizabeth.schmidt.2908@gslingacademy.com,female,False,3,True,13,Banker,100,79,85,93,78,84,81
2909,Abraham,Barnett,abraham.barnett.2909@gslingacademy.com,male,False,6,False,26,Banker,88,64,55,74,68,83,68
2910,Laura,Hudson,laura.hudson.2910@gslingacademy.com,female,False,1,False,20,Banker,85,99,85,95,69,83,36
2911,Eleanor,Becker,eleanor.becker.2911@gslingacademy.com,female,False,2,False,34,Banker,89,80,77,99,75,79,89
2912,Sarah,Pearson,sarah.pearson.2912@gslingacademy.com,female,False,3,False,37,Banker,80,65,73,87,62,97,75
2913,Adam,Weiss,adam.weiss.2913@gslingacademy.com,male,False,2,False,19,Banker,100,74,74,74,87,100,94
2914,Lydia,Estes,lydia.estes.2914@gslingacademy.com,female,False,5,False,17,Banker,98,70,83,82,82,81,82
2915,Tiffany,Frazier,tiffany.frazier.2915@gslingacademy.com,female,False,5,False,29,Banker,71,88,85,69,100,93,96
2916,Trinity,Merritt,trinity.merritt.2916@gslingacademy.com,female,False,2,False,33,Banker,76,66,74,81,91,89,82
2917,Lily,Watson,lily.watson.2917@gslingacademy.com,female,False,5,False,17,Banker,87,89,87,80,74,74,99
2918,Clayton,Farley,clayton.farley.2918@gslingacademy.com,male,False,2,False,15,Banker,85,76,81,73,84,100,100
2919,David,Powell,david.powell.2919@gslingacademy.com,male,False,2,False,20,Banker,86,73,57,55,98,86,78
2920,Tammy,Ortega,tammy.ortega.2920@gslingacademy.com,female,False,4,False,18,Banker,88,74,56,71,85,94,68
2921,Emily,Dougherty,emily.dougherty.2921@gslingacademy.com,female,True,3,False,9,Banker,100,97,93,85,89,86,56
2922,Earl,Cohen,earl.cohen.2922@gslingacademy.com,male,False,2,False,11,Banker,91,86,92,66,83,77,74
2923,Shawna,Rivas,shawna.rivas.2923@gslingacademy.com,female,False,6,False,12,Banker,90,77,71,75,71,83,67
2924,Kristy,Mcdonald,kristy.mcdonald.2924@gslingacademy.com,female,False,6,False,14,Banker,80,64,83,68,53,90,84
2925,Brielle,Lam,brielle.lam.2925@gslingacademy.com,female,True,0,True,19,Banker,88,76,81,72,67,70,80
2926,Jennie,George,jennie.george.2926@gslingacademy.com,female,False,5,False,13,Banker,83,79,93,79,85,82,89
2927,Brayden,Bennett,brayden.bennett.2927@gslingacademy.com,male,False,2,False,19,Banker,88,100,83,62,70,82,75
2928,Catherine,Aguirre,catherine.aguirre.2928@gslingacademy.com,female,True,3,False,34,Banker,88,73,66,53,86,87,69
2929,Matthew,Ross,matthew.ross.2929@gslingacademy.com,male,False,4,False,24,Banker,81,80,56,57,81,81,93
2930,Bobby,Miranda,bobby.miranda.2930@gslingacademy.com,male,False,0,False,12,Banker,99,75,76,61,92,82,64
2931,Sophia,Miller,sophia.miller.2931@gslingacademy.com,female,False,1,False,23,Banker,86,100,72,69,76,100,74
2932,Caleb,Dominguez,caleb.dominguez.2932@gslingacademy.com,male,False,2,False,11,Banker,78,69,78,94,88,76,81
2933,Amy,James,amy.james.2933@gslingacademy.com,female,False,3,False,10,Banker,94,85,66,84,82,72,69
2934,Oliver,Porter,oliver.porter.2934@gslingacademy.com,male,False,1,True,13,Banker,98,77,100,100,80,70,94
2935,Angelica,Mcdonald,angelica.mcdonald.2935@gslingacademy.com,female,False,1,True,16,Banker,93,73,87,77,94,85,92
2936,Casey,Clemons,casey.clemons.2936@gslingacademy.com,male,False,3,True,22,Banker,75,80,68,93,59,100,63
2937,Katie,Preston,katie.preston.2937@gslingacademy.com,female,False,6,False,14,Banker,93,69,84,77,78,85,70
2938,Ella,Sanders,ella.sanders.2938@gslingacademy.com,female,True,1,False,17,Banker,85,91,89,74,94,94,97
2939,Tara,Keller,tara.keller.2939@gslingacademy.com,female,False,0,False,4,Banker,92,79,87,56,89,92,82
2940,Eileen,Beard,eileen.beard.2940@gslingacademy.com,female,False,3,False,25,Banker,69,93,73,73,73,97,84
2941,Francisco,Mccoy,francisco.mccoy.2941@gslingacademy.com,male,False,0,False,27,Banker,85,77,70,77,73,93,79
2942,John,Murray,john.murray.2942@gslingacademy.com,male,False,5,False,19,Banker,87,73,81,87,82,88,76
2943,Derrick,Ryan,derrick.ryan.2943@gslingacademy.com,male,False,2,False,14,Banker,93,73,76,75,86,91,100
2944,Dustin,Hutchinson,dustin.hutchinson.2944@gslingacademy.com,male,False,1,False,19,Banker,87,100,75,96,72,98,68
2945,Louis,Thomas,louis.thomas.2945@gslingacademy.com,male,False,4,False,16,Banker,82,100,82,78,76,89,75
2946,Mitchell,Mccarthy,mitchell.mccarthy.2946@gslingacademy.com,male,False,4,False,24,Banker,88,80,74,64,88,92,80
2947,John,Clark,john.clark.2947@gslingacademy.com,male,False,0,False,23,Banker,86,72,83,71,74,90,84
2948,Derrick,Craig,derrick.craig.2948@gslingacademy.com,male,False,0,False,25,Banker,81,100,72,69,88,98,86
2949,Roy,Myers,roy.myers.2949@gslingacademy.com,male,False,6,False,21,Banker,97,84,83,89,87,86,65
2950,Frederick,George,frederick.george.2950@gslingacademy.com,male,False,0,False,19,Banker,81,92,72,78,66,93,72
2951,Paige,Williams,paige.williams.2951@gslingacademy.com,female,False,1,False,18,Banker,90,84,83,92,84,84,61
2952,Stanley,Mejia,stanley.mejia.2952@gslingacademy.com,male,False,0,False,28,Banker,89,100,87,80,77,99,78
2953,Devin,Malcolm,devin.malcolm.2953@gslingacademy.com,male,True,4,False,30,Banker,87,95,79,93,64,85,74
2954,Sophia,Burnett,sophia.burnett.2954@gslingacademy.com,female,False,6,True,16,Banker,76,58,79,80,100,87,75
2955,Aubree,Novak,aubree.novak.2955@gslingacademy.com,female,False,2,False,10,Banker,89,73,86,80,66,93,66
2956,Russell,Robertson,russell.robertson.2956@gslingacademy.com,male,False,0,False,17,Banker,80,79,81,76,95,82,93
2957,Walter,Miranda,walter.miranda.2957@gslingacademy.com,male,False,2,False,17,Banker,85,86,70,77,76,73,81
2958,Violet,Woods,violet.woods.2958@gslingacademy.com,female,False,6,False,21,Banker,100,80,72,93,89,71,61
2959,Oliver,Cortez,oliver.cortez.2959@gslingacademy.com,male,False,3,False,10,Banker,66,65,78,89,88,99,83
2960,Oliver,Campos,oliver.campos.2960@gslingacademy.com,male,False,1,True,11,Banker,83,79,90,67,68,85,77
2961,Natalie,Cook,natalie.cook.2961@gslingacademy.com,female,False,2,False,21,Banker,90,72,69,69,64,84,61
2962,Skylar,Brennan,skylar.brennan.2962@gslingacademy.com,female,False,1,False,22,Banker,87,79,86,79,97,80,86
2963,Isla,Krueger,isla.krueger.2963@gslingacademy.com,female,False,3,False,22,Banker,88,95,89,84,69,86,79
2964,Alexandra,Thompson,alexandra.thompson.2964@gslingacademy.com,female,False,4,True,26,Banker,82,87,61,97,81,86,97
2965,Sarah,Preston,sarah.preston.2965@gslingacademy.com,female,False,4,False,18,Banker,83,95,85,77,83,92,76
2966,Noah,Dominguez,noah.dominguez.2966@gslingacademy.com,male,False,7,False,24,Banker,90,100,65,66,86,75,66
2967,Margarita,Fleming,margarita.fleming.2967@gslingacademy.com,female,False,6,True,4,Banker,83,69,69,69,92,88,72
2968,Bernard,Pierce,bernard.pierce.2968@gslingacademy.com,male,False,3,True,32,Banker,82,83,67,81,100,80,70
2969,Courtney,Barnes,courtney.barnes.2969@gslingacademy.com,female,False,4,False,24,Banker,92,83,75,77,57,82,91
2970,William,Joseph,william.joseph.2970@gslingacademy.com,male,True,4,True,31,Banker,76,91,81,70,91,91,78
2971,Kelly,Mcbride,kelly.mcbride.2971@gslingacademy.com,female,False,3,False,6,Banker,87,92,74,91,71,86,73
2972,Christian,Sweeney,christian.sweeney.2972@gslingacademy.com,male,False,3,False,22,Banker,84,76,70,75,74,83,74
2973,Diego,Shore,diego.shore.2973@gslingacademy.com,male,False,5,False,21,Banker,92,88,75,81,64,84,93
2974,Priscilla,Stark,priscilla.stark.2974@gslingacademy.com,female,False,0,False,22,Banker,98,86,89,84,85,89,84
2975,Denise,Costa,denise.costa.2975@gslingacademy.com,female,False,5,False,14,Banker,87,71,69,64,87,94,81
2976,Aubrey,Curtis,aubrey.curtis.2976@gslingacademy.com,female,False,4,False,16,Banker,89,66,92,77,72,93,74
2977,Hunter,Torres,hunter.torres.2977@gslingacademy.com,male,False,5,False,15,Banker,96,68,70,93,66,86,77
2978,Adeline,Randolph,adeline.randolph.2978@gslingacademy.com,female,False,3,False,34,Banker,74,71,92,67,99,92,92
2979,Erica,Meyer,erica.meyer.2979@gslingacademy.com,female,False,7,False,26,Banker,87,79,95,73,87,96,65
2980,Marcus,Lambert,marcus.lambert.2980@gslingacademy.com,male,False,2,False,28,Banker,87,83,92,97,83,81,84
2981,Maria,Grimes,maria.grimes.2981@gslingacademy.com,female,False,3,False,19,Banker,86,62,50,92,83,100,68
2982,Jennie,Gordon,jennie.gordon.2982@gslingacademy.com,female,False,0,False,20,Banker,76,82,82,81,72,82,85
2983,Fernando,Morrison,fernando.morrison.2983@gslingacademy.com,male,False,6,False,17,Banker,81,85,78,87,54,83,56
2984,Alex,Mcguire,alex.mcguire.2984@gslingacademy.com,male,False,4,False,8,Banker,98,80,85,82,75,88,92
2985,Jayden,Haley,jayden.haley.2985@gslingacademy.com,male,False,7,False,34,Banker,96,81,76,62,92,88,69
2986,Bianca,Patterson,bianca.patterson.2986@gslingacademy.com,female,False,7,True,27,Banker,87,77,91,75,85,92,100
2987,Adeline,Jensen,adeline.jensen.2987@gslingacademy.com,female,False,0,True,12,Banker,76,100,75,71,79,99,71
2988,Samantha,Gray,samantha.gray.2988@gslingacademy.com,female,False,0,False,27,Banker,86,96,76,72,100,81,93
2989,Jonathan,Boyle,jonathan.boyle.2989@gslingacademy.com,male,False,2,True,10,Banker,95,80,83,68,71,76,70
2990,Curtis,Lane,curtis.lane.2990@gslingacademy.com,male,False,5,False,8,Banker,80,70,66,80,64,82,66
2991,Shane,Mejia,shane.mejia.2991@gslingacademy.com,male,False,3,False,11,Banker,92,71,73,74,87,78,84
2992,Pedro,Peterson,pedro.peterson.2992@gslingacademy.com,male,True,5,False,19,Banker,77,74,63,90,96,84,81
2993,Deanna,Rasmussen,deanna.rasmussen.2993@gslingacademy.com,female,False,0,False,5,Banker,82,95,60,74,79,82,76
2994,Lily,Grimes,lily.grimes.2994@gslingacademy.com,female,False,0,False,25,Banker,85,77,75,74,93,96,93
2995,Jasmine,Maldonado,jasmine.maldonado.2995@gslingacademy.com,female,False,7,False,22,Banker,79,78,83,73,78,77,81
2996,Gianna,Larsen,gianna.larsen.2996@gslingacademy.com,female,False,4,False,20,Banker,100,96,77,61,93,78,74
2997,Leah,Buckley,leah.buckley.2997@gslingacademy.com,female,False,4,False,10,Banker,71,64,78,68,92,77,88
2998,Ernesto,Rowe,ernesto.rowe.2998@gslingacademy.com,male,True,0,False,13,Banker,89,86,99,69,89,73,72
2999,Amy,Hutchinson,amy.hutchinson.2999@gslingacademy.com,female,False,5,False,13,Banker,77,78,63,64,72,97,93
3000,Pam,Fitzpatrick,pam.fitzpatrick.3000@gslingacademy.com,female,False,1,False,23,Banker,82,65,67,65,83,78,82
3001,Peter,Gibbs,peter.gibbs.3001@gslingacademy.com,male,False,0,False,23,Writer,64,75,93,79,81,96,85
3002,Kimberly,Bonilla,kimberly.bonilla.3002@gslingacademy.com,female,True,3,False,22,Writer,62,87,93,83,93,97,73
3003,James,Yang,james.yang.3003@gslingacademy.com,male,False,5,False,29,Writer,76,87,64,74,73,90,99
3004,Steven,Barrett,steven.barrett.3004@gslingacademy.com,male,False,1,False,13,Writer,96,91,96,69,70,99,70
3005,Henry,Pitts,henry.pitts.3005@gslingacademy.com,male,False,1,False,15,Writer,64,81,95,87,86,91,80
3006,Chelsea,Mitchell,chelsea.mitchell.3006@gslingacademy.com,female,False,2,False,29,Writer,77,87,65,91,71,90,90
3007,Gene,Woodward,gene.woodward.3007@gslingacademy.com,male,False,4,True,23,Writer,77,94,97,77,63,98,98
3008,Cheryl,Arias,cheryl.arias.3008@gslingacademy.com,female,False,6,False,31,Writer,62,81,80,88,78,94,85
3009,Jennifer,West,jennifer.west.3009@gslingacademy.com,female,False,2,False,35,Writer,92,97,100,91,95,90,95
3010,Matthew,Chavez,matthew.chavez.3010@gslingacademy.com,male,False,3,False,31,Writer,88,98,65,68,99,94,79
3011,Mary,Taylor,mary.taylor.3011@gslingacademy.com,female,False,3,False,24,Writer,80,70,80,96,72,99,65
3012,Lisa,Bean,lisa.bean.3012@gslingacademy.com,female,False,1,False,11,Writer,98,72,99,84,60,95,93
3013,Barbara,Petersen,barbara.petersen.3013@gslingacademy.com,female,False,2,True,16,Writer,71,100,99,95,91,96,96
3014,Kelly,Church,kelly.church.3014@gslingacademy.com,female,False,2,False,22,Writer,72,72,85,90,75,94,65
3015,Shelia,Rogers,shelia.rogers.3015@gslingacademy.com,female,False,1,False,35,Writer,89,91,96,100,95,93,86
3016,Sarah,Murphy,sarah.murphy.3016@gslingacademy.com,female,True,7,False,32,Writer,68,81,72,76,93,94,97
3017,Julia,Day,julia.day.3017@gslingacademy.com,female,False,1,False,31,Writer,77,98,67,67,80,90,66
3018,Carol,Nguyen,carol.nguyen.3018@gslingacademy.com,female,False,3,True,31,Writer,76,83,100,96,65,98,97
3019,Terri,Lyons,terri.lyons.3019@gslingacademy.com,female,False,3,True,21,Writer,69,77,82,93,92,90,71
3020,Derek,Bates,derek.bates.3020@gslingacademy.com,male,False,2,False,16,Writer,70,75,79,77,65,92,78
3021,Alexandria,Harris,alexandria.harris.3021@gslingacademy.com,female,False,6,False,34,Writer,91,75,82,68,88,98,88
3022,Jennifer,Martin,jennifer.martin.3022@gslingacademy.com,female,False,1,False,13,Writer,92,77,89,97,61,93,82
3023,Thomas,Calderon,thomas.calderon.3023@gslingacademy.com,male,False,1,False,18,Writer,83,96,72,81,86,93,75
3024,Eric,Doyle,eric.doyle.3024@gslingacademy.com,male,False,4,False,31,Writer,85,87,99,65,66,95,77
3025,David,Walters,david.walters.3025@gslingacademy.com,male,False,7,False,23,Writer,70,91,81,61,64,93,96
3026,Mark,Duke,mark.duke.3026@gslingacademy.com,male,False,1,False,32,Writer,65,89,70,71,74,97,64
3027,Brian,Gibson,brian.gibson.3027@gslingacademy.com,male,False,5,False,25,Writer,73,94,74,72,80,98,100
3028,Jason,Flores,jason.flores.3028@gslingacademy.com,male,False,4,False,27,Writer,80,76,71,62,92,99,77
3029,Renee,Cruz,renee.cruz.3029@gslingacademy.com,female,False,3,False,14,Writer,89,73,96,84,96,98,77
3030,John,Mitchell,john.mitchell.3030@gslingacademy.com,male,False,9,False,12,Writer,81,72,87,84,97,94,89
3031,Rebecca,Castillo,rebecca.castillo.3031@gslingacademy.com,female,False,1,True,22,Writer,72,100,78,100,98,92,97
3032,Danielle,Johnson,danielle.johnson.3032@gslingacademy.com,female,False,2,False,35,Writer,97,85,86,99,96,90,88
3033,Darius,Santiago,darius.santiago.3033@gslingacademy.com,male,False,0,False,33,Writer,76,92,73,96,65,87,88
3034,Kathy,Fuentes,kathy.fuentes.3034@gslingacademy.com,female,False,0,False,23,Writer,82,94,100,81,79,93,71
3035,Eugene,Nguyen,eugene.nguyen.3035@gslingacademy.com,male,False,0,False,25,Writer,86,100,93,89,56,93,95
3036,Natasha,Jones,natasha.jones.3036@gslingacademy.com,female,False,0,False,26,Writer,94,87,96,100,100,95,79
3037,Frederick,Collier,frederick.collier.3037@gslingacademy.com,male,False,2,False,24,Writer,77,87,76,71,78,92,89
3038,Sophia,Fisher,sophia.fisher.3038@gslingacademy.com,female,False,1,True,28,Writer,49,85,67,64,85,96,55
3039,Peyton,Carpenter,peyton.carpenter.3039@gslingacademy.com,female,False,5,False,21,Writer,94,59,87,74,74,92,76
3040,Johnny,Jefferson,johnny.jefferson.3040@gslingacademy.com,male,True,4,False,30,Writer,61,100,78,71,62,96,100
3041,Jesse,Compton,jesse.compton.3041@gslingacademy.com,male,False,8,False,22,Writer,52,84,66,63,56,97,91
3042,Cecil,Rivera,cecil.rivera.3042@gslingacademy.com,male,True,3,True,26,Writer,68,86,75,84,70,95,69
3043,Earl,Boyle,earl.boyle.3043@gslingacademy.com,male,True,0,False,33,Writer,78,83,96,85,85,100,99
3044,Randy,Compton,randy.compton.3044@gslingacademy.com,male,False,2,True,24,Writer,81,82,89,95,64,90,84
3045,Darius,Sparks,darius.sparks.3045@gslingacademy.com,male,False,2,False,27,Writer,80,87,85,79,92,92,89
3046,Denise,Henderson,denise.henderson.3046@gslingacademy.com,female,False,0,False,22,Writer,96,86,96,96,95,90,82
3047,George,Powell,george.powell.3047@gslingacademy.com,male,False,5,False,39,Writer,70,80,92,100,100,89,100
3048,Lucas,Contreras,lucas.contreras.3048@gslingacademy.com,male,False,1,False,18,Writer,85,88,92,80,97,92,82
3049,Sonia,Weber,sonia.weber.3049@gslingacademy.com,female,False,1,False,14,Writer,87,100,83,67,69,97,90
3050,Autumn,Wolf,autumn.wolf.3050@gslingacademy.com,female,False,0,True,26,Writer,80,87,71,86,100,95,74
3051,Miguel,Dudley,miguel.dudley.3051@gslingacademy.com,male,True,0,False,32,Writer,83,74,100,100,76,97,74
3052,Carla,Porter,carla.porter.3052@gslingacademy.com,female,False,1,False,8,Writer,81,82,99,83,78,95,79
3053,Craig,Farmer,craig.farmer.3053@gslingacademy.com,male,False,1,False,25,Writer,82,77,83,85,72,94,85
3054,Brooklyn,Sawyer,brooklyn.sawyer.3054@gslingacademy.com,female,True,6,False,29,Writer,81,77,82,74,78,95,65
3055,Cassandra,Wiley,cassandra.wiley.3055@gslingacademy.com,female,True,4,False,28,Writer,76,86,92,73,67,94,80
3056,Sofia,May,sofia.may.3056@gslingacademy.com,female,False,6,True,18,Writer,100,95,87,69,98,90,88
3057,Carmen,Mendoza,carmen.mendoza.3057@gslingacademy.com,female,False,3,False,18,Writer,83,83,79,83,79,97,83
3058,Grace,Wells,grace.wells.3058@gslingacademy.com,female,False,0,False,17,Writer,68,77,84,97,66,89,79
3059,Rebecca,Stanley,rebecca.stanley.3059@gslingacademy.com,female,False,0,False,25,Writer,79,89,82,79,85,91,88
3060,Mariah,Walter,mariah.walter.3060@gslingacademy.com,female,False,2,False,30,Writer,57,81,80,80,93,90,85
3061,Elena,Davenport,elena.davenport.3061@gslingacademy.com,female,False,0,False,14,Writer,89,93,97,89,85,92,92
3062,Reid,Novak,reid.novak.3062@gslingacademy.com,male,False,1,False,23,Writer,76,98,68,81,69,89,80
3063,Parker,Jimenez,parker.jimenez.3063@gslingacademy.com,male,False,0,False,26,Writer,75,96,70,76,71,93,91
3064,Martha,Pruitt,martha.pruitt.3064@gslingacademy.com,female,False,4,False,27,Writer,92,87,74,78,77,96,96
3065,Cameron,Morgan,cameron.morgan.3065@gslingacademy.com,male,False,4,False,19,Writer,73,86,96,81,90,90,90
3066,Alexandra,Rivera,alexandra.rivera.3066@gslingacademy.com,female,False,3,False,40,Writer,83,93,82,84,99,99,91
3067,Aria,White,aria.white.3067@gslingacademy.com,female,False,2,False,12,Writer,85,84,99,93,62,97,76
3068,Abraham,Hodge,abraham.hodge.3068@gslingacademy.com,male,False,2,False,30,Writer,88,77,86,100,82,96,93
3069,Madison,Hicks,madison.hicks.3069@gslingacademy.com,female,False,5,True,22,Writer,98,90,70,84,83,91,92
3070,Aubree,Lewis,aubree.lewis.3070@gslingacademy.com,female,False,2,False,29,Writer,80,82,66,70,84,94,64
3071,Aurora,Mccann,aurora.mccann.3071@gslingacademy.com,female,False,5,True,31,Writer,86,91,83,64,80,96,80
3072,Maxwell,Mueller,maxwell.mueller.3072@gslingacademy.com,male,False,4,False,35,Writer,71,90,64,90,98,90,87
3073,Anita,Cannon,anita.cannon.3073@gslingacademy.com,female,False,4,False,37,Writer,82,88,67,75,100,92,86
3074,Scott,Moses,scott.moses.3074@gslingacademy.com,male,False,1,True,18,Writer,73,60,81,81,51,94,67
3075,Genesis,Weaver,genesis.weaver.3075@gslingacademy.com,female,False,0,False,26,Writer,81,92,74,87,99,89,84
3076,Holly,Mcbride,holly.mcbride.3076@gslingacademy.com,female,False,2,False,36,Writer,61,96,62,75,87,94,68
3077,Tim,Cohen,tim.cohen.3077@gslingacademy.com,male,False,4,False,32,Writer,71,85,67,89,94,91,74
3078,Daniel,Bender,daniel.bender.3078@gslingacademy.com,male,False,6,False,42,Writer,78,69,67,74,84,96,77
3079,Ray,Hardin,ray.hardin.3079@gslingacademy.com,male,False,3,False,30,Writer,95,94,83,85,91,92,92
3080,Antonio,Jones,antonio.jones.3080@gslingacademy.com,male,False,3,False,25,Writer,76,64,74,92,98,94,59
3081,Dale,Delgado,dale.delgado.3081@gslingacademy.com,male,False,2,False,30,Writer,77,78,70,86,76,92,89
3082,Tyler,Marquez,tyler.marquez.3082@gslingacademy.com,male,False,4,False,11,Writer,88,86,100,88,91,98,90
3083,Amanda,Knight,amanda.knight.3083@gslingacademy.com,female,False,4,False,14,Writer,77,92,85,66,74,97,100
3084,Avery,Jones,avery.jones.3084@gslingacademy.com,female,False,1,False,22,Writer,99,85,88,91,69,94,72
3085,Aaliyah,Stuart,aaliyah.stuart.3085@gslingacademy.com,female,False,3,False,17,Writer,71,75,87,81,96,100,89
3086,Paige,Vazquez,paige.vazquez.3086@gslingacademy.com,female,True,0,False,16,Writer,72,82,97,82,75,99,66
3087,Courtney,Patterson,courtney.patterson.3087@gslingacademy.com,female,False,0,False,29,Writer,97,98,91,98,95,88,97
3088,Clara,Finley,clara.finley.3088@gslingacademy.com,female,False,5,False,23,Writer,87,71,89,96,84,93,83
3089,Leonardo,Sandoval,leonardo.sandoval.3089@gslingacademy.com,male,False,1,False,14,Writer,89,86,94,86,70,94,85
3090,Walter,Moon,walter.moon.3090@gslingacademy.com,male,False,3,False,36,Writer,96,98,69,82,91,92,89
3091,Erica,Hartman,erica.hartman.3091@gslingacademy.com,female,False,5,False,34,Writer,72,98,56,76,100,95,81
3092,Antonio,Wright,antonio.wright.3092@gslingacademy.com,male,False,3,False,16,Writer,90,80,88,96,79,99,71
3093,Ricardo,Vargas,ricardo.vargas.3093@gslingacademy.com,male,False,2,False,14,Writer,69,81,100,92,80,98,88
3094,Richard,Novak,richard.novak.3094@gslingacademy.com,male,True,2,False,17,Writer,90,74,80,82,76,92,78
3095,Cooper,Adkins,cooper.adkins.3095@gslingacademy.com,male,False,6,False,18,Writer,72,84,85,76,80,94,86
3096,Alfred,Stone,alfred.stone.3096@gslingacademy.com,male,False,1,False,27,Writer,77,88,75,81,79,92,87
3097,Kylie,Cox,kylie.cox.3097@gslingacademy.com,female,False,4,False,27,Writer,90,81,79,71,65,96,70
3098,Sophia,Torres,sophia.torres.3098@gslingacademy.com,female,False,1,False,20,Writer,66,81,77,78,68,90,77
3099,William,Hopkins,william.hopkins.3099@gslingacademy.com,male,False,2,False,24,Writer,83,69,97,76,50,99,82
3100,Brian,Burke,brian.burke.3100@gslingacademy.com,male,False,4,False,38,Writer,92,100,79,73,63,92,100
3101,Isaiah,Graham,isaiah.graham.3101@gslingacademy.com,male,False,7,False,15,Writer,100,84,94,85,81,90,100
3102,Caroline,Hammond,caroline.hammond.3102@gslingacademy.com,female,False,5,False,44,Writer,82,93,75,94,85,96,93
3103,Addison,Murphy,addison.murphy.3103@gslingacademy.com,female,False,2,True,31,Writer,89,94,87,94,88,91,89
3104,Kristin,Fuentes,kristin.fuentes.3104@gslingacademy.com,female,False,4,False,24,Writer,98,80,100,89,91,97,100
3105,Frederick,Fernandez,frederick.fernandez.3105@gslingacademy.com,male,False,1,False,16,Writer,64,84,75,82,71,94,78
3106,Monique,Buckley,monique.buckley.3106@gslingacademy.com,female,False,7,False,26,Writer,65,82,81,94,92,88,85
3107,Aaliyah,Rios,aaliyah.rios.3107@gslingacademy.com,female,False,2,False,9,Writer,92,69,100,76,63,97,81
3108,Bella,Thomas,bella.thomas.3108@gslingacademy.com,female,False,5,True,35,Writer,80,86,78,68,92,92,92
3109,Jesse,Sandoval,jesse.sandoval.3109@gslingacademy.com,male,False,4,False,29,Writer,98,91,100,92,96,95,89
3110,Jackson,Washington,jackson.washington.3110@gslingacademy.com,male,False,2,True,21,Writer,95,86,77,66,90,92,75
3111,Aaliyah,Barnett,aaliyah.barnett.3111@gslingacademy.com,female,False,5,False,26,Writer,68,69,91,74,100,98,74
3112,Rafael,Lam,rafael.lam.3112@gslingacademy.com,male,False,5,False,34,Writer,71,76,93,74,83,97,77
3113,Alfred,Diaz,alfred.diaz.3113@gslingacademy.com,male,False,4,True,20,Writer,75,93,100,76,92,94,99
3114,Leslie,Martinez,leslie.martinez.3114@gslingacademy.com,female,False,5,False,28,Writer,64,90,87,80,91,93,90
3115,Griffin,Owens,griffin.owens.3115@gslingacademy.com,male,False,3,False,15,Writer,73,81,71,81,84,97,79
3116,Maya,Merritt,maya.merritt.3116@gslingacademy.com,female,False,2,False,27,Writer,68,81,82,89,90,92,89
3117,Carl,Soto,carl.soto.3117@gslingacademy.com,male,False,3,False,18,Writer,66,81,93,81,77,95,82
3118,Tony,Lee,tony.lee.3118@gslingacademy.com,male,False,4,False,30,Writer,85,86,98,63,83,93,92
3119,Deanna,Clark,deanna.clark.3119@gslingacademy.com,female,False,6,False,22,Writer,54,91,75,74,92,92,100
3120,Shawn,Heath,shawn.heath.3120@gslingacademy.com,male,False,5,False,34,Writer,73,92,82,100,100,89,96
3121,Leona,Wagner,leona.wagner.3121@gslingacademy.com,female,False,2,False,22,Writer,72,97,85,68,49,95,90
3122,Ava,Smith,ava.smith.3122@gslingacademy.com,female,False,5,False,17,Writer,76,79,93,75,69,93,82
3123,Kristy,Pena,kristy.pena.3123@gslingacademy.com,female,False,6,False,39,Writer,64,87,94,77,85,96,88
3124,Maria,King,maria.king.3124@gslingacademy.com,female,False,0,False,36,Writer,81,100,65,70,73,95,83
3125,Carter,Lawrence,carter.lawrence.3125@gslingacademy.com,male,False,4,False,13,Writer,80,80,98,73,55,99,97
3126,Liliana,Black,liliana.black.3126@gslingacademy.com,female,False,4,True,15,Writer,78,79,100,100,70,91,82
3127,Raul,Adkins,raul.adkins.3127@gslingacademy.com,male,False,3,False,21,Writer,76,79,78,98,97,93,82
3128,Earl,Gilmore,earl.gilmore.3128@gslingacademy.com,male,False,6,True,23,Writer,73,91,75,77,80,93,100
3129,Sonia,Jordan,sonia.jordan.3129@gslingacademy.com,female,False,5,False,44,Writer,75,99,78,84,92,88,100
3130,Ernest,Patterson,ernest.patterson.3130@gslingacademy.com,male,False,7,False,21,Writer,95,84,79,72,95,92,89
3131,Mackenzie,Kemp,mackenzie.kemp.3131@gslingacademy.com,female,False,1,True,30,Writer,100,74,97,78,82,97,76
3132,Ruben,Odonnell,ruben.odonnell.3132@gslingacademy.com,male,False,0,True,22,Writer,97,83,83,82,74,94,57
3133,Albert,Nelson,albert.nelson.3133@gslingacademy.com,male,False,6,True,38,Writer,70,72,69,88,86,89,96
3134,Priscilla,Cantu,priscilla.cantu.3134@gslingacademy.com,female,False,0,False,10,Writer,74,82,100,81,76,97,62
3135,Samuel,Mathews,samuel.mathews.3135@gslingacademy.com,male,False,3,False,22,Writer,77,73,74,67,73,96,70
3136,John,Mays,john.mays.3136@gslingacademy.com,male,True,0,False,31,Writer,79,86,72,88,100,90,79
3137,Eliana,Juarez,eliana.juarez.3137@gslingacademy.com,female,False,2,False,26,Writer,76,91,100,73,85,95,78
3138,Kyle,Bender,kyle.bender.3138@gslingacademy.com,male,True,0,False,21,Writer,74,100,75,75,79,93,85
3139,Clara,Novak,clara.novak.3139@gslingacademy.com,female,False,5,False,15,Writer,84,92,79,91,91,92,100
3140,Leonardo,Hughes,leonardo.hughes.3140@gslingacademy.com,male,False,2,False,24,Writer,70,89,84,89,85,94,74
3141,Martha,Reynolds,martha.reynolds.3141@gslingacademy.com,female,False,0,True,22,Writer,91,79,73,99,76,88,69
3142,Cora,Lane,cora.lane.3142@gslingacademy.com,female,True,2,False,39,Writer,84,70,89,100,85,92,71
3143,Lindsay,Hill,lindsay.hill.3143@gslingacademy.com,female,False,4,False,15,Writer,65,87,67,67,66,93,66
3144,Lee,Noble,lee.noble.3144@gslingacademy.com,male,False,3,False,24,Writer,81,81,90,87,95,94,89
3145,Audrey,Lopez,audrey.lopez.3145@gslingacademy.com,female,False,0,True,24,Writer,76,80,92,78,77,97,68
3146,Lily,Armstrong,lily.armstrong.3146@gslingacademy.com,female,False,0,False,20,Writer,85,82,70,70,58,92,69
3147,Arturo,Armstrong,arturo.armstrong.3147@gslingacademy.com,male,False,2,True,24,Writer,88,87,82,76,76,95,72
3148,Jessica,Coleman,jessica.coleman.3148@gslingacademy.com,female,False,6,False,24,Writer,65,78,79,71,67,93,91
3149,Lindsay,Brown,lindsay.brown.3149@gslingacademy.com,female,False,6,False,17,Writer,61,74,78,67,100,94,80
3150,Jayden,Hartman,jayden.hartman.3150@gslingacademy.com,male,False,1,False,22,Writer,62,100,71,89,100,92,86
3151,Arthur,Black,arthur.black.3151@gslingacademy.com,male,False,0,False,16,Writer,60,96,88,74,56,93,85
3152,Bailey,Davidson,bailey.davidson.3152@gslingacademy.com,female,False,0,True,12,Writer,79,91,100,67,49,95,91
3153,Liam,Beasley,liam.beasley.3153@gslingacademy.com,male,False,4,False,28,Writer,89,92,72,75,84,93,86
3154,Reagan,May,reagan.may.3154@gslingacademy.com,female,False,1,False,25,Writer,95,73,99,84,71,99,79
3155,Randy,Ross,randy.ross.3155@gslingacademy.com,male,True,3,False,28,Writer,87,75,72,81,82,95,70
3156,Aubrey,Stein,aubrey.stein.3156@gslingacademy.com,female,False,2,False,12,Writer,98,72,88,84,83,97,87
3157,Michael,Rojas,michael.rojas.3157@gslingacademy.com,male,False,5,False,21,Writer,84,77,100,84,80,91,98
3158,Layla,Murray,layla.murray.3158@gslingacademy.com,female,False,0,False,29,Writer,85,84,95,100,93,94,94
3159,Ethan,Freeman,ethan.freeman.3159@gslingacademy.com,male,False,0,False,10,Writer,85,82,100,98,72,94,75
3160,Arthur,Gregory,arthur.gregory.3160@gslingacademy.com,male,False,6,False,28,Writer,60,88,63,69,84,93,68
3161,Pedro,Carr,pedro.carr.3161@gslingacademy.com,male,False,0,False,17,Writer,93,78,88,100,78,93,92
3162,Francisco,Haley,francisco.haley.3162@gslingacademy.com,male,True,4,False,34,Writer,86,82,81,57,96,98,72
3163,Leona,Wells,leona.wells.3163@gslingacademy.com,female,True,1,False,12,Writer,75,80,93,95,53,93,86
3164,Norman,Sutton,norman.sutton.3164@gslingacademy.com,male,False,1,True,34,Writer,70,91,87,100,90,94,80
3165,Mackenzie,Peterson,mackenzie.peterson.3165@gslingacademy.com,female,False,6,False,18,Writer,60,82,69,68,77,96,95
3166,Shawn,Gallagher,shawn.gallagher.3166@gslingacademy.com,male,False,3,False,33,Writer,74,92,61,90,100,91,80
3167,Seth,Cox,seth.cox.3167@gslingacademy.com,male,False,0,False,11,Writer,87,89,90,83,80,93,65
3168,Jessie,Myers,jessie.myers.3168@gslingacademy.com,male,False,3,True,33,Writer,75,77,84,80,64,97,81
3169,Malik,Roman,malik.roman.3169@gslingacademy.com,male,False,2,True,26,Writer,71,71,98,71,45,97,83
3170,Rylee,Holmes,rylee.holmes.3170@gslingacademy.com,female,True,2,False,30,Writer,90,95,91,87,86,95,97
3171,Tanner,Nichols,tanner.nichols.3171@gslingacademy.com,male,True,3,False,22,Writer,85,80,96,82,90,95,79
3172,Alex,Benson,alex.benson.3172@gslingacademy.com,male,False,0,False,14,Writer,68,88,99,96,66,92,80
3173,Paul,Myers,paul.myers.3173@gslingacademy.com,male,False,2,False,19,Writer,69,76,75,92,69,89,90
3174,Darryl,Mcdaniel,darryl.mcdaniel.3174@gslingacademy.com,male,False,2,False,17,Writer,63,81,71,76,69,97,86
3175,Leslie,Cook,leslie.cook.3175@gslingacademy.com,female,False,1,False,29,Writer,79,72,100,100,81,90,88
3176,Shawna,Johnston,shawna.johnston.3176@gslingacademy.com,female,True,6,False,20,Writer,56,82,75,65,81,98,78
3177,Tamara,Andrews,tamara.andrews.3177@gslingacademy.com,female,False,0,False,25,Writer,94,95,86,100,73,84,74
3178,Margarita,Hanson,margarita.hanson.3178@gslingacademy.com,female,False,3,False,27,Writer,63,95,84,85,89,93,100
3179,Bailey,Banks,bailey.banks.3179@gslingacademy.com,female,True,1,False,15,Writer,74,90,84,100,100,93,85
3180,Isaiah,Owen,isaiah.owen.3180@gslingacademy.com,male,False,2,False,27,Writer,89,71,94,89,89,94,79
3181,Nora,Stout,nora.stout.3181@gslingacademy.com,female,False,3,False,30,Writer,65,85,87,75,61,94,88
3182,Omar,Davidson,omar.davidson.3182@gslingacademy.com,male,False,2,False,19,Writer,58,85,57,83,64,93,89
3183,Jorge,Hodge,jorge.hodge.3183@gslingacademy.com,male,False,3,False,41,Writer,75,99,90,79,94,92,95
3184,Gerald,Roberts,gerald.roberts.3184@gslingacademy.com,male,False,5,True,12,Writer,74,87,85,72,80,96,80
3185,Peter,Jenkins,peter.jenkins.3185@gslingacademy.com,male,False,1,True,38,Writer,72,100,84,83,94,97,94
3186,Marian,Taylor,marian.taylor.3186@gslingacademy.com,female,True,7,False,21,Writer,67,83,78,82,100,91,100
3187,Charles,Silva,charles.silva.3187@gslingacademy.com,male,False,6,False,27,Writer,96,72,86,76,85,100,85
3188,Priscilla,Rubio,priscilla.rubio.3188@gslingacademy.com,female,True,6,False,23,Writer,61,80,84,65,90,100,90
3189,Paul,Noble,paul.noble.3189@gslingacademy.com,male,False,2,False,7,Writer,83,72,87,76,81,99,75
3190,Nicholas,Murray,nicholas.murray.3190@gslingacademy.com,male,False,6,False,21,Writer,88,77,75,67,100,90,85
3191,Bryan,Douglas,bryan.douglas.3191@gslingacademy.com,male,True,4,False,19,Writer,90,75,85,85,96,93,72
3192,Maxwell,Wang,maxwell.wang.3192@gslingacademy.com,male,False,2,False,31,Writer,88,77,88,77,80,94,77
3193,Evelyn,Mason,evelyn.mason.3193@gslingacademy.com,female,False,3,True,35,Writer,90,95,73,80,81,95,92
3194,Natasha,Obrien,natasha.obrien.3194@gslingacademy.com,female,False,4,False,14,Writer,72,67,95,86,83,92,74
3195,Ava,Liu,ava.liu.3195@gslingacademy.com,female,False,3,False,15,Writer,91,82,85,91,84,95,87
3196,Johnny,Castillo,johnny.castillo.3196@gslingacademy.com,male,True,3,True,17,Writer,60,100,65,84,100,93,89
3197,Jesse,Turner,jesse.turner.3197@gslingacademy.com,male,False,4,True,29,Writer,78,74,71,83,75,96,82
3198,Ebony,Cochran,ebony.cochran.3198@gslingacademy.com,female,False,2,False,28,Writer,87,100,65,73,94,93,81
3199,Isaiah,Greene,isaiah.greene.3199@gslingacademy.com,male,False,4,False,30,Writer,82,82,72,96,100,93,87
3200,Tamara,Watkins,tamara.watkins.3200@gslingacademy.com,female,True,2,True,22,Writer,80,77,79,91,71,93,95
3201,James,Ross,james.ross.3201@gslingacademy.com,male,False,3,False,20,Writer,66,94,79,100,75,90,87
3202,Paul,Ray,paul.ray.3202@gslingacademy.com,male,False,0,False,19,Writer,83,94,66,85,91,92,86
3203,Colby,Richardson,colby.richardson.3203@gslingacademy.com,male,False,1,True,25,Writer,77,81,69,73,59,92,90
3204,Dennis,Meyer,dennis.meyer.3204@gslingacademy.com,male,False,3,False,16,Writer,94,80,78,74,66,97,77
3205,Aaron,Weber,aaron.weber.3205@gslingacademy.com,male,False,2,False,14,Writer,94,79,96,74,85,97,63
3206,Gerald,Hancock,gerald.hancock.3206@gslingacademy.com,male,False,1,False,10,Writer,86,79,84,92,67,96,84
3207,Audrey,Rodriguez,audrey.rodriguez.3207@gslingacademy.com,female,False,10,False,30,Writer,80,70,89,68,83,100,100
3208,Philip,Hodge,philip.hodge.3208@gslingacademy.com,male,True,6,False,39,Writer,84,88,61,67,83,97,100
3209,Marco,Moreno,marco.moreno.3209@gslingacademy.com,male,False,2,False,29,Writer,77,84,78,84,78,97,80
3210,Leonardo,Huff,leonardo.huff.3210@gslingacademy.com,male,False,5,False,23,Writer,77,79,99,78,60,95,92
3211,Alan,Murray,alan.murray.3211@gslingacademy.com,male,False,2,False,18,Writer,75,82,85,68,74,96,77
3212,Jeannette,Reed,jeannette.reed.3212@gslingacademy.com,female,False,0,False,27,Writer,86,76,80,100,70,96,87
3213,Ruby,Dennis,ruby.dennis.3213@gslingacademy.com,female,False,2,True,13,Writer,67,78,92,71,79,98,77
3214,Charlotte,Sullivan,charlotte.sullivan.3214@gslingacademy.com,female,False,5,False,27,Writer,87,94,77,65,86,92,91
3215,Avery,Hopkins,avery.hopkins.3215@gslingacademy.com,female,False,2,True,29,Writer,83,90,100,89,75,96,98
3216,Daisy,Pearson,daisy.pearson.3216@gslingacademy.com,female,True,4,False,27,Writer,66,69,61,76,82,93,55
3217,Hannah,Thornton,hannah.thornton.3217@gslingacademy.com,female,True,0,False,29,Writer,68,87,77,94,80,90,85
3218,Sergio,Ford,sergio.ford.3218@gslingacademy.com,male,False,1,False,13,Writer,81,82,93,81,92,93,65
3219,Eleanor,Peterson,eleanor.peterson.3219@gslingacademy.com,female,False,0,True,18,Writer,89,79,88,66,74,100,66
3220,Audrey,Hill,audrey.hill.3220@gslingacademy.com,female,False,3,False,22,Writer,72,76,70,67,84,89,87
3221,Bryan,Hicks,bryan.hicks.3221@gslingacademy.com,male,False,1,False,17,Writer,82,65,100,100,61,92,64
3222,Shane,Sweeney,shane.sweeney.3222@gslingacademy.com,male,False,2,False,36,Writer,86,80,86,93,80,92,96
3223,Francis,Ray,francis.ray.3223@gslingacademy.com,male,False,5,False,39,Writer,81,85,75,87,88,97,80
3224,Brooklyn,Stein,brooklyn.stein.3224@gslingacademy.com,female,True,3,False,28,Writer,70,86,67,76,96,94,77
3225,Bernard,Gentry,bernard.gentry.3225@gslingacademy.com,male,True,4,False,29,Writer,80,88,84,86,79,90,100
3226,Leonardo,Hoffman,leonardo.hoffman.3226@gslingacademy.com,male,False,0,False,21,Writer,88,76,95,100,89,93,85
3227,Derrick,Perry,derrick.perry.3227@gslingacademy.com,male,False,3,True,27,Writer,80,79,91,84,78,96,82
3228,Steven,Hayes,steven.hayes.3228@gslingacademy.com,male,True,0,False,31,Writer,91,98,85,79,82,96,87
3229,Herbert,Merritt,herbert.merritt.3229@gslingacademy.com,male,False,4,False,23,Writer,79,76,100,88,81,96,92
3230,Lindsay,Hardin,lindsay.hardin.3230@gslingacademy.com,female,False,5,False,30,Writer,79,95,76,85,100,97,84
3231,Shelby,Washington,shelby.washington.3231@gslingacademy.com,female,False,3,False,18,Writer,88,75,87,83,65,94,72
3232,Ethan,Rojas,ethan.rojas.3232@gslingacademy.com,male,False,0,False,18,Writer,78,64,70,86,74,96,59
3233,Danny,Gray,danny.gray.3233@gslingacademy.com,male,False,1,False,0,Writer,65,78,83,82,78,87,71
3234,Peyton,Bennett,peyton.bennett.3234@gslingacademy.com,female,False,2,True,18,Writer,90,78,100,77,85,98,76
3235,Clarence,Aguilar,clarence.aguilar.3235@gslingacademy.com,male,True,1,False,32,Writer,78,83,86,88,81,88,75
3236,Francis,Patel,francis.patel.3236@gslingacademy.com,male,False,5,False,28,Writer,78,76,83,78,98,99,95
3237,Aiden,Ramirez,aiden.ramirez.3237@gslingacademy.com,male,True,2,True,30,Writer,66,80,75,84,86,91,100
3238,Molly,Duncan,molly.duncan.3238@gslingacademy.com,female,True,4,True,37,Writer,74,76,72,91,61,92,98
3239,Ross,Cohen,ross.cohen.3239@gslingacademy.com,male,False,2,False,34,Writer,75,92,95,83,100,99,80
3240,Terri,Payne,terri.payne.3240@gslingacademy.com,female,False,4,False,21,Writer,68,91,65,87,86,89,100
3241,Brandy,May,brandy.may.3241@gslingacademy.com,female,False,2,False,28,Writer,76,84,100,82,78,96,94
3242,Danny,Parker,danny.parker.3242@gslingacademy.com,male,False,0,True,30,Writer,78,91,81,77,78,88,84
3243,Fernando,Larson,fernando.larson.3243@gslingacademy.com,male,False,4,False,14,Writer,53,78,70,76,87,98,63
3244,Brooks,Petersen,brooks.petersen.3244@gslingacademy.com,male,False,0,False,23,Writer,88,89,95,100,84,94,97
3245,Mark,Santiago,mark.santiago.3245@gslingacademy.com,male,False,1,False,19,Writer,90,83,86,81,86,94,77
3246,Reed,Collier,reed.collier.3246@gslingacademy.com,male,False,3,False,21,Writer,85,67,99,100,73,92,80
3247,Joan,Dawson,joan.dawson.3247@gslingacademy.com,female,False,6,False,29,Writer,85,83,72,68,77,100,97
3248,Stanley,Preston,stanley.preston.3248@gslingacademy.com,male,False,3,False,11,Writer,75,60,100,81,65,98,83
3249,Cameron,Murray,cameron.murray.3249@gslingacademy.com,male,False,1,False,25,Writer,77,66,90,88,91,99,75
3250,Kristin,Hall,kristin.hall.3250@gslingacademy.com,female,False,0,False,22,Writer,66,86,87,100,82,91,91
3251,Derek,Stuart,derek.stuart.3251@gslingacademy.com,male,False,5,False,19,Writer,84,66,82,73,81,98,85
3252,Eugene,Stone,eugene.stone.3252@gslingacademy.com,male,False,0,False,28,Writer,75,91,84,84,60,95,69
3253,Mario,Brady,mario.brady.3253@gslingacademy.com,male,True,8,False,25,Writer,64,91,71,65,83,93,100
3254,Amy,Moore,amy.moore.3254@gslingacademy.com,female,False,3,False,14,Writer,69,86,77,75,50,96,93
3255,Rachel,Anderson,rachel.anderson.3255@gslingacademy.com,female,False,3,False,30,Writer,65,86,60,80,86,90,69
3256,Clara,Berry,clara.berry.3256@gslingacademy.com,female,False,9,False,24,Writer,61,78,81,70,89,94,100
3257,Jason,Morris,jason.morris.3257@gslingacademy.com,male,True,3,False,20,Writer,82,91,89,82,92,94,92
3258,Shawna,Kelly,shawna.kelly.3258@gslingacademy.com,female,False,3,False,40,Writer,80,85,87,55,43,99,85
3259,Jackson,Gallagher,jackson.gallagher.3259@gslingacademy.com,male,False,5,False,29,Writer,81,77,91,89,70,96,100
3260,Arthur,Cole,arthur.cole.3260@gslingacademy.com,male,False,0,False,30,Writer,80,85,94,95,87,96,77
3261,Carmen,Buckley,carmen.buckley.3261@gslingacademy.com,female,False,1,False,19,Writer,81,86,69,90,94,93,70
3262,Jeffery,Salinas,jeffery.salinas.3262@gslingacademy.com,male,False,3,False,21,Writer,60,71,81,69,99,91,74
3263,Ava,Avery,ava.avery.3263@gslingacademy.com,female,True,2,False,22,Writer,90,83,96,71,86,96,87
3264,Arthur,Hamilton,arthur.hamilton.3264@gslingacademy.com,male,False,6,False,36,Writer,66,100,72,77,87,88,100
3265,Bernard,Simpson,bernard.simpson.3265@gslingacademy.com,male,False,2,False,26,Writer,72,77,79,100,73,87,82
3266,Jayden,Bennett,jayden.bennett.3266@gslingacademy.com,male,False,0,False,8,Writer,71,77,100,85,70,95,57
3267,Destiny,Watson,destiny.watson.3267@gslingacademy.com,female,True,4,False,23,Writer,76,79,98,84,92,91,100
3268,Wesley,Elliott,wesley.elliott.3268@gslingacademy.com,male,False,8,False,27,Writer,73,97,78,78,85,94,97
3269,Jaime,Gordon,jaime.gordon.3269@gslingacademy.com,male,False,0,False,24,Writer,100,73,98,81,78,93,83
3270,Arthur,Rivas,arthur.rivas.3270@gslingacademy.com,male,False,3,False,31,Writer,67,72,54,83,90,93,65
3271,Ricardo,Mathews,ricardo.mathews.3271@gslingacademy.com,male,False,0,False,17,Writer,88,87,94,82,75,99,70
3272,Jessie,Poole,jessie.poole.3272@gslingacademy.com,male,False,5,False,28,Writer,91,100,81,92,83,85,100
3273,Gerald,Nolan,gerald.nolan.3273@gslingacademy.com,male,False,3,False,27,Writer,80,70,76,76,58,91,85
3274,Christopher,Wade,christopher.wade.3274@gslingacademy.com,male,True,1,False,9,Writer,68,79,79,91,50,90,75
3275,Philip,Brennan,philip.brennan.3275@gslingacademy.com,male,False,4,False,16,Writer,74,78,68,74,86,95,79
3276,Kaylee,Reyes,kaylee.reyes.3276@gslingacademy.com,female,False,2,False,30,Writer,87,92,81,88,100,93,85
3277,Dylan,Ruiz,dylan.ruiz.3277@gslingacademy.com,male,False,4,False,44,Writer,67,90,68,85,90,94,88
3278,Chad,Hamilton,chad.hamilton.3278@gslingacademy.com,male,False,0,False,23,Writer,69,79,84,94,100,90,64
3279,Tanner,Gonzalez,tanner.gonzalez.3279@gslingacademy.com,male,False,1,False,4,Writer,70,81,94,95,100,93,69
3280,Melvin,Cruz,melvin.cruz.3280@gslingacademy.com,male,False,2,False,26,Writer,80,86,96,86,87,92,85
3281,Gabriel,Gardner,gabriel.gardner.3281@gslingacademy.com,male,False,3,False,33,Writer,68,90,63,81,94,92,84
3282,Rickey,Carpenter,rickey.carpenter.3282@gslingacademy.com,male,False,1,False,19,Writer,82,76,84,67,65,93,60
3283,Rickey,Warren,rickey.warren.3283@gslingacademy.com,male,False,0,False,32,Writer,89,100,81,96,100,84,89
3284,Brian,Gonzalez,brian.gonzalez.3284@gslingacademy.com,male,False,1,False,28,Writer,75,83,73,81,75,97,77
3285,Hannah,Lopez,hannah.lopez.3285@gslingacademy.com,female,False,1,False,16,Writer,70,89,77,74,82,98,84
3286,Paisley,Martinez,paisley.martinez.3286@gslingacademy.com,female,False,2,False,23,Writer,77,99,74,70,82,88,89
3287,Colton,Chase,colton.chase.3287@gslingacademy.com,male,True,0,False,15,Writer,87,99,100,80,63,91,91
3288,Valentina,Palmer,valentina.palmer.3288@gslingacademy.com,female,False,3,True,28,Writer,73,90,71,68,61,90,72
3289,Monica,Gibson,monica.gibson.3289@gslingacademy.com,female,False,3,False,21,Writer,94,81,100,86,80,100,90
3290,Mackenzie,Reynolds,mackenzie.reynolds.3290@gslingacademy.com,female,True,9,False,17,Writer,71,87,66,77,93,91,95
3291,Eduardo,Walker,eduardo.walker.3291@gslingacademy.com,male,False,5,False,29,Writer,79,82,81,87,80,89,95
3292,Angelina,Hardin,angelina.hardin.3292@gslingacademy.com,female,True,0,False,30,Writer,100,85,89,69,59,99,78
3293,Brielle,Calhoun,brielle.calhoun.3293@gslingacademy.com,female,False,5,True,28,Writer,82,87,78,79,100,93,83
3294,Christopher,Espinoza,christopher.espinoza.3294@gslingacademy.com,male,False,2,False,36,Writer,76,96,100,67,55,95,84
3295,Sarah,Martinez,sarah.martinez.3295@gslingacademy.com,female,False,7,False,31,Writer,83,82,75,79,85,92,83
3296,Tanner,Murphy,tanner.murphy.3296@gslingacademy.com,male,False,1,False,30,Writer,68,100,85,71,75,97,98
3297,Carlos,Cruz,carlos.cruz.3297@gslingacademy.com,male,False,0,True,21,Writer,85,77,90,78,82,96,73
3298,Reed,Estes,reed.estes.3298@gslingacademy.com,male,False,3,False,26,Writer,100,86,91,74,66,95,86
3299,Jesse,Leach,jesse.leach.3299@gslingacademy.com,male,False,0,False,25,Writer,95,89,89,80,69,93,70
3300,Maxwell,Montgomery,maxwell.montgomery.3300@gslingacademy.com,male,False,2,False,22,Writer,82,92,89,86,83,89,87
3301,Jeffrey,Blanchard,jeffrey.blanchard.3301@gslingacademy.com,male,False,1,True,17,Accountant,79,65,99,71,76,77,83
3302,Carol,Hill,carol.hill.3302@gslingacademy.com,female,False,3,False,19,Accountant,82,100,61,97,30,74,73
3303,Timothy,Bryant,timothy.bryant.3303@gslingacademy.com,male,False,4,False,30,Accountant,77,96,98,89,85,62,62
3304,Christopher,Taylor,christopher.taylor.3304@gslingacademy.com,male,False,4,False,18,Accountant,92,60,66,87,60,83,95
3305,Sonia,Noble,sonia.noble.3305@gslingacademy.com,female,False,0,False,14,Accountant,100,89,90,93,30,83,74
3306,Patrick,Parker,patrick.parker.3306@gslingacademy.com,male,False,0,False,14,Accountant,95,78,95,73,32,65,68
3307,Erin,Kelley,erin.kelley.3307@gslingacademy.com,female,False,3,False,16,Accountant,91,80,97,89,94,95,84
3308,Phillip,Allen,phillip.allen.3308@gslingacademy.com,male,False,5,True,13,Accountant,78,69,82,60,64,77,82
3309,Mario,Taylor,mario.taylor.3309@gslingacademy.com,male,False,4,True,14,Accountant,96,67,80,83,86,77,75
3310,Rhonda,Webster,rhonda.webster.3310@gslingacademy.com,female,False,5,True,31,Accountant,82,66,89,76,68,83,79
3311,John,Brown,john.brown.3311@gslingacademy.com,male,False,3,False,15,Accountant,97,92,95,75,95,90,83
3312,Anthony,Jackson,anthony.jackson.3312@gslingacademy.com,male,False,1,True,34,Accountant,82,81,100,81,60,79,96
3313,Jennifer,Burgess,jennifer.burgess.3313@gslingacademy.com,female,False,3,False,16,Accountant,85,62,84,80,37,80,71
3314,Christina,Davis,christina.davis.3314@gslingacademy.com,female,False,1,True,21,Accountant,100,87,60,92,46,67,96
3315,Robert,Mayer,robert.mayer.3315@gslingacademy.com,male,False,3,True,12,Accountant,99,73,77,74,62,68,99
3316,Dustin,Dodson,dustin.dodson.3316@gslingacademy.com,male,False,4,True,24,Accountant,94,62,97,96,74,68,69
3317,Christopher,Cohen,christopher.cohen.3317@gslingacademy.com,male,False,4,False,23,Accountant,99,64,92,78,30,78,88
3318,Karen,Spencer,karen.spencer.3318@gslingacademy.com,female,False,0,False,21,Accountant,76,72,80,92,41,90,78
3319,Tracey,Turner,tracey.turner.3319@gslingacademy.com,female,False,7,True,14,Accountant,82,95,92,62,73,75,93
3320,Pamela,Wilkinson,pamela.wilkinson.3320@gslingacademy.com,female,False,8,False,32,Accountant,99,88,84,87,36,96,86
3321,Barbara,Andrews,barbara.andrews.3321@gslingacademy.com,female,False,3,False,31,Accountant,92,69,78,68,70,80,73
3322,Wanda,Baxter,wanda.baxter.3322@gslingacademy.com,female,False,3,False,22,Accountant,89,81,99,71,67,74,89
3323,Emily,Bell,emily.bell.3323@gslingacademy.com,female,False,3,False,15,Accountant,93,92,92,76,49,93,75
3324,Paul,Serrano,paul.serrano.3324@gslingacademy.com,male,False,5,False,18,Accountant,76,82,76,71,70,89,76
3325,David,Jennings,david.jennings.3325@gslingacademy.com,male,False,3,False,29,Accountant,95,82,74,87,36,61,88
3326,Melissa,Brown,melissa.brown.3326@gslingacademy.com,female,False,4,False,30,Accountant,95,78,93,85,48,68,75
3327,Jasmine,Clark,jasmine.clark.3327@gslingacademy.com,female,False,4,False,15,Accountant,79,79,97,78,31,99,84
3328,Michelle,Reeves,michelle.reeves.3328@gslingacademy.com,female,False,3,False,32,Accountant,83,69,90,78,39,95,82
3329,Ryan,Cruz,ryan.cruz.3329@gslingacademy.com,male,False,1,False,24,Accountant,89,67,68,93,98,75,88
3330,Maria,Nguyen,maria.nguyen.3330@gslingacademy.com,female,False,3,True,26,Accountant,84,83,80,91,88,61,61
3331,Thomas,Schroeder,thomas.schroeder.3331@gslingacademy.com,male,False,2,False,19,Accountant,79,93,72,97,69,78,87
3332,Katelyn,Moses,katelyn.moses.3332@gslingacademy.com,female,False,3,False,24,Accountant,79,96,78,90,94,76,88
3333,Monica,Williams,monica.williams.3333@gslingacademy.com,female,False,0,False,17,Accountant,81,95,99,65,56,79,98
3334,Christopher,Hines,christopher.hines.3334@gslingacademy.com,male,False,1,False,26,Accountant,90,64,94,84,66,61,72
3335,Barbara,Schneider,barbara.schneider.3335@gslingacademy.com,female,False,3,True,23,Accountant,86,73,83,93,46,91,70
3336,Samantha,Alvarado,samantha.alvarado.3336@gslingacademy.com,female,True,4,False,16,Accountant,82,79,64,75,93,82,60
3337,Eugene,Clark,eugene.clark.3337@gslingacademy.com,male,False,6,True,16,Accountant,93,80,60,62,43,68,67
3338,Tyler,Scott,tyler.scott.3338@gslingacademy.com,male,False,6,True,24,Accountant,76,62,86,80,47,85,71
3339,Rachel,Jones,rachel.jones.3339@gslingacademy.com,female,False,1,False,26,Accountant,98,77,94,87,44,85,61
3340,Amanda,Hawkins,amanda.hawkins.3340@gslingacademy.com,female,True,8,False,35,Accountant,87,88,93,88,96,85,94
3341,Phillip,Bennett,phillip.bennett.3341@gslingacademy.com,male,False,1,False,28,Accountant,87,87,86,84,66,83,81
3342,Zachary,Burns,zachary.burns.3342@gslingacademy.com,male,False,5,False,19,Accountant,79,88,83,84,78,72,79
3343,Allison,Alvarado,allison.alvarado.3343@gslingacademy.com,female,False,1,False,24,Accountant,95,81,91,62,36,79,69
3344,Vanessa,Martinez,vanessa.martinez.3344@gslingacademy.com,female,False,0,False,35,Accountant,94,87,100,90,86,86,90
3345,Richard,Davis,richard.davis.3345@gslingacademy.com,male,False,5,False,35,Accountant,92,88,87,98,96,85,96
3346,Alejandra,Johns,alejandra.johns.3346@gslingacademy.com,female,False,1,False,31,Accountant,94,91,68,61,34,60,63
3347,Jacqueline,Frazier,jacqueline.frazier.3347@gslingacademy.com,female,False,1,False,13,Accountant,94,84,84,89,52,97,76
3348,Heather,Brooks,heather.brooks.3348@gslingacademy.com,female,False,2,False,18,Accountant,79,81,68,70,60,65,71
3349,Matthew,Conway,matthew.conway.3349@gslingacademy.com,male,False,3,False,15,Accountant,77,84,86,97,90,83,92
3350,Tiffany,Small,tiffany.small.3350@gslingacademy.com,female,True,3,False,20,Accountant,76,75,60,77,71,70,88
3351,Jennifer,Bautista,jennifer.bautista.3351@gslingacademy.com,female,False,7,False,15,Accountant,88,67,71,85,68,88,67
3352,James,Ray,james.ray.3352@gslingacademy.com,male,False,4,False,12,Accountant,86,63,85,64,98,97,86
3353,Lisa,Brown,lisa.brown.3353@gslingacademy.com,female,False,4,False,22,Accountant,87,94,72,93,44,92,83
3354,Cody,Smith,cody.smith.3354@gslingacademy.com,male,False,10,False,15,Accountant,76,86,68,83,82,67,69
3355,Lori,Jacobson,lori.jacobson.3355@gslingacademy.com,female,False,6,False,24,Accountant,87,87,86,91,90,75,79
3356,Harry,Hunter,harry.hunter.3356@gslingacademy.com,male,False,3,True,15,Accountant,98,72,87,74,100,84,85
3357,Jason,Vazquez,jason.vazquez.3357@gslingacademy.com,male,False,3,False,24,Accountant,76,75,76,67,60,77,100
3358,Victor,Phillips,victor.phillips.3358@gslingacademy.com,male,False,2,False,27,Accountant,79,65,92,67,78,66,98
3359,Samantha,Alexander,samantha.alexander.3359@gslingacademy.com,female,False,4,False,16,Accountant,100,68,62,76,72,94,89
3360,Ashley,Green,ashley.green.3360@gslingacademy.com,female,False,4,False,14,Accountant,94,82,80,80,33,93,78
3361,Patrick,Martin,patrick.martin.3361@gslingacademy.com,male,False,3,True,20,Accountant,100,79,72,98,87,76,76
3362,Steven,Hernandez,steven.hernandez.3362@gslingacademy.com,male,False,3,False,32,Accountant,81,91,73,72,49,81,72
3363,Mary,Garza,mary.garza.3363@gslingacademy.com,female,False,4,False,27,Accountant,97,87,65,90,66,84,75
3364,Theodore,Gomez,theodore.gomez.3364@gslingacademy.com,male,False,5,True,15,Accountant,75,64,76,65,44,80,91
3365,Linda,Munoz,linda.munoz.3365@gslingacademy.com,female,False,7,False,18,Accountant,94,97,61,67,77,88,70
3366,Katelyn,Watkins,katelyn.watkins.3366@gslingacademy.com,female,False,3,False,16,Accountant,75,97,97,83,74,74,74
3367,Natasha,Morales,natasha.morales.3367@gslingacademy.com,female,False,4,False,13,Accountant,93,61,71,82,43,94,88
3368,Kimberly,Herrera,kimberly.herrera.3368@gslingacademy.com,female,False,3,False,19,Accountant,98,69,61,62,82,87,64
3369,Jordan,Sheppard,jordan.sheppard.3369@gslingacademy.com,male,False,0,False,13,Accountant,75,64,100,63,98,71,73
3370,Tristan,Martinez,tristan.martinez.3370@gslingacademy.com,male,False,3,False,18,Accountant,93,79,86,72,89,61,98
3371,Corey,Merritt,corey.merritt.3371@gslingacademy.com,male,False,2,False,14,Accountant,90,88,71,96,72,74,80
3372,Diana,Long,diana.long.3372@gslingacademy.com,female,False,0,False,33,Accountant,77,99,73,83,71,82,80
3373,Emma,Jones,emma.jones.3373@gslingacademy.com,female,False,3,True,14,Accountant,96,100,96,87,83,81,95
3374,Nicole,Daniel,nicole.daniel.3374@gslingacademy.com,female,False,0,False,32,Accountant,88,93,91,92,53,65,88
3375,Laura,Stone,laura.stone.3375@gslingacademy.com,female,True,1,False,33,Accountant,94,79,64,79,96,98,93
3376,Jennifer,White,jennifer.white.3376@gslingacademy.com,female,False,5,False,34,Accountant,77,66,94,77,49,83,64
3377,Gabriel,Wilson,gabriel.wilson.3377@gslingacademy.com,male,False,2,False,35,Accountant,87,86,89,94,93,91,88
3378,Alan,Mcgrath,alan.mcgrath.3378@gslingacademy.com,male,False,2,False,20,Accountant,94,82,91,94,100,99,69
3379,Matthew,Boyd,matthew.boyd.3379@gslingacademy.com,male,False,4,True,30,Accountant,92,90,92,78,59,68,96
3380,Loretta,Webb,loretta.webb.3380@gslingacademy.com,female,False,4,False,18,Accountant,85,80,84,96,45,84,90
3381,Toni,Zimmerman,toni.zimmerman.3381@gslingacademy.com,female,False,5,False,31,Accountant,94,98,74,94,35,95,80
3382,Robert,Hartman,robert.hartman.3382@gslingacademy.com,male,False,3,False,28,Accountant,79,83,78,89,83,79,76
3383,Matthew,Green,matthew.green.3383@gslingacademy.com,male,False,3,True,26,Accountant,87,70,65,64,30,72,68
3384,Betty,Nguyen,betty.nguyen.3384@gslingacademy.com,female,False,6,False,24,Accountant,90,64,90,75,64,96,71
3385,Mark,Delgado,mark.delgado.3385@gslingacademy.com,male,False,1,False,18,Accountant,80,71,89,81,75,81,63
3386,Ryan,Hensley,ryan.hensley.3386@gslingacademy.com,male,True,1,False,15,Accountant,88,67,90,89,49,85,63
3387,Jaime,White,jaime.white.3387@gslingacademy.com,female,False,3,False,26,Accountant,75,83,66,70,57,77,96
3388,Amanda,Evans,amanda.evans.3388@gslingacademy.com,female,False,4,False,27,Accountant,83,63,84,82,78,60,71
3389,Mario,Hopkins,mario.hopkins.3389@gslingacademy.com,male,False,3,False,28,Accountant,97,88,88,79,100,74,83
3390,Erica,Woodward,erica.woodward.3390@gslingacademy.com,female,False,4,False,18,Accountant,78,80,73,91,34,73,60
3391,Stacy,Collins,stacy.collins.3391@gslingacademy.com,female,False,3,False,27,Accountant,95,88,85,86,76,78,81
3392,Susan,Gonzalez,susan.gonzalez.3392@gslingacademy.com,female,False,5,True,24,Accountant,85,85,67,91,75,93,81
3393,Courtney,Moran,courtney.moran.3393@gslingacademy.com,female,False,2,False,25,Accountant,83,63,66,67,60,60,61
3394,Angela,Collins,angela.collins.3394@gslingacademy.com,female,False,1,True,29,Accountant,82,93,67,79,84,90,64
3395,Kimberly,Wood,kimberly.wood.3395@gslingacademy.com,female,False,2,False,26,Accountant,95,79,95,62,69,82,94
3396,Aaron,Mcdaniel,aaron.mcdaniel.3396@gslingacademy.com,male,False,2,False,22,Accountant,75,80,65,80,55,86,95
3397,David,Bradford,david.bradford.3397@gslingacademy.com,male,False,0,True,14,Accountant,81,84,69,99,55,68,73
3398,Kayla,Schwartz,kayla.schwartz.3398@gslingacademy.com,female,False,0,False,20,Accountant,92,66,77,96,92,62,90
3399,Ronald,Diaz,ronald.diaz.3399@gslingacademy.com,male,False,7,True,23,Accountant,81,83,79,94,37,84,71
3400,Michael,Smith,michael.smith.3400@gslingacademy.com,male,False,7,True,33,Accountant,99,82,69,84,79,88,67
3401,Diana,Russo,diana.russo.3401@gslingacademy.com,female,False,5,False,28,Accountant,75,99,60,90,51,77,84
3402,Andrew,Stanley,andrew.stanley.3402@gslingacademy.com,male,False,2,True,25,Accountant,93,74,96,69,71,82,76
3403,Gabriella,Pierce,gabriella.pierce.3403@gslingacademy.com,female,False,6,False,15,Accountant,88,99,64,79,52,75,92
3404,Anita,Carter,anita.carter.3404@gslingacademy.com,female,True,9,False,19,Accountant,89,99,96,72,84,62,98
3405,Rhonda,Smith,rhonda.smith.3405@gslingacademy.com,female,False,6,False,34,Accountant,87,75,90,82,99,66,92
3406,Christopher,Fleming,christopher.fleming.3406@gslingacademy.com,male,True,7,False,29,Accountant,93,64,86,82,35,73,84
3407,Anthony,Peterson,anthony.peterson.3407@gslingacademy.com,male,False,3,False,27,Accountant,96,64,76,97,81,87,99
3408,Emma,Morris,emma.morris.3408@gslingacademy.com,female,False,8,False,21,Accountant,76,84,95,66,84,74,64
3409,Robert,Mccall,robert.mccall.3409@gslingacademy.com,male,False,4,False,32,Accountant,87,100,60,99,45,73,86
3410,Mark,Mathews,mark.mathews.3410@gslingacademy.com,male,False,6,False,21,Accountant,79,74,78,97,87,85,79
3411,Joseph,Griffin,joseph.griffin.3411@gslingacademy.com,male,False,0,False,33,Accountant,84,64,82,81,85,84,89
3412,Donald,Fischer,donald.fischer.3412@gslingacademy.com,male,False,5,False,20,Accountant,79,65,78,65,57,99,92
3413,Michael,Arnold,michael.arnold.3413@gslingacademy.com,male,False,5,False,21,Accountant,77,77,97,66,87,73,75
3414,Kristen,Werner,kristen.werner.3414@gslingacademy.com,female,False,3,False,23,Accountant,92,75,100,78,32,84,69
3415,Sara,Johnson,sara.johnson.3415@gslingacademy.com,female,False,2,False,20,Accountant,99,70,97,93,87,90,88
3416,Dylan,Edwards,dylan.edwards.3416@gslingacademy.com,male,False,4,False,19,Accountant,83,60,95,68,33,62,73
3417,Kristopher,Murray,kristopher.murray.3417@gslingacademy.com,male,False,1,True,16,Accountant,87,81,69,82,70,62,66
3418,James,Simpson,james.simpson.3418@gslingacademy.com,male,False,5,False,26,Accountant,79,90,82,92,70,60,80
3419,Robert,Campbell,robert.campbell.3419@gslingacademy.com,male,False,3,False,15,Accountant,97,73,64,95,71,68,78
3420,Nicole,Smith,nicole.smith.3420@gslingacademy.com,female,True,1,False,14,Accountant,100,68,85,85,62,63,92
3421,Jeffrey,Miller,jeffrey.miller.3421@gslingacademy.com,male,False,2,False,21,Accountant,91,100,98,96,66,87,65
3422,Michael,Wilson,michael.wilson.3422@gslingacademy.com,male,False,3,False,26,Accountant,92,86,61,78,56,68,85
3423,Andrew,Olson,andrew.olson.3423@gslingacademy.com,male,False,2,False,28,Accountant,98,88,81,65,59,84,87
3424,James,Bryant,james.bryant.3424@gslingacademy.com,male,False,1,False,27,Accountant,99,87,67,91,36,76,64
3425,Steven,Lewis,steven.lewis.3425@gslingacademy.com,male,False,1,False,19,Accountant,76,62,90,82,93,71,61
3426,Natalie,Smith,natalie.smith.3426@gslingacademy.com,female,False,5,False,27,Accountant,82,99,91,69,83,93,100
3427,Avery,Blankenship,avery.blankenship.3427@gslingacademy.com,female,True,3,False,23,Accountant,94,68,89,77,44,79,68
3428,Troy,Hamilton,troy.hamilton.3428@gslingacademy.com,male,False,1,True,21,Accountant,91,75,72,81,78,60,81
3429,Piper,Shannon,piper.shannon.3429@gslingacademy.com,female,True,2,False,16,Accountant,81,91,66,73,79,62,87
3430,Tina,Rivera,tina.rivera.3430@gslingacademy.com,female,False,5,False,26,Accountant,90,66,59,81,20,81,66
3431,Patricia,Carlson,patricia.carlson.3431@gslingacademy.com,female,False,5,False,37,Accountant,84,75,91,81,78,83,91
3432,Peter,Frye,peter.frye.3432@gslingacademy.com,male,False,1,False,24,Accountant,81,70,71,84,48,57,78
3433,Juan,Dennis,juan.dennis.3433@gslingacademy.com,male,True,6,False,26,Accountant,72,97,60,80,44,88,76
3434,Jacob,Schmidt,jacob.schmidt.3434@gslingacademy.com,male,False,2,False,20,Accountant,92,84,79,83,100,81,79
3435,Marcos,Torres,marcos.torres.3435@gslingacademy.com,male,False,2,False,17,Accountant,91,69,95,71,65,87,80
3436,Roy,Watkins,roy.watkins.3436@gslingacademy.com,male,False,1,False,23,Accountant,75,66,65,82,81,76,69
3437,Derek,Carpenter,derek.carpenter.3437@gslingacademy.com,male,False,2,False,25,Accountant,95,78,100,83,54,87,79
3438,Jenna,Lawson,jenna.lawson.3438@gslingacademy.com,female,False,5,True,22,Accountant,92,100,92,77,49,71,77
3439,Dawn,Valencia,dawn.valencia.3439@gslingacademy.com,female,False,4,True,15,Accountant,82,60,100,77,32,80,60
3440,Madeline,Richardson,madeline.richardson.3440@gslingacademy.com,female,True,4,False,23,Accountant,82,76,64,71,57,81,90
3441,Ernest,Hanna,ernest.hanna.3441@gslingacademy.com,male,False,2,False,18,Accountant,82,50,100,76,55,51,65
3442,Camila,Gillespie,camila.gillespie.3442@gslingacademy.com,female,True,0,False,19,Accountant,94,90,64,74,81,67,76
3443,Cynthia,Schmidt,cynthia.schmidt.3443@gslingacademy.com,female,False,3,False,22,Accountant,80,96,100,69,98,91,83
3444,Quinn,Lewis,quinn.lewis.3444@gslingacademy.com,female,False,4,True,11,Accountant,86,60,100,84,93,72,86
3445,Chelsea,Yates,chelsea.yates.3445@gslingacademy.com,female,False,8,False,21,Accountant,76,60,80,73,100,69,100
3446,Jenny,Jacobson,jenny.jacobson.3446@gslingacademy.com,female,False,3,False,20,Accountant,82,75,93,73,90,87,85
3447,Sophie,Molina,sophie.molina.3447@gslingacademy.com,female,True,4,False,14,Accountant,89,78,73,85,93,75,83
3448,Alex,Ruiz,alex.ruiz.3448@gslingacademy.com,male,False,2,False,16,Accountant,73,78,82,93,66,69,86
3449,Roy,Rubio,roy.rubio.3449@gslingacademy.com,male,False,5,False,24,Accountant,85,85,75,86,71,86,98
3450,George,Holmes,george.holmes.3450@gslingacademy.com,male,False,0,False,25,Accountant,88,85,92,75,49,53,81
3451,Nicholas,Mejia,nicholas.mejia.3451@gslingacademy.com,male,False,4,False,18,Accountant,100,76,92,71,27,100,66
3452,Earl,Joseph,earl.joseph.3452@gslingacademy.com,male,False,4,False,20,Accountant,89,99,70,73,84,68,90
3453,Rickey,Johnson,rickey.johnson.3453@gslingacademy.com,male,False,5,False,34,Accountant,80,90,62,90,38,92,94
3454,Dylan,Phelps,dylan.phelps.3454@gslingacademy.com,male,False,4,False,19,Accountant,86,67,77,80,58,78,67
3455,Luis,Banks,luis.banks.3455@gslingacademy.com,male,False,4,False,21,Accountant,91,72,71,72,53,96,92
3456,Brooks,Pierce,brooks.pierce.3456@gslingacademy.com,male,False,3,True,22,Accountant,90,68,80,61,55,72,71
3457,Darryl,Cantu,darryl.cantu.3457@gslingacademy.com,male,False,6,True,24,Accountant,87,55,93,85,52,88,77
3458,Francisco,Austin,francisco.austin.3458@gslingacademy.com,male,False,7,False,12,Accountant,97,80,95,100,95,74,93
3459,Jacob,Miller,jacob.miller.3459@gslingacademy.com,male,True,4,False,20,Accountant,100,74,74,76,43,89,56
3460,Trevor,Harris,trevor.harris.3460@gslingacademy.com,male,False,2,False,15,Accountant,90,75,84,93,91,84,100
3461,Scott,Moses,scott.moses.3461@gslingacademy.com,male,False,3,False,19,Accountant,87,97,87,75,65,93,64
3462,Colton,Logan,colton.logan.3462@gslingacademy.com,male,True,3,False,26,Accountant,86,82,88,71,40,98,80
3463,Audrey,Kerr,audrey.kerr.3463@gslingacademy.com,female,False,0,False,32,Accountant,85,97,71,79,42,85,86
3464,Paul,Carpenter,paul.carpenter.3464@gslingacademy.com,male,False,3,False,16,Accountant,73,69,72,82,81,67,73
3465,Catherine,Figueroa,catherine.figueroa.3465@gslingacademy.com,female,False,3,False,22,Accountant,100,84,84,95,76,75,77
3466,John,Duncan,john.duncan.3466@gslingacademy.com,male,False,0,False,29,Accountant,96,95,73,100,65,91,94
3467,Cora,Villanueva,cora.villanueva.3467@gslingacademy.com,female,False,3,True,9,Accountant,84,63,78,79,42,68,60
3468,Jennie,Morris,jennie.morris.3468@gslingacademy.com,female,False,10,False,17,Accountant,86,81,79,77,78,95,90
3469,Addison,Fields,addison.fields.3469@gslingacademy.com,female,True,4,False,16,Accountant,83,79,88,78,92,81,88
3470,James,Hall,james.hall.3470@gslingacademy.com,male,False,0,False,13,Accountant,86,81,64,97,61,85,71
3471,Serenity,Stephens,serenity.stephens.3471@gslingacademy.com,female,False,5,True,17,Accountant,82,76,100,86,63,74,73
3472,Tonya,Hanna,tonya.hanna.3472@gslingacademy.com,female,False,3,False,19,Accountant,79,88,85,76,63,49,74
3473,Courtney,Gray,courtney.gray.3473@gslingacademy.com,female,True,5,False,22,Accountant,89,91,89,67,79,83,86
3474,Leonard,Ross,leonard.ross.3474@gslingacademy.com,male,True,2,False,25,Accountant,74,84,86,83,62,73,65
3475,Dolores,Ford,dolores.ford.3475@gslingacademy.com,female,False,0,False,25,Accountant,90,81,95,81,78,84,82
3476,Latoya,Kim,latoya.kim.3476@gslingacademy.com,female,False,2,False,9,Accountant,88,75,75,96,59,80,76
3477,Jill,Brennan,jill.brennan.3477@gslingacademy.com,female,False,2,True,16,Accountant,99,77,86,78,62,61,78
3478,Nora,Valdez,nora.valdez.3478@gslingacademy.com,female,False,0,False,31,Accountant,96,79,92,90,59,76,74
3479,Liam,Dean,liam.dean.3479@gslingacademy.com,male,False,5,False,31,Accountant,78,69,67,67,88,74,85
3480,Shelby,Haley,shelby.haley.3480@gslingacademy.com,female,False,0,True,34,Accountant,92,85,100,98,73,91,86
3481,Jeffery,Rivas,jeffery.rivas.3481@gslingacademy.com,male,False,2,False,18,Accountant,100,68,71,59,46,97,95
3482,Cameron,Pruitt,cameron.pruitt.3482@gslingacademy.com,male,False,0,False,22,Accountant,100,60,93,83,98,84,77
3483,Brielle,Greene,brielle.greene.3483@gslingacademy.com,female,False,7,False,12,Accountant,80,79,74,74,64,94,99
3484,Emily,Knight,emily.knight.3484@gslingacademy.com,female,False,0,True,15,Accountant,100,62,98,67,30,71,82
3485,William,Kirby,william.kirby.3485@gslingacademy.com,male,False,3,True,5,Accountant,71,64,65,63,44,83,56
3486,Kevin,Gordon,kevin.gordon.3486@gslingacademy.com,male,True,5,False,28,Accountant,89,91,71,82,89,97,87
3487,Kevin,Hicks,kevin.hicks.3487@gslingacademy.com,male,False,0,True,15,Accountant,88,78,94,87,50,74,76
3488,Seth,Holt,seth.holt.3488@gslingacademy.com,male,False,3,False,29,Accountant,100,63,70,81,53,68,83
3489,Erica,Mosley,erica.mosley.3489@gslingacademy.com,female,False,7,False,26,Accountant,81,78,71,87,94,81,81
3490,Camila,Parsons,camila.parsons.3490@gslingacademy.com,female,False,4,False,15,Accountant,86,67,74,59,81,84,75
3491,Brayden,Hudson,brayden.hudson.3491@gslingacademy.com,male,False,2,True,28,Accountant,95,88,100,80,69,98,65
3492,Seth,Keller,seth.keller.3492@gslingacademy.com,male,True,0,True,21,Accountant,88,74,84,58,95,64,91
3493,Carla,Li,carla.li.3493@gslingacademy.com,female,False,4,False,34,Accountant,81,81,70,87,44,63,68
3494,Camila,Castillo,camila.castillo.3494@gslingacademy.com,female,False,2,False,19,Accountant,79,67,71,87,73,82,57
3495,Maxwell,Joseph,maxwell.joseph.3495@gslingacademy.com,male,False,2,True,20,Accountant,83,87,98,84,75,78,100
3496,Armando,Torres,armando.torres.3496@gslingacademy.com,male,False,2,False,26,Accountant,84,75,73,91,72,84,69
3497,Jason,Berry,jason.berry.3497@gslingacademy.com,male,False,0,False,22,Accountant,93,70,68,66,60,64,71
3498,Vanessa,Tucker,vanessa.tucker.3498@gslingacademy.com,female,False,0,False,21,Accountant,85,87,79,92,57,76,99
3499,James,Lawson,james.lawson.3499@gslingacademy.com,male,False,0,False,20,Accountant,90,76,80,85,81,74,83
3500,Kathryn,Mcbride,kathryn.mcbride.3500@gslingacademy.com,female,True,3,False,23,Accountant,94,81,84,82,62,57,77
3501,Miriam,Gomez,miriam.gomez.3501@gslingacademy.com,female,False,6,False,25,Accountant,96,81,97,89,56,84,92
3502,Randy,Pearson,randy.pearson.3502@gslingacademy.com,male,False,6,False,29,Accountant,93,72,79,92,97,95,100
3503,Lucas,Fox,lucas.fox.3503@gslingacademy.com,male,False,1,True,22,Accountant,83,88,97,83,57,97,73
3504,Kristy,Moses,kristy.moses.3504@gslingacademy.com,female,False,5,False,38,Accountant,100,86,80,93,55,100,98
3505,Omar,Pruitt,omar.pruitt.3505@gslingacademy.com,male,False,5,False,12,Accountant,88,75,89,65,35,47,86
3506,Louis,Gray,louis.gray.3506@gslingacademy.com,male,False,3,False,20,Accountant,91,98,72,93,67,88,79
3507,Peyton,Long,peyton.long.3507@gslingacademy.com,female,False,0,False,20,Accountant,92,89,70,75,44,75,85
3508,Stella,Sullivan,stella.sullivan.3508@gslingacademy.com,female,False,0,False,32,Accountant,91,67,90,84,60,91,87
3509,Gerardo,Washington,gerardo.washington.3509@gslingacademy.com,male,False,0,True,23,Accountant,87,71,87,65,91,73,86
3510,Charles,Gonzalez,charles.gonzalez.3510@gslingacademy.com,male,False,4,False,15,Accountant,87,91,48,92,28,70,58
3511,Jill,Contreras,jill.contreras.3511@gslingacademy.com,female,False,3,False,16,Accountant,93,72,73,79,71,57,79
3512,Dennis,Hansen,dennis.hansen.3512@gslingacademy.com,male,False,4,False,21,Accountant,88,91,47,79,100,95,100
3513,Ruben,Yates,ruben.yates.3513@gslingacademy.com,male,False,4,False,13,Accountant,76,83,76,85,50,76,71
3514,Monica,Delgado,monica.delgado.3514@gslingacademy.com,female,False,2,False,23,Accountant,99,82,85,89,54,90,56
3515,Danny,Gray,danny.gray.3515@gslingacademy.com,male,False,3,False,15,Accountant,80,57,96,67,57,76,81
3516,Valentina,Kim,valentina.kim.3516@gslingacademy.com,female,False,5,False,15,Accountant,73,80,62,88,73,72,78
3517,Roger,Gutierrez,roger.gutierrez.3517@gslingacademy.com,male,False,3,False,17,Accountant,88,73,87,83,58,93,90
3518,Madelyn,Cross,madelyn.cross.3518@gslingacademy.com,female,True,1,True,26,Accountant,94,61,83,69,67,89,77
3519,Eileen,Tran,eileen.tran.3519@gslingacademy.com,female,False,0,True,30,Accountant,91,80,88,75,88,79,73
3520,Evelyn,Sparks,evelyn.sparks.3520@gslingacademy.com,female,True,4,False,27,Accountant,90,73,97,86,57,93,73
3521,Charles,Baker,charles.baker.3521@gslingacademy.com,male,False,0,False,26,Accountant,87,79,73,69,59,61,71
3522,Dalton,Phillips,dalton.phillips.3522@gslingacademy.com,male,False,5,False,27,Accountant,90,87,66,100,75,74,70
3523,Patrick,Blankenship,patrick.blankenship.3523@gslingacademy.com,male,True,2,False,26,Accountant,95,64,69,83,61,70,66
3524,Dustin,Morse,dustin.morse.3524@gslingacademy.com,male,False,1,False,23,Accountant,75,90,83,89,61,88,72
3525,Nellie,Walker,nellie.walker.3525@gslingacademy.com,female,False,3,True,17,Accountant,89,79,80,82,97,76,83
3526,Brenda,Glover,brenda.glover.3526@gslingacademy.com,female,True,2,False,24,Accountant,85,86,97,87,80,85,90
3527,Bella,Craig,bella.craig.3527@gslingacademy.com,female,False,6,True,20,Accountant,93,100,55,72,100,96,90
3528,Sadie,Ryan,sadie.ryan.3528@gslingacademy.com,female,False,1,False,19,Accountant,91,86,67,88,87,75,89
3529,Delilah,Fields,delilah.fields.3529@gslingacademy.com,female,False,4,False,14,Accountant,83,69,81,78,75,67,64
3530,Cody,Guzman,cody.guzman.3530@gslingacademy.com,male,False,5,False,27,Accountant,90,67,91,69,100,67,84
3531,Kyle,Cohen,kyle.cohen.3531@gslingacademy.com,male,False,3,False,21,Accountant,83,65,86,75,76,98,82
3532,Alfred,Walker,alfred.walker.3532@gslingacademy.com,male,False,4,False,17,Accountant,94,56,80,74,73,92,58
3533,Arianna,Compton,arianna.compton.3533@gslingacademy.com,female,True,5,False,33,Accountant,98,89,100,79,42,79,94
3534,Caleb,Holloway,caleb.holloway.3534@gslingacademy.com,male,False,0,False,29,Accountant,94,75,75,82,76,87,86
3535,Robyn,Gray,robyn.gray.3535@gslingacademy.com,female,False,3,False,12,Accountant,76,72,94,92,90,69,82
3536,Colby,Morales,colby.morales.3536@gslingacademy.com,male,False,3,True,21,Accountant,78,98,59,88,85,66,70
3537,Mia,Fields,mia.fields.3537@gslingacademy.com,female,False,0,True,31,Accountant,77,73,95,83,99,96,93
3538,Monique,Harrison,monique.harrison.3538@gslingacademy.com,female,False,0,False,23,Accountant,90,99,81,94,58,80,83
3539,Derek,Santos,derek.santos.3539@gslingacademy.com,male,False,3,False,33,Accountant,92,82,87,98,41,84,74
3540,Terry,Snyder,terry.snyder.3540@gslingacademy.com,male,False,5,True,21,Accountant,98,69,74,67,100,86,87
3541,Peyton,Delgado,peyton.delgado.3541@gslingacademy.com,female,True,7,False,27,Accountant,75,75,91,73,48,90,88
3542,Gerardo,Kemp,gerardo.kemp.3542@gslingacademy.com,male,False,5,False,29,Accountant,74,67,71,78,65,73,66
3543,Ramon,Martin,ramon.martin.3543@gslingacademy.com,male,False,3,True,24,Accountant,85,73,86,91,85,96,83
3544,Brenda,Nash,brenda.nash.3544@gslingacademy.com,female,False,4,False,28,Accountant,89,70,74,67,69,65,82
3545,Pam,Harris,pam.harris.3545@gslingacademy.com,female,False,5,True,21,Accountant,85,67,76,72,51,64,97
3546,Christy,Pitts,christy.pitts.3546@gslingacademy.com,female,False,5,True,15,Accountant,76,69,84,72,42,94,87
3547,Earl,Gillespie,earl.gillespie.3547@gslingacademy.com,male,False,0,False,19,Accountant,85,76,66,90,60,56,70
3548,Jenna,Malcolm,jenna.malcolm.3548@gslingacademy.com,female,False,5,False,28,Accountant,81,82,78,97,56,100,79
3549,Madeline,Garza,madeline.garza.3549@gslingacademy.com,female,False,5,False,22,Accountant,90,75,46,77,52,96,80
3550,Jonathan,Lambert,jonathan.lambert.3550@gslingacademy.com,male,False,2,True,27,Accountant,72,95,88,74,64,76,67
3551,Emilia,Walker,emilia.walker.3551@gslingacademy.com,female,False,4,True,27,Accountant,99,71,73,67,86,90,100
3552,Julio,Park,julio.park.3552@gslingacademy.com,male,True,0,False,8,Accountant,85,57,85,74,47,67,62
3553,Ryan,Frye,ryan.frye.3553@gslingacademy.com,male,False,1,False,26,Accountant,89,73,87,87,70,77,70
3554,Leslie,Kirby,leslie.kirby.3554@gslingacademy.com,female,False,3,False,23,Accountant,97,78,61,77,49,74,66
3555,Scott,Snyder,scott.snyder.3555@gslingacademy.com,male,True,3,False,25,Accountant,93,86,70,88,65,87,71
3556,Joseph,Carr,joseph.carr.3556@gslingacademy.com,male,False,2,False,28,Accountant,93,86,84,77,85,70,73
3557,Russell,Santiago,russell.santiago.3557@gslingacademy.com,male,False,0,False,16,Accountant,85,74,87,80,50,67,52
3558,Oliver,Parker,oliver.parker.3558@gslingacademy.com,male,False,2,False,22,Accountant,94,66,96,79,72,65,89
3559,Arturo,Edwards,arturo.edwards.3559@gslingacademy.com,male,True,1,False,26,Accountant,89,87,59,79,46,86,87
3560,Emilia,Gordon,emilia.gordon.3560@gslingacademy.com,female,False,6,False,25,Accountant,83,83,72,93,67,70,71
3561,Kristin,Jefferson,kristin.jefferson.3561@gslingacademy.com,female,False,7,False,14,Accountant,73,84,71,85,46,80,76
3562,Bella,Mills,bella.mills.3562@gslingacademy.com,female,False,6,False,16,Accountant,87,69,98,89,100,81,86
3563,Cora,Jensen,cora.jensen.3563@gslingacademy.com,female,False,4,False,27,Accountant,90,78,85,81,37,92,86
3564,Katie,Nash,katie.nash.3564@gslingacademy.com,female,False,4,False,22,Accountant,81,60,90,91,43,74,87
3565,Ray,Lewis,ray.lewis.3565@gslingacademy.com,male,False,6,False,21,Accountant,84,78,95,79,83,84,92
3566,Courtney,Stafford,courtney.stafford.3566@gslingacademy.com,female,False,2,False,17,Accountant,86,73,84,87,96,80,81
3567,Addison,Werner,addison.werner.3567@gslingacademy.com,female,False,0,False,28,Accountant,100,87,88,100,63,89,63
3568,Joshua,Campos,joshua.campos.3568@gslingacademy.com,male,False,3,False,16,Accountant,93,89,94,72,57,75,73
3569,Albert,Avila,albert.avila.3569@gslingacademy.com,male,False,2,False,22,Accountant,79,82,86,99,19,90,74
3570,Aurora,Andrews,aurora.andrews.3570@gslingacademy.com,female,False,5,False,24,Accountant,90,93,63,96,58,90,95
3571,Sean,Castillo,sean.castillo.3571@gslingacademy.com,male,False,1,False,27,Accountant,84,73,71,96,100,78,65
3572,Brittany,Watkins,brittany.watkins.3572@gslingacademy.com,female,True,6,True,22,Accountant,81,61,80,78,47,72,67
3573,Earl,Matthews,earl.matthews.3573@gslingacademy.com,male,True,3,False,22,Accountant,82,57,88,52,72,90,71
3574,Roger,Butler,roger.butler.3574@gslingacademy.com,male,False,3,False,16,Accountant,93,78,59,88,80,79,87
3575,Colby,Smith,colby.smith.3575@gslingacademy.com,male,False,0,True,28,Accountant,94,77,60,81,40,88,97
3576,Jordan,Cohen,jordan.cohen.3576@gslingacademy.com,male,False,1,False,22,Accountant,81,86,87,60,56,65,74
3577,Nicholas,Aguilar,nicholas.aguilar.3577@gslingacademy.com,male,False,2,False,37,Accountant,90,77,100,78,88,85,93
3578,Brooke,Meyer,brooke.meyer.3578@gslingacademy.com,female,False,4,True,26,Accountant,81,86,89,91,37,83,84
3579,Bailey,Stewart,bailey.stewart.3579@gslingacademy.com,female,False,5,False,24,Accountant,100,83,69,100,72,92,85
3580,Roger,Tucker,roger.tucker.3580@gslingacademy.com,male,True,4,False,29,Accountant,91,77,80,77,60,67,77
3581,Herbert,Wells,herbert.wells.3581@gslingacademy.com,male,False,2,True,29,Accountant,100,91,91,82,78,74,71
3582,Sergio,Simmons,sergio.simmons.3582@gslingacademy.com,male,True,1,True,34,Accountant,88,67,64,82,31,75,45
3583,Elias,Snyder,elias.snyder.3583@gslingacademy.com,male,False,6,False,9,Accountant,90,71,73,82,52,76,94
3584,Bianca,Howard,bianca.howard.3584@gslingacademy.com,female,True,7,False,32,Accountant,87,85,66,96,80,61,66
3585,Miguel,Mccall,miguel.mccall.3585@gslingacademy.com,male,False,0,False,19,Accountant,82,81,91,85,54,75,76
3586,Ebony,Mathews,ebony.mathews.3586@gslingacademy.com,female,False,4,False,25,Accountant,76,90,81,72,41,67,94
3587,Joseph,Novak,joseph.novak.3587@gslingacademy.com,male,False,5,True,21,Accountant,95,97,100,89,57,75,89
3588,Molly,Williams,molly.williams.3588@gslingacademy.com,female,False,4,False,34,Accountant,82,60,94,56,69,64,84
3589,William,Silva,william.silva.3589@gslingacademy.com,male,False,3,False,28,Accountant,86,63,95,89,69,93,81
3590,Tammy,Moon,tammy.moon.3590@gslingacademy.com,female,False,7,False,24,Accountant,89,85,73,84,42,92,76
3591,Griffin,Castillo,griffin.castillo.3591@gslingacademy.com,male,False,2,True,21,Accountant,90,94,79,100,93,82,72
3592,Cameron,Fox,cameron.fox.3592@gslingacademy.com,male,False,3,False,30,Accountant,85,65,66,82,38,96,77
3593,Curtis,Mccarthy,curtis.mccarthy.3593@gslingacademy.com,male,False,4,True,21,Accountant,100,100,77,87,60,81,79
3594,Alan,Cohen,alan.cohen.3594@gslingacademy.com,male,False,4,False,32,Accountant,83,80,100,88,93,89,98
3595,Jorge,Mcgee,jorge.mcgee.3595@gslingacademy.com,male,False,5,False,17,Accountant,86,84,73,67,42,59,82
3596,Quinn,Munoz,quinn.munoz.3596@gslingacademy.com,female,True,6,False,28,Accountant,86,54,82,95,57,86,79
3597,Aurora,Buck,aurora.buck.3597@gslingacademy.com,female,False,4,False,23,Accountant,89,57,73,86,50,78,87
3598,Isaiah,Brewer,isaiah.brewer.3598@gslingacademy.com,male,False,3,False,28,Accountant,100,82,58,100,59,71,70
3599,Eric,Meyer,eric.meyer.3599@gslingacademy.com,male,False,2,False,23,Accountant,97,100,77,100,50,88,76
3600,Todd,Johnson,todd.johnson.3600@gslingacademy.com,male,False,6,True,25,Accountant,92,92,93,73,100,74,95
3601,Cynthia,Knapp,cynthia.knapp.3601@gslingacademy.com,female,False,4,False,30,Designer,70,68,92,74,82,85,72
3602,Jill,Perez,jill.perez.3602@gslingacademy.com,female,False,1,False,15,Designer,89,66,93,81,86,88,70
3603,Christopher,Jenkins,christopher.jenkins.3603@gslingacademy.com,male,False,1,False,3,Designer,87,62,87,96,85,90,74
3604,Joanne,Campos,joanne.campos.3604@gslingacademy.com,female,False,2,False,6,Designer,62,83,84,75,83,85,86
3605,Steven,York,steven.york.3605@gslingacademy.com,male,False,5,False,17,Designer,65,72,96,69,78,93,72
3606,Keith,Summers,keith.summers.3606@gslingacademy.com,male,False,5,False,16,Designer,98,88,92,84,90,90,71
3607,Debra,Valdez,debra.valdez.3607@gslingacademy.com,female,False,1,False,28,Designer,69,63,88,73,83,74,94
3608,Victoria,Vasquez,victoria.vasquez.3608@gslingacademy.com,female,False,1,False,11,Designer,71,98,96,60,90,79,72
3609,Laura,Rodriguez,laura.rodriguez.3609@gslingacademy.com,female,True,6,False,5,Designer,72,92,67,100,70,94,81
3610,Carla,Lewis,carla.lewis.3610@gslingacademy.com,female,False,1,False,13,Designer,90,72,78,61,78,88,74
3611,Ricky,Nichols,ricky.nichols.3611@gslingacademy.com,male,False,1,False,16,Designer,65,90,68,99,74,82,86
3612,Tracy,Harris,tracy.harris.3612@gslingacademy.com,male,False,2,False,11,Designer,70,73,70,67,96,86,89
3613,Sandra,Jacobs,sandra.jacobs.3613@gslingacademy.com,female,False,1,False,3,Designer,91,62,75,60,82,91,96
3614,Joseph,Stone,joseph.stone.3614@gslingacademy.com,male,False,3,False,20,Designer,94,61,77,73,79,65,89
3615,Daniel,Brown,daniel.brown.3615@gslingacademy.com,male,False,1,False,1,Designer,88,78,84,96,92,99,97
3616,Susan,Perez,susan.perez.3616@gslingacademy.com,female,False,2,False,32,Designer,72,72,68,81,95,90,99
3617,Christopher,Peterson,christopher.peterson.3617@gslingacademy.com,male,False,3,True,12,Designer,66,89,65,99,84,84,86
3618,Jeffrey,Price,jeffrey.price.3618@gslingacademy.com,male,False,2,False,4,Designer,80,65,96,73,84,92,73
3619,Theresa,Gray,theresa.gray.3619@gslingacademy.com,female,False,2,False,3,Designer,100,68,80,75,85,82,85
3620,Beth,Acosta,beth.acosta.3620@gslingacademy.com,female,False,7,False,15,Designer,80,91,100,87,87,94,100
3621,Angela,Brown,angela.brown.3621@gslingacademy.com,female,False,1,False,6,Designer,88,88,98,92,71,66,90
3622,Kari,Hernandez,kari.hernandez.3622@gslingacademy.com,female,True,2,False,29,Designer,67,69,75,94,98,80,74
3623,Alexis,Hall,alexis.hall.3623@gslingacademy.com,female,False,5,False,9,Designer,70,88,100,91,98,68,81
3624,Christopher,Jenkins,christopher.jenkins.3624@gslingacademy.com,male,False,5,False,3,Designer,76,77,99,87,95,94,85
3625,Cassandra,Hodges,cassandra.hodges.3625@gslingacademy.com,female,False,5,False,12,Designer,78,95,66,70,75,99,84
3626,Pamela,Edwards,pamela.edwards.3626@gslingacademy.com,female,False,5,False,14,Designer,96,67,88,82,90,74,96
3627,Maurice,Nguyen,maurice.nguyen.3627@gslingacademy.com,male,False,3,False,21,Designer,87,74,92,67,85,63,87
3628,Craig,Weber,craig.weber.3628@gslingacademy.com,male,False,3,False,34,Designer,93,70,80,67,77,80,91
3629,Stephanie,Allen,stephanie.allen.3629@gslingacademy.com,female,False,4,True,11,Designer,96,61,85,87,83,80,79
3630,Miguel,Hernandez,miguel.hernandez.3630@gslingacademy.com,male,True,1,False,17,Designer,74,88,99,92,93,85,81
3631,Adam,Wallace,adam.wallace.3631@gslingacademy.com,male,False,3,False,11,Designer,75,92,70,62,87,87,98
3632,Brian,Crawford,brian.crawford.3632@gslingacademy.com,male,False,0,False,17,Designer,100,83,67,77,88,76,84
3633,Heather,Marsh,heather.marsh.3633@gslingacademy.com,female,False,0,False,13,Designer,97,67,79,76,76,66,97
3634,Traci,Johnson,traci.johnson.3634@gslingacademy.com,female,False,5,False,35,Designer,99,89,88,94,99,89,92
3635,Charles,May,charles.may.3635@gslingacademy.com,male,False,1,False,16,Designer,76,76,92,86,79,85,78
3636,Andres,Rodriguez,andres.rodriguez.3636@gslingacademy.com,male,False,1,False,29,Designer,79,69,78,78,99,61,87
3637,Mary,Arnold,mary.arnold.3637@gslingacademy.com,female,False,1,False,35,Designer,99,96,99,91,94,92,99
3638,Christine,Collins,christine.collins.3638@gslingacademy.com,female,False,3,False,26,Designer,84,64,98,100,89,79,96
3639,Kathryn,Sanchez,kathryn.sanchez.3639@gslingacademy.com,female,False,2,False,23,Designer,74,90,90,80,91,92,100
3640,Nicole,King,nicole.king.3640@gslingacademy.com,female,True,5,True,10,Designer,71,70,87,62,92,63,80
3641,Jeffrey,Moore,jeffrey.moore.3641@gslingacademy.com,male,False,1,False,23,Designer,62,72,78,96,70,74,72
3642,Robert,Hart,robert.hart.3642@gslingacademy.com,male,False,5,False,27,Designer,93,97,77,70,81,83,87
3643,Catherine,Ibarra,catherine.ibarra.3643@gslingacademy.com,female,False,5,False,31,Designer,94,68,89,90,91,98,72
3644,Isaac,Santos,isaac.santos.3644@gslingacademy.com,male,False,2,False,14,Designer,96,94,60,62,86,79,79
3645,Katherine,Turner,katherine.turner.3645@gslingacademy.com,female,False,7,False,20,Designer,82,67,88,62,73,64,79
3646,Joseph,Patterson,joseph.patterson.3646@gslingacademy.com,male,False,1,True,26,Designer,82,98,78,63,83,91,94
3647,Nicole,Weeks,nicole.weeks.3647@gslingacademy.com,female,False,1,False,7,Designer,83,81,70,90,73,89,87
3648,James,Sherman,james.sherman.3648@gslingacademy.com,male,False,2,False,2,Designer,82,73,64,95,87,73,99
3649,Teresa,Lopez,teresa.lopez.3649@gslingacademy.com,female,False,2,False,26,Designer,85,89,72,80,99,94,90
3650,Jamie,Mccarthy,jamie.mccarthy.3650@gslingacademy.com,male,False,5,False,16,Designer,91,69,97,76,97,81,86
3651,Casey,Hall,casey.hall.3651@gslingacademy.com,female,False,1,False,5,Designer,75,88,63,64,84,74,72
3652,Tina,Harrison,tina.harrison.3652@gslingacademy.com,female,False,1,False,35,Designer,94,88,87,97,93,86,94
3653,Daryl,Arnold,daryl.arnold.3653@gslingacademy.com,male,False,1,True,4,Designer,65,95,89,96,78,85,80
3654,Erica,Valdez,erica.valdez.3654@gslingacademy.com,female,False,6,False,12,Designer,83,79,87,66,78,93,82
3655,Ashley,Fleming,ashley.fleming.3655@gslingacademy.com,female,True,6,False,6,Designer,90,74,92,67,83,73,89
3656,Holly,Erickson,holly.erickson.3656@gslingacademy.com,female,False,6,False,8,Designer,97,91,61,75,95,61,89
3657,Jeffery,Beasley,jeffery.beasley.3657@gslingacademy.com,male,False,0,False,31,Designer,83,80,82,90,97,89,99
3658,Brandy,Stafford,brandy.stafford.3658@gslingacademy.com,female,False,5,False,25,Designer,84,76,75,66,95,87,80
3659,Elizabeth,Ferguson,elizabeth.ferguson.3659@gslingacademy.com,female,True,5,False,15,Designer,86,97,98,99,91,95,93
3660,Earl,Calderon,earl.calderon.3660@gslingacademy.com,male,False,3,False,35,Designer,77,80,85,72,89,69,91
3661,Julio,Gonzalez,julio.gonzalez.3661@gslingacademy.com,male,False,2,False,0,Designer,81,87,58,72,85,80,79
3662,Autumn,Moon,autumn.moon.3662@gslingacademy.com,female,False,6,True,12,Designer,98,89,70,69,75,88,56
3663,Earl,Coleman,earl.coleman.3663@gslingacademy.com,male,False,1,False,8,Designer,87,67,67,79,91,77,86
3664,Nellie,Kennedy,nellie.kennedy.3664@gslingacademy.com,female,True,3,False,0,Designer,77,100,59,73,80,83,91
3665,Jordan,Richardson,jordan.richardson.3665@gslingacademy.com,male,True,0,False,8,Designer,60,91,94,80,82,92,83
3666,Jose,Hensley,jose.hensley.3666@gslingacademy.com,male,False,0,True,18,Designer,73,80,42,73,76,71,96
3667,Cameron,Wagner,cameron.wagner.3667@gslingacademy.com,male,False,0,False,8,Designer,83,74,70,76,75,88,79
3668,Charlotte,Finley,charlotte.finley.3668@gslingacademy.com,female,False,6,False,10,Designer,80,77,88,84,91,86,93
3669,Leroy,Kerr,leroy.kerr.3669@gslingacademy.com,male,False,4,False,21,Designer,82,93,78,100,99,97,77
3670,Ingrid,Lopez,ingrid.lopez.3670@gslingacademy.com,female,True,1,False,17,Designer,69,78,66,70,68,82,80
3671,Vivian,Lane,vivian.lane.3671@gslingacademy.com,female,False,2,True,0,Designer,61,96,70,90,80,88,86
3672,Peyton,Cooper,peyton.cooper.3672@gslingacademy.com,female,False,4,False,17,Designer,96,89,73,83,99,87,94
3673,Lindsay,Oliver,lindsay.oliver.3673@gslingacademy.com,female,False,5,True,39,Designer,74,88,84,78,98,95,99
3674,Madison,Johnson,madison.johnson.3674@gslingacademy.com,female,False,2,False,22,Designer,86,73,87,64,98,76,83
3675,Lisa,Petersen,lisa.petersen.3675@gslingacademy.com,female,False,3,False,22,Designer,84,79,61,83,96,70,84
3676,Shane,Villanueva,shane.villanueva.3676@gslingacademy.com,male,False,1,False,9,Designer,71,88,74,63,82,75,67
3677,Jesse,Houston,jesse.houston.3677@gslingacademy.com,male,False,3,False,9,Designer,72,99,61,80,86,89,78
3678,Brooks,Buck,brooks.buck.3678@gslingacademy.com,male,False,3,False,40,Designer,72,87,100,78,91,69,86
3679,Dominic,Cantu,dominic.cantu.3679@gslingacademy.com,male,False,0,False,26,Designer,94,94,75,78,88,81,95
3680,Alejandro,Russell,alejandro.russell.3680@gslingacademy.com,male,False,0,False,13,Designer,71,76,70,98,86,67,97
3681,Pam,Knight,pam.knight.3681@gslingacademy.com,female,False,4,False,4,Designer,68,99,89,77,71,69,77
3682,Bryan,Lawrence,bryan.lawrence.3682@gslingacademy.com,male,False,3,False,14,Designer,84,79,76,91,97,93,90
3683,Paisley,Donovan,paisley.donovan.3683@gslingacademy.com,female,False,4,True,3,Designer,98,45,88,69,83,76,67
3684,Amy,Wright,amy.wright.3684@gslingacademy.com,female,False,3,False,7,Designer,90,84,94,91,92,83,91
3685,Caleb,Lee,caleb.lee.3685@gslingacademy.com,male,False,0,False,15,Designer,52,100,99,91,77,82,76
3686,Morgan,Dean,morgan.dean.3686@gslingacademy.com,female,False,2,False,12,Designer,97,79,87,68,88,94,89
3687,Sofia,Ramos,sofia.ramos.3687@gslingacademy.com,female,False,2,True,0,Designer,66,86,100,86,73,85,76
3688,Austin,Boyd,austin.boyd.3688@gslingacademy.com,male,False,1,False,8,Designer,94,83,80,79,67,85,82
3689,Alejandro,Mason,alejandro.mason.3689@gslingacademy.com,male,False,1,True,33,Designer,64,66,100,100,89,80,84
3690,Emily,Owen,emily.owen.3690@gslingacademy.com,female,False,0,False,26,Designer,81,97,100,77,99,87,88
3691,James,Rocha,james.rocha.3691@gslingacademy.com,male,False,0,True,17,Designer,74,60,72,71,80,80,64
3692,Frederick,Cohen,frederick.cohen.3692@gslingacademy.com,male,False,0,False,0,Designer,99,68,83,91,69,78,70
3693,Nina,Young,nina.young.3693@gslingacademy.com,female,False,1,False,24,Designer,80,70,86,89,93,89,93
3694,Dustin,Mays,dustin.mays.3694@gslingacademy.com,male,True,1,False,9,Designer,82,76,86,78,87,93,79
3695,Audrey,Cohen,audrey.cohen.3695@gslingacademy.com,female,False,0,False,26,Designer,77,76,79,85,95,74,80
3696,Rita,Mendez,rita.mendez.3696@gslingacademy.com,female,False,3,False,0,Designer,83,61,88,71,74,82,69
3697,David,Russell,david.russell.3697@gslingacademy.com,male,False,1,False,19,Designer,89,68,95,78,80,63,83
3698,Jordan,Duncan,jordan.duncan.3698@gslingacademy.com,male,False,6,False,2,Designer,100,55,95,77,84,83,100
3699,Kinsley,Kline,kinsley.kline.3699@gslingacademy.com,female,False,5,True,26,Designer,66,70,97,80,75,79,69
3700,Philip,Gutierrez,philip.gutierrez.3700@gslingacademy.com,male,False,3,False,22,Designer,72,80,85,71,84,73,71
3701,Vivian,Allen,vivian.allen.3701@gslingacademy.com,female,False,4,False,0,Designer,96,71,78,53,64,75,80
3702,Sophie,Juarez,sophie.juarez.3702@gslingacademy.com,female,False,3,True,8,Designer,81,95,83,68,88,72,94
3703,Cora,Foster,cora.foster.3703@gslingacademy.com,female,False,1,True,17,Designer,77,83,66,73,66,89,92
3704,Jeffrey,Haley,jeffrey.haley.3704@gslingacademy.com,male,False,1,False,31,Designer,80,71,96,93,98,89,87
3705,Jennie,Porter,jennie.porter.3705@gslingacademy.com,female,False,1,False,11,Designer,87,78,78,86,74,74,80
3706,David,Preston,david.preston.3706@gslingacademy.com,male,False,1,False,0,Designer,82,98,89,100,88,80,90
3707,Tina,Bowers,tina.bowers.3707@gslingacademy.com,female,False,1,False,8,Designer,80,88,92,67,87,87,76
3708,Mia,Brewer,mia.brewer.3708@gslingacademy.com,female,False,0,False,34,Designer,75,96,88,86,89,90,81
3709,Pam,Santos,pam.santos.3709@gslingacademy.com,female,False,1,False,23,Designer,100,85,90,77,84,82,93
3710,Stephen,Clark,stephen.clark.3710@gslingacademy.com,male,False,1,True,14,Designer,81,73,100,76,84,86,73
3711,Elena,Boyd,elena.boyd.3711@gslingacademy.com,female,True,2,False,31,Designer,93,65,88,71,87,69,70
3712,Maria,Wood,maria.wood.3712@gslingacademy.com,female,False,4,True,41,Designer,80,87,75,87,92,72,86
3713,Antoinette,Hamilton,antoinette.hamilton.3713@gslingacademy.com,female,False,1,True,1,Designer,70,81,88,75,92,77,88
3714,Isaiah,Becker,isaiah.becker.3714@gslingacademy.com,male,False,1,False,22,Designer,54,80,76,68,85,64,80
3715,Beulah,Willis,beulah.willis.3715@gslingacademy.com,female,True,5,False,23,Designer,79,54,89,80,77,79,86
3716,Bobby,Li,bobby.li.3716@gslingacademy.com,male,False,3,False,26,Designer,82,80,80,81,90,77,76
3717,James,Bush,james.bush.3717@gslingacademy.com,male,False,5,False,19,Designer,70,67,66,49,77,71,98
3718,Kristin,Soto,kristin.soto.3718@gslingacademy.com,female,False,2,False,22,Designer,63,62,78,82,95,77,78
3719,Marissa,Bush,marissa.bush.3719@gslingacademy.com,female,True,0,True,28,Designer,80,96,75,81,95,97,85
3720,Luis,Ryan,luis.ryan.3720@gslingacademy.com,male,True,1,False,1,Designer,73,58,83,89,87,87,74
3721,Cody,Rivera,cody.rivera.3721@gslingacademy.com,male,False,2,True,12,Designer,78,76,100,79,82,79,79
3722,Clara,Mcneil,clara.mcneil.3722@gslingacademy.com,female,False,0,False,17,Designer,91,64,94,57,62,89,81
3723,Shelly,Espinoza,shelly.espinoza.3723@gslingacademy.com,female,False,3,False,36,Designer,93,82,97,58,99,76,83
3724,Aaron,Le,aaron.le.3724@gslingacademy.com,male,False,0,False,10,Designer,63,100,74,74,78,100,100
3725,Earl,Murphy,earl.murphy.3725@gslingacademy.com,male,False,1,False,0,Designer,96,69,77,88,75,73,83
3726,Brooklyn,Petersen,brooklyn.petersen.3726@gslingacademy.com,female,False,5,True,16,Designer,68,46,100,63,98,81,79
3727,Harper,Mendoza,harper.mendoza.3727@gslingacademy.com,female,False,3,True,15,Designer,76,71,69,78,85,64,75
3728,Ricky,Pitts,ricky.pitts.3728@gslingacademy.com,male,True,0,False,5,Designer,80,84,86,100,86,83,77
3729,Jaime,Moses,jaime.moses.3729@gslingacademy.com,male,False,3,False,6,Designer,65,69,75,88,91,84,88
3730,Tonya,Lester,tonya.lester.3730@gslingacademy.com,female,False,0,False,9,Designer,100,76,74,72,78,77,70
3731,Piper,Bennett,piper.bennett.3731@gslingacademy.com,female,False,0,False,9,Designer,86,73,82,79,69,93,79
3732,Jill,Mckay,jill.mckay.3732@gslingacademy.com,female,False,0,False,27,Designer,78,57,86,81,100,80,87
3733,Tanya,Parsons,tanya.parsons.3733@gslingacademy.com,female,False,4,False,15,Designer,94,65,97,88,94,63,79
3734,Walter,Best,walter.best.3734@gslingacademy.com,male,True,5,False,18,Designer,80,64,98,87,75,90,70
3735,Ernest,Wheeler,ernest.wheeler.3735@gslingacademy.com,male,False,3,False,0,Designer,96,70,80,62,83,90,77
3736,Parker,Pearson,parker.pearson.3736@gslingacademy.com,male,False,4,False,15,Designer,92,82,81,62,92,86,93
3737,Emma,Morse,emma.morse.3737@gslingacademy.com,female,False,1,False,1,Designer,75,63,84,92,67,86,96
3738,Omar,Scott,omar.scott.3738@gslingacademy.com,male,False,8,False,13,Designer,86,74,100,74,93,94,76
3739,Rosa,Tran,rosa.tran.3739@gslingacademy.com,female,False,1,False,0,Designer,82,90,75,95,83,95,72
3740,Luna,Moreno,luna.moreno.3740@gslingacademy.com,female,False,5,False,1,Designer,94,69,96,75,81,75,76
3741,Marlene,Salazar,marlene.salazar.3741@gslingacademy.com,female,False,6,False,7,Designer,84,67,88,86,84,77,90
3742,Skylar,Andrews,skylar.andrews.3742@gslingacademy.com,female,False,4,False,20,Designer,89,92,100,81,84,83,94
3743,Allison,Gibson,allison.gibson.3743@gslingacademy.com,female,False,0,False,13,Designer,89,74,80,73,75,87,89
3744,Jennifer,Buckley,jennifer.buckley.3744@gslingacademy.com,female,False,0,False,0,Designer,87,79,75,77,82,81,89
3745,Emma,Brennan,emma.brennan.3745@gslingacademy.com,female,False,4,True,20,Designer,84,80,74,78,85,85,90
3746,Nicholas,Peterson,nicholas.peterson.3746@gslingacademy.com,male,False,0,False,11,Designer,85,78,80,76,84,73,78
3747,Raymond,Pace,raymond.pace.3747@gslingacademy.com,male,False,0,False,7,Designer,73,92,62,92,82,100,87
3748,Valentina,Valencia,valentina.valencia.3748@gslingacademy.com,female,False,1,False,15,Designer,79,75,67,86,79,84,99
3749,Todd,Morgan,todd.morgan.3749@gslingacademy.com,male,False,0,False,14,Designer,86,72,72,100,85,75,95
3750,Mia,Malcolm,mia.malcolm.3750@gslingacademy.com,female,False,3,False,18,Designer,93,71,94,81,74,89,86
3751,Louis,Rollins,louis.rollins.3751@gslingacademy.com,male,False,2,False,23,Designer,71,73,77,87,91,83,91
3752,Paige,Welch,paige.welch.3752@gslingacademy.com,female,False,5,False,0,Designer,94,69,82,71,86,71,76
3753,Russell,Mcdaniel,russell.mcdaniel.3753@gslingacademy.com,male,False,2,False,22,Designer,99,91,71,80,90,60,96
3754,Stanley,Hernandez,stanley.hernandez.3754@gslingacademy.com,male,True,2,True,30,Designer,86,59,79,78,81,79,70
3755,Herbert,Chase,herbert.chase.3755@gslingacademy.com,male,False,4,False,25,Designer,99,84,91,72,91,75,86
3756,Fernando,Villanueva,fernando.villanueva.3756@gslingacademy.com,male,False,4,False,20,Designer,93,79,85,68,89,79,84
3757,Victoria,Sloan,victoria.sloan.3757@gslingacademy.com,female,False,3,False,25,Designer,68,69,93,78,81,91,77
3758,Savannah,Tucker,savannah.tucker.3758@gslingacademy.com,female,False,4,True,15,Designer,88,79,91,75,85,96,100
3759,Howard,Porter,howard.porter.3759@gslingacademy.com,male,False,1,True,39,Designer,87,79,98,87,80,85,87
3760,Stanley,Perry,stanley.perry.3760@gslingacademy.com,male,False,1,False,22,Designer,100,81,65,64,82,75,92
3761,Ella,Werner,ella.werner.3761@gslingacademy.com,female,False,1,True,21,Designer,82,80,72,74,76,89,85
3762,Raul,Russell,raul.russell.3762@gslingacademy.com,male,True,1,True,5,Designer,84,86,82,74,77,89,93
3763,Ivy,Parsons,ivy.parsons.3763@gslingacademy.com,female,False,1,False,6,Designer,73,89,64,62,77,73,70
3764,Makayla,Joyce,makayla.joyce.3764@gslingacademy.com,female,True,2,False,16,Designer,75,83,100,76,85,79,86
3765,Mason,Dennis,mason.dennis.3765@gslingacademy.com,male,False,3,False,20,Designer,100,82,81,67,88,78,89
3766,Tony,Werner,tony.werner.3766@gslingacademy.com,male,True,0,False,23,Designer,68,82,70,100,90,89,95
3767,Antoinette,Hill,antoinette.hill.3767@gslingacademy.com,female,False,3,True,30,Designer,71,80,84,60,100,87,84
3768,Gregory,Welch,gregory.welch.3768@gslingacademy.com,male,False,0,False,23,Designer,84,80,76,75,80,69,73
3769,Sherry,Henry,sherry.henry.3769@gslingacademy.com,female,False,4,True,11,Designer,81,62,79,64,81,80,82
3770,Wanda,Flores,wanda.flores.3770@gslingacademy.com,female,False,7,False,13,Designer,84,79,82,70,91,86,91
3771,Ebony,Sparks,ebony.sparks.3771@gslingacademy.com,female,False,3,False,22,Designer,92,91,68,77,76,79,71
3772,Craig,Harper,craig.harper.3772@gslingacademy.com,male,False,4,False,15,Designer,70,91,80,78,84,97,70
3773,Jeffrey,Best,jeffrey.best.3773@gslingacademy.com,male,False,3,False,22,Designer,82,92,76,88,94,80,88
3774,Mackenzie,Hanna,mackenzie.hanna.3774@gslingacademy.com,female,False,2,False,24,Designer,76,73,76,78,81,81,82
3775,Roger,Fleming,roger.fleming.3775@gslingacademy.com,male,False,3,True,21,Designer,78,83,70,80,75,96,82
3776,Marco,Schneider,marco.schneider.3776@gslingacademy.com,male,False,3,False,20,Designer,99,66,80,76,82,76,75
3777,Gabriel,Park,gabriel.park.3777@gslingacademy.com,male,False,1,False,19,Designer,98,73,68,65,84,78,87
3778,Rafael,Clark,rafael.clark.3778@gslingacademy.com,male,False,0,False,36,Designer,90,60,71,100,95,75,93
3779,Marcos,Powell,marcos.powell.3779@gslingacademy.com,male,False,2,False,6,Designer,75,80,84,93,80,99,81
3780,Nathan,Castro,nathan.castro.3780@gslingacademy.com,male,True,3,False,16,Designer,65,82,84,79,100,96,85
3781,Alexandra,Gentry,alexandra.gentry.3781@gslingacademy.com,female,False,2,True,14,Designer,91,83,66,89,76,78,89
3782,Jenna,Le,jenna.le.3782@gslingacademy.com,female,False,2,False,17,Designer,74,90,61,88,73,76,83
3783,Dawn,Cruz,dawn.cruz.3783@gslingacademy.com,female,False,2,False,11,Designer,100,75,91,86,76,95,82
3784,Charlotte,Gardner,charlotte.gardner.3784@gslingacademy.com,female,False,4,False,34,Designer,77,80,81,79,94,95,75
3785,Travis,Andrews,travis.andrews.3785@gslingacademy.com,male,False,1,False,6,Designer,94,67,87,67,96,77,84
3786,Colleen,Davidson,colleen.davidson.3786@gslingacademy.com,female,False,5,False,10,Designer,61,80,98,87,91,71,89
3787,Kristen,Edwards,kristen.edwards.3787@gslingacademy.com,female,False,3,False,30,Designer,87,85,68,45,86,73,77
3788,Mitchell,Shaw,mitchell.shaw.3788@gslingacademy.com,male,False,5,False,11,Designer,80,81,85,90,88,85,78
3789,Lauren,Molina,lauren.molina.3789@gslingacademy.com,female,False,1,False,0,Designer,95,73,93,65,86,80,98
3790,Curtis,Kelly,curtis.kelly.3790@gslingacademy.com,male,True,2,False,4,Designer,76,58,100,89,77,76,81
3791,Sherry,Marshall,sherry.marshall.3791@gslingacademy.com,female,False,1,False,26,Designer,82,90,77,75,84,79,92
3792,Raul,Calhoun,raul.calhoun.3792@gslingacademy.com,male,False,5,False,1,Designer,69,86,81,77,76,82,68
3793,Veronica,Salazar,veronica.salazar.3793@gslingacademy.com,female,False,1,False,6,Designer,80,65,77,67,80,89,89
3794,Allison,Hart,allison.hart.3794@gslingacademy.com,female,False,0,False,19,Designer,92,81,73,77,86,100,76
3795,Gerardo,Reyes,gerardo.reyes.3795@gslingacademy.com,male,True,0,False,16,Designer,85,72,79,93,81,84,89
3796,Ethan,King,ethan.king.3796@gslingacademy.com,male,False,0,False,23,Designer,65,62,83,90,89,86,77
3797,Viola,Phillips,viola.phillips.3797@gslingacademy.com,female,False,2,False,21,Designer,91,69,84,90,95,86,100
3798,Natasha,Peters,natasha.peters.3798@gslingacademy.com,female,False,0,True,29,Designer,69,75,83,75,88,72,76
3799,Delilah,Holmes,delilah.holmes.3799@gslingacademy.com,female,False,0,False,6,Designer,75,74,69,73,81,100,79
3800,Ruben,Phelps,ruben.phelps.3800@gslingacademy.com,male,False,0,False,24,Designer,87,98,67,65,91,87,90
3801,Graham,Rollins,graham.rollins.3801@gslingacademy.com,male,False,0,False,40,Designer,71,80,74,98,93,87,88
3802,Riley,Young,riley.young.3802@gslingacademy.com,female,False,5,False,0,Designer,84,76,73,77,88,59,81
3803,Lydia,Hanna,lydia.hanna.3803@gslingacademy.com,female,True,2,False,21,Designer,74,96,82,73,90,90,92
3804,Leona,Fleming,leona.fleming.3804@gslingacademy.com,female,True,4,False,19,Designer,70,92,85,77,93,89,95
3805,Cody,Meyer,cody.meyer.3805@gslingacademy.com,male,False,2,False,1,Designer,85,70,65,66,75,73,75
3806,Parker,Mathews,parker.mathews.3806@gslingacademy.com,male,False,3,False,15,Designer,82,70,78,90,81,93,89
3807,Lindsay,Pitts,lindsay.pitts.3807@gslingacademy.com,female,False,3,False,3,Designer,81,100,59,65,81,89,79
3808,Paisley,Harvey,paisley.harvey.3808@gslingacademy.com,female,False,5,False,14,Designer,96,76,80,75,74,72,79
3809,Amelia,Padilla,amelia.padilla.3809@gslingacademy.com,female,False,0,False,15,Designer,67,88,50,81,83,91,78
3810,Tim,Petersen,tim.petersen.3810@gslingacademy.com,male,False,1,False,18,Designer,71,62,75,87,91,69,76
3811,Jeffrey,Munoz,jeffrey.munoz.3811@gslingacademy.com,male,False,3,False,25,Designer,90,69,74,74,95,74,97
3812,Omar,Novak,omar.novak.3812@gslingacademy.com,male,False,3,False,21,Designer,82,82,91,72,89,85,64
3813,Raul,Delgado,raul.delgado.3813@gslingacademy.com,male,True,3,False,25,Designer,69,68,94,78,85,95,76
3814,Marcos,Richards,marcos.richards.3814@gslingacademy.com,male,False,0,False,39,Designer,71,80,74,62,82,83,76
3815,Danny,Lawrence,danny.lawrence.3815@gslingacademy.com,male,True,4,False,20,Designer,58,76,84,75,79,82,83
3816,Elena,Le,elena.le.3816@gslingacademy.com,female,False,0,False,12,Designer,63,79,57,80,91,82,83
3817,Bryan,Kline,bryan.kline.3817@gslingacademy.com,male,False,2,True,7,Designer,100,75,78,79,86,93,94
3818,Mitchell,Lee,mitchell.lee.3818@gslingacademy.com,male,False,0,False,14,Designer,96,81,93,59,90,75,70
3819,Audrey,Koch,audrey.koch.3819@gslingacademy.com,female,False,4,False,16,Designer,100,67,84,57,89,76,80
3820,Zoey,Compton,zoey.compton.3820@gslingacademy.com,female,True,0,True,16,Designer,90,77,84,85,94,89,90
3821,Bella,Finley,bella.finley.3821@gslingacademy.com,female,False,3,False,25,Designer,71,70,63,79,83,79,93
3822,Audrey,Carpenter,audrey.carpenter.3822@gslingacademy.com,female,False,0,False,33,Designer,66,78,100,80,94,75,85
3823,Noah,Patel,noah.patel.3823@gslingacademy.com,male,False,3,False,20,Designer,85,86,70,79,81,99,82
3824,Jaime,Barrett,jaime.barrett.3824@gslingacademy.com,male,False,1,True,31,Designer,91,81,78,60,84,89,75
3825,Delilah,Buckley,delilah.buckley.3825@gslingacademy.com,female,False,5,False,37,Designer,75,100,86,96,84,94,90
3826,Catherine,Kidd,catherine.kidd.3826@gslingacademy.com,female,False,2,False,14,Designer,94,73,75,66,73,71,71
3827,Spencer,Singh,spencer.singh.3827@gslingacademy.com,male,False,1,False,16,Designer,94,83,59,63,79,100,85
3828,Eva,Holt,eva.holt.3828@gslingacademy.com,female,False,1,False,5,Designer,70,80,72,72,86,82,82
3829,Molly,Davenport,molly.davenport.3829@gslingacademy.com,female,False,0,False,25,Designer,81,83,86,59,87,79,86
3830,Shawna,Kirby,shawna.kirby.3830@gslingacademy.com,female,False,5,False,3,Designer,73,83,85,84,96,62,78
3831,John,Davis,john.davis.3831@gslingacademy.com,male,False,4,False,11,Designer,80,78,78,69,80,76,78
3832,Wesley,Mccall,wesley.mccall.3832@gslingacademy.com,male,False,4,False,10,Designer,88,66,84,50,77,83,81
3833,Kristen,Knox,kristen.knox.3833@gslingacademy.com,female,False,4,False,26,Designer,90,76,87,89,83,71,80
3834,Danny,Fleming,danny.fleming.3834@gslingacademy.com,male,False,1,False,23,Designer,84,78,94,90,96,79,82
3835,Melvin,Little,melvin.little.3835@gslingacademy.com,male,False,1,False,27,Designer,58,81,76,76,79,66,93
3836,Kylie,Gonzales,kylie.gonzales.3836@gslingacademy.com,female,False,2,True,20,Designer,87,79,100,89,93,90,83
3837,Reid,Rogers,reid.rogers.3837@gslingacademy.com,male,False,0,False,4,Designer,76,81,82,78,90,88,83
3838,Isaiah,Rojas,isaiah.rojas.3838@gslingacademy.com,male,False,0,False,13,Designer,83,88,66,87,92,86,94
3839,Paige,Rojas,paige.rojas.3839@gslingacademy.com,female,False,2,False,8,Designer,87,92,100,89,93,86,94
3840,Nova,Watkins,nova.watkins.3840@gslingacademy.com,female,False,3,False,29,Designer,99,91,100,91,92,87,84
3841,Kylie,Gardner,kylie.gardner.3841@gslingacademy.com,female,False,5,True,18,Designer,90,83,100,77,95,78,66
3842,Savannah,Cameron,savannah.cameron.3842@gslingacademy.com,female,False,0,False,15,Designer,76,76,75,74,91,79,91
3843,Lydia,Collins,lydia.collins.3843@gslingacademy.com,female,False,2,False,11,Designer,86,98,61,70,89,94,98
3844,Jaime,Aguilar,jaime.aguilar.3844@gslingacademy.com,male,False,1,False,4,Designer,77,58,70,69,80,65,82
3845,Malik,Allen,malik.allen.3845@gslingacademy.com,male,False,2,True,3,Designer,77,70,93,80,75,81,81
3846,Cameron,Washington,cameron.washington.3846@gslingacademy.com,male,False,0,False,27,Designer,79,75,81,72,88,67,85
3847,Michelle,Watkins,michelle.watkins.3847@gslingacademy.com,female,False,0,False,23,Designer,82,100,79,100,89,93,72
3848,Nellie,May,nellie.may.3848@gslingacademy.com,female,False,4,False,10,Designer,98,43,100,78,88,58,79
3849,Valentina,Fuentes,valentina.fuentes.3849@gslingacademy.com,female,False,1,False,15,Designer,90,79,83,98,92,97,92
3850,Malik,Malcolm,malik.malcolm.3850@gslingacademy.com,male,False,5,False,19,Designer,86,100,95,84,87,86,79
3851,Jamie,Torres,jamie.torres.3851@gslingacademy.com,male,False,5,False,33,Designer,89,76,94,80,88,89,88
3852,Stanley,Novak,stanley.novak.3852@gslingacademy.com,male,False,1,True,9,Designer,74,76,67,87,86,70,73
3853,Arturo,Grant,arturo.grant.3853@gslingacademy.com,male,False,7,True,18,Designer,70,84,72,65,71,79,76
3854,Austin,Contreras,austin.contreras.3854@gslingacademy.com,male,True,9,False,12,Designer,84,69,84,67,83,95,82
3855,Cecilia,Johnson,cecilia.johnson.3855@gslingacademy.com,female,False,0,False,23,Designer,93,89,78,86,84,78,100
3856,Brayden,Noble,brayden.noble.3856@gslingacademy.com,male,False,5,False,13,Designer,69,68,88,64,83,61,90
3857,Connor,Boyd,connor.boyd.3857@gslingacademy.com,male,False,2,True,3,Designer,84,73,64,55,83,86,89
3858,Samantha,Acosta,samantha.acosta.3858@gslingacademy.com,female,False,0,False,17,Designer,85,68,76,75,80,64,80
3859,Stephen,Brady,stephen.brady.3859@gslingacademy.com,male,False,1,False,22,Designer,90,70,84,94,95,83,85
3860,Lillian,Harvey,lillian.harvey.3860@gslingacademy.com,female,False,4,False,16,Designer,83,68,91,91,85,97,87
3861,Caroline,Kerr,caroline.kerr.3861@gslingacademy.com,female,False,7,True,9,Designer,95,63,100,68,85,77,82
3862,Charlotte,Contreras,charlotte.contreras.3862@gslingacademy.com,female,False,2,False,18,Designer,82,73,95,75,82,89,76
3863,Cooper,Willis,cooper.willis.3863@gslingacademy.com,male,False,1,False,13,Designer,70,73,84,79,87,75,92
3864,Randall,Figueroa,randall.figueroa.3864@gslingacademy.com,male,False,2,True,20,Designer,75,92,72,75,89,86,69
3865,Derek,Sparks,derek.sparks.3865@gslingacademy.com,male,False,3,False,5,Designer,67,76,86,89,74,94,70
3866,Miguel,Gilbert,miguel.gilbert.3866@gslingacademy.com,male,False,5,False,19,Designer,100,84,80,61,85,74,100
3867,Taylor,Gibbs,taylor.gibbs.3867@gslingacademy.com,female,False,2,False,16,Designer,99,66,81,91,85,70,93
3868,Abraham,Reynolds,abraham.reynolds.3868@gslingacademy.com,male,False,5,False,0,Designer,84,57,76,65,79,71,68
3869,Kaden,Diaz,kaden.diaz.3869@gslingacademy.com,male,False,0,False,14,Designer,60,88,86,87,80,74,75
3870,Joan,Frye,joan.frye.3870@gslingacademy.com,female,False,3,False,23,Designer,99,81,74,67,98,73,86
3871,Andrew,Farmer,andrew.farmer.3871@gslingacademy.com,male,False,3,False,23,Designer,53,65,91,86,74,91,80
3872,Brian,Bush,brian.bush.3872@gslingacademy.com,male,False,2,False,3,Designer,86,97,84,76,87,81,100
3873,Walter,Newman,walter.newman.3873@gslingacademy.com,male,False,4,True,17,Designer,94,47,95,58,84,95,75
3874,Tonya,Parker,tonya.parker.3874@gslingacademy.com,female,False,2,False,26,Designer,84,67,91,91,86,90,85
3875,Brooklyn,Harrison,brooklyn.harrison.3875@gslingacademy.com,female,False,2,False,12,Designer,66,62,99,87,84,85,80
3876,Adeline,Wiley,adeline.wiley.3876@gslingacademy.com,female,False,0,False,8,Designer,91,81,80,81,83,95,78
3877,Trevor,Coleman,trevor.coleman.3877@gslingacademy.com,male,False,3,False,24,Designer,100,72,83,85,92,56,97
3878,Courtney,Vargas,courtney.vargas.3878@gslingacademy.com,female,False,2,False,9,Designer,68,91,81,100,98,87,98
3879,Evan,Garza,evan.garza.3879@gslingacademy.com,male,False,1,False,35,Designer,84,71,90,81,92,85,100
3880,Olivia,Nichols,olivia.nichols.3880@gslingacademy.com,female,False,3,False,6,Designer,78,98,68,61,87,79,89
3881,Christian,Adams,christian.adams.3881@gslingacademy.com,male,True,4,False,5,Designer,70,82,94,88,79,84,85
3882,Larry,Hopkins,larry.hopkins.3882@gslingacademy.com,male,False,3,True,12,Designer,75,78,100,86,100,75,87
3883,Joanne,Jones,joanne.jones.3883@gslingacademy.com,female,True,5,False,10,Designer,83,81,89,72,92,57,78
3884,Seth,Wang,seth.wang.3884@gslingacademy.com,male,False,2,False,18,Designer,100,74,94,72,96,82,93
3885,Brandon,Black,brandon.black.3885@gslingacademy.com,male,False,1,False,13,Designer,98,95,89,64,92,90,86
3886,Norman,Shaw,norman.shaw.3886@gslingacademy.com,male,False,4,False,20,Designer,83,85,88,81,97,75,100
3887,Beckett,Price,beckett.price.3887@gslingacademy.com,male,False,4,False,24,Designer,64,81,82,96,86,90,90
3888,Nora,Cox,nora.cox.3888@gslingacademy.com,female,False,2,False,18,Designer,76,89,54,76,85,78,96
3889,Chad,Grimes,chad.grimes.3889@gslingacademy.com,male,False,1,False,20,Designer,85,70,100,83,90,74,83
3890,Tamara,Friedman,tamara.friedman.3890@gslingacademy.com,female,False,4,False,0,Designer,66,96,94,100,90,91,87
3891,Brett,Gillespie,brett.gillespie.3891@gslingacademy.com,male,False,2,False,21,Designer,93,76,88,83,80,98,96
3892,Javier,Jones,javier.jones.3892@gslingacademy.com,male,False,4,False,0,Designer,81,57,85,82,80,80,83
3893,Sandra,Parker,sandra.parker.3893@gslingacademy.com,female,False,2,False,25,Designer,85,93,86,89,88,85,97
3894,Nicholas,Hammond,nicholas.hammond.3894@gslingacademy.com,male,False,7,False,27,Designer,77,86,82,88,100,74,92
3895,Pamela,Gregory,pamela.gregory.3895@gslingacademy.com,female,False,2,False,9,Designer,88,68,69,55,83,71,74
3896,Kinsley,Jackson,kinsley.jackson.3896@gslingacademy.com,female,False,3,False,14,Designer,87,89,100,64,91,86,88
3897,Randy,Jones,randy.jones.3897@gslingacademy.com,male,False,4,False,15,Designer,65,81,79,86,100,78,82
3898,Martin,Lawson,martin.lawson.3898@gslingacademy.com,male,False,2,False,18,Designer,94,86,82,75,93,74,91
3899,Nevaeh,Pitts,nevaeh.pitts.3899@gslingacademy.com,female,False,2,False,13,Designer,85,76,83,64,80,86,81
3900,Gabriel,Medina,gabriel.medina.3900@gslingacademy.com,male,False,4,False,40,Designer,76,68,98,85,85,83,100
3901,Ryan,Lee,ryan.lee.3901@gslingacademy.com,male,False,2,True,19,Construction Engineer,99,94,87,71,89,91,96
3902,Michael,Gilmore,michael.gilmore.3902@gslingacademy.com,male,False,1,False,29,Construction Engineer,92,100,85,89,81,91,88
3903,Eric,Reyes,eric.reyes.3903@gslingacademy.com,male,False,2,False,18,Construction Engineer,91,73,99,70,63,80,78
3904,Anthony,Sullivan,anthony.sullivan.3904@gslingacademy.com,male,True,3,False,24,Construction Engineer,96,66,92,88,65,76,72
3905,Troy,Shepherd,troy.shepherd.3905@gslingacademy.com,male,False,4,False,33,Construction Engineer,86,88,99,79,93,97,91
3906,Alex,Clark,alex.clark.3906@gslingacademy.com,male,False,4,False,12,Construction Engineer,85,73,89,73,97,66,79
3907,Joe,Strickland,joe.strickland.3907@gslingacademy.com,male,False,4,False,32,Construction Engineer,91,73,86,73,84,60,71
3908,Christopher,Cook,christopher.cook.3908@gslingacademy.com,male,False,0,False,24,Construction Engineer,96,80,86,94,63,72,75
3909,Nathan,Padilla,nathan.padilla.3909@gslingacademy.com,male,False,2,False,12,Construction Engineer,89,65,82,65,76,95,62
3910,Jeffrey,Shannon,jeffrey.shannon.3910@gslingacademy.com,male,False,1,False,31,Construction Engineer,87,100,86,60,80,78,96
3911,Robert,Johnson,robert.johnson.3911@gslingacademy.com,male,False,2,False,24,Construction Engineer,94,72,96,93,93,79,64
3912,Joshua,Smith,joshua.smith.3912@gslingacademy.com,male,False,5,False,10,Construction Engineer,86,91,96,60,91,73,88
3913,Gary,Gray,gary.gray.3913@gslingacademy.com,male,False,7,True,21,Construction Engineer,91,76,96,77,99,64,83
3914,Cory,Harris,cory.harris.3914@gslingacademy.com,male,False,4,False,28,Construction Engineer,85,72,87,72,68,85,78
3915,Rodney,Bennett,rodney.bennett.3915@gslingacademy.com,male,False,2,False,15,Construction Engineer,92,63,91,65,69,94,98
3916,Richard,Anderson,richard.anderson.3916@gslingacademy.com,male,False,5,False,17,Construction Engineer,83,95,86,80,64,66,97
3917,Paul,Hale,paul.hale.3917@gslingacademy.com,male,False,5,False,33,Construction Engineer,82,92,95,61,84,81,82
3918,Andrew,Best,andrew.best.3918@gslingacademy.com,male,True,4,False,28,Construction Engineer,83,79,92,69,85,71,95
3919,Scott,Weaver,scott.weaver.3919@gslingacademy.com,male,False,2,False,35,Construction Engineer,96,90,91,95,99,95,99
3920,Alex,Farmer,alex.farmer.3920@gslingacademy.com,male,True,3,True,15,Construction Engineer,85,96,82,64,82,94,81
3921,Xavier,Johnson,xavier.johnson.3921@gslingacademy.com,male,False,2,True,21,Construction Engineer,83,75,84,68,95,80,88
3922,Jeremiah,Stanley,jeremiah.stanley.3922@gslingacademy.com,male,False,2,False,24,Construction Engineer,100,89,90,96,72,90,86
3923,Michael,Hinton,michael.hinton.3923@gslingacademy.com,male,False,1,True,29,Construction Engineer,84,66,99,80,71,88,89
3924,Jackson,Olson,jackson.olson.3924@gslingacademy.com,male,False,2,False,35,Construction Engineer,89,99,86,97,98,97,93
3925,Michael,Waters,michael.waters.3925@gslingacademy.com,male,False,3,False,19,Construction Engineer,80,88,94,94,100,99,99
3926,James,Mcgee,james.mcgee.3926@gslingacademy.com,male,False,9,False,14,Construction Engineer,99,74,98,69,69,64,96
3927,Jesse,Kelly,jesse.kelly.3927@gslingacademy.com,male,False,4,False,19,Construction Engineer,84,65,83,99,86,75,67
3928,Ryan,Soto,ryan.soto.3928@gslingacademy.com,male,False,7,False,14,Construction Engineer,84,100,99,94,84,86,63
3929,David,Cole,david.cole.3929@gslingacademy.com,male,False,7,False,31,Construction Engineer,80,87,94,68,89,82,76
3930,Andrew,Miller,andrew.miller.3930@gslingacademy.com,male,False,0,True,30,Construction Engineer,96,98,99,65,95,76,68
3931,John,Baker,john.baker.3931@gslingacademy.com,male,False,7,False,32,Construction Engineer,87,62,84,96,69,98,64
3932,Jeffery,Mcdonald,jeffery.mcdonald.3932@gslingacademy.com,male,False,0,False,13,Construction Engineer,87,63,81,85,62,98,81
3933,Jacob,Nguyen,jacob.nguyen.3933@gslingacademy.com,male,False,3,True,24,Construction Engineer,82,71,84,68,74,64,73
3934,Jonathan,Johnson,jonathan.johnson.3934@gslingacademy.com,male,False,0,False,13,Construction Engineer,94,88,98,64,99,98,96
3935,Stephen,Sosa,stephen.sosa.3935@gslingacademy.com,male,False,2,False,16,Construction Engineer,87,89,91,76,77,97,61
3936,Paul,Taylor,paul.taylor.3936@gslingacademy.com,male,False,6,False,35,Construction Engineer,90,86,99,94,100,89,85
3937,Nicholas,Wallace,nicholas.wallace.3937@gslingacademy.com,male,False,3,False,21,Construction Engineer,94,81,88,81,71,92,73
3938,Tyler,Martin,tyler.martin.3938@gslingacademy.com,male,False,7,True,16,Construction Engineer,83,73,82,62,92,68,76
3939,Kenneth,Turner,kenneth.turner.3939@gslingacademy.com,male,False,9,True,11,Construction Engineer,82,85,94,75,97,98,76
3940,Rick,Garcia,rick.garcia.3940@gslingacademy.com,male,False,1,True,12,Construction Engineer,94,65,90,79,97,76,75
3941,Frank,Schmitt,frank.schmitt.3941@gslingacademy.com,male,False,7,False,28,Construction Engineer,81,82,99,86,88,60,89
3942,Ronald,Lane,ronald.lane.3942@gslingacademy.com,male,False,3,False,27,Construction Engineer,96,70,82,71,99,90,65
3943,John,Stevenson,john.stevenson.3943@gslingacademy.com,male,False,5,False,27,Construction Engineer,98,100,100,81,73,75,99
3944,Danny,Taylor,danny.taylor.3944@gslingacademy.com,male,False,2,False,21,Construction Engineer,83,81,96,62,66,90,91
3945,Christopher,Lopez,christopher.lopez.3945@gslingacademy.com,male,False,2,False,13,Construction Engineer,97,65,96,92,91,66,74
3946,Gregory,Barton,gregory.barton.3946@gslingacademy.com,male,False,3,False,17,Construction Engineer,89,92,88,99,92,62,71
3947,Dakota,Clark,dakota.clark.3947@gslingacademy.com,male,False,1,False,14,Construction Engineer,90,73,98,72,69,84,86
3948,Carlos,Flynn,carlos.flynn.3948@gslingacademy.com,male,False,1,False,16,Construction Engineer,90,100,98,95,97,74,63
3949,James,Tate,james.tate.3949@gslingacademy.com,male,False,10,False,11,Construction Engineer,100,60,87,60,86,93,75
3950,Bradley,Cook,bradley.cook.3950@gslingacademy.com,male,False,3,False,34,Construction Engineer,99,93,98,74,87,88,78
3951,Nathan,Calhoun,nathan.calhoun.3951@gslingacademy.com,male,False,1,False,29,Construction Engineer,86,100,86,96,73,60,77
3952,Daniel,Thomas,daniel.thomas.3952@gslingacademy.com,male,False,1,False,33,Construction Engineer,90,86,100,90,76,66,83
3953,John,Wells,john.wells.3953@gslingacademy.com,male,False,0,True,23,Construction Engineer,94,61,81,64,75,72,61
3954,Mark,Robinson,mark.robinson.3954@gslingacademy.com,male,False,1,False,11,Construction Engineer,89,70,92,100,100,95,65
3955,Mark,Smith,mark.smith.3955@gslingacademy.com,male,False,2,False,29,Construction Engineer,87,86,95,92,91,79,64
3956,Jose,Hodge,jose.hodge.3956@gslingacademy.com,male,False,0,True,16,Construction Engineer,99,88,88,90,82,88,90
3957,Paul,Miller,paul.miller.3957@gslingacademy.com,male,False,7,True,11,Construction Engineer,97,91,91,61,68,77,97
3958,Todd,Williams,todd.williams.3958@gslingacademy.com,male,False,1,False,22,Construction Engineer,94,95,80,60,89,93,88
3959,Kenneth,Gallagher,kenneth.gallagher.3959@gslingacademy.com,male,False,2,True,18,Construction Engineer,82,61,89,88,74,78,72
3960,Ricky,Walker,ricky.walker.3960@gslingacademy.com,male,False,0,False,14,Construction Engineer,92,92,92,66,90,68,66
3961,Isaiah,Cruz,isaiah.cruz.3961@gslingacademy.com,male,True,6,False,15,Construction Engineer,90,71,93,73,80,78,69
3962,Brian,Wright,brian.wright.3962@gslingacademy.com,male,False,3,True,18,Construction Engineer,98,67,80,68,80,88,85
3963,Daniel,Poole,daniel.poole.3963@gslingacademy.com,male,False,4,True,23,Construction Engineer,96,89,86,84,64,60,66
3964,William,Khan,william.khan.3964@gslingacademy.com,male,False,2,False,16,Construction Engineer,87,80,85,60,96,81,83
3965,Victor,Andrade,victor.andrade.3965@gslingacademy.com,male,False,1,False,34,Construction Engineer,83,60,80,92,84,60,70
3966,Joseph,Hess,joseph.hess.3966@gslingacademy.com,male,False,3,False,35,Construction Engineer,85,90,96,95,95,88,90
3967,Jeremy,Tran,jeremy.tran.3967@gslingacademy.com,male,False,1,False,35,Construction Engineer,98,85,100,94,93,92,94
3968,Alan,Reynolds,alan.reynolds.3968@gslingacademy.com,male,False,2,False,30,Construction Engineer,83,77,84,73,75,84,82
3969,John,Dennis,john.dennis.3969@gslingacademy.com,male,False,5,False,24,Construction Engineer,87,88,100,74,69,51,92
3970,Rosa,Porter,rosa.porter.3970@gslingacademy.com,female,False,0,False,17,Construction Engineer,86,87,88,86,92,79,67
3971,Isaiah,Wagner,isaiah.wagner.3971@gslingacademy.com,male,False,1,False,12,Construction Engineer,80,68,97,95,88,79,80
3972,Lauren,Campbell,lauren.campbell.3972@gslingacademy.com,female,False,0,True,26,Construction Engineer,83,74,92,81,87,71,75
3973,Kylie,Fowler,kylie.fowler.3973@gslingacademy.com,female,False,0,False,18,Construction Engineer,89,73,88,100,78,85,68
3974,Viola,Stephens,viola.stephens.3974@gslingacademy.com,female,False,4,False,21,Construction Engineer,79,89,95,84,99,89,66
3975,Frederick,Calhoun,frederick.calhoun.3975@gslingacademy.com,male,False,1,False,26,Construction Engineer,79,76,87,100,65,81,63
3976,Isaiah,Zuniga,isaiah.zuniga.3976@gslingacademy.com,male,False,1,False,33,Construction Engineer,86,83,89,83,100,79,88
3977,Walter,Castro,walter.castro.3977@gslingacademy.com,male,False,2,False,9,Construction Engineer,81,90,89,87,92,79,59
3978,Mariah,Sandoval,mariah.sandoval.3978@gslingacademy.com,female,True,0,True,24,Construction Engineer,85,76,85,94,65,91,83
3979,Brayden,Gardner,brayden.gardner.3979@gslingacademy.com,male,False,3,True,29,Construction Engineer,100,64,77,80,69,76,87
3980,Jesse,Friedman,jesse.friedman.3980@gslingacademy.com,male,False,3,False,19,Construction Engineer,84,93,89,61,90,100,98
3981,Clinton,George,clinton.george.3981@gslingacademy.com,male,False,1,True,31,Construction Engineer,91,96,97,83,70,82,83
3982,Aaron,Stevens,aaron.stevens.3982@gslingacademy.com,male,False,0,False,14,Construction Engineer,84,70,82,66,89,81,78
3983,Justin,Thompson,justin.thompson.3983@gslingacademy.com,male,False,3,False,27,Construction Engineer,94,78,90,75,99,73,67
3984,Herbert,Martin,herbert.martin.3984@gslingacademy.com,male,False,6,False,17,Construction Engineer,83,70,90,90,100,82,76
3985,Patrick,Hayes,patrick.hayes.3985@gslingacademy.com,male,False,4,False,23,Construction Engineer,90,61,92,51,71,94,66
3986,Chelsea,Costa,chelsea.costa.3986@gslingacademy.com,female,False,0,False,27,Construction Engineer,86,80,92,88,85,77,80
3987,Ernesto,Hill,ernesto.hill.3987@gslingacademy.com,male,False,4,False,18,Construction Engineer,73,90,100,89,81,89,81
3988,Catherine,Avery,catherine.avery.3988@gslingacademy.com,female,False,0,True,27,Construction Engineer,89,100,91,65,82,88,96
3989,Logan,Santiago,logan.santiago.3989@gslingacademy.com,male,False,2,False,12,Construction Engineer,95,69,99,82,92,73,71
3990,Lisa,Fleming,lisa.fleming.3990@gslingacademy.com,female,False,4,False,26,Construction Engineer,87,92,98,79,87,87,83
3991,Jeffrey,Daniels,jeffrey.daniels.3991@gslingacademy.com,male,False,3,False,21,Construction Engineer,92,61,78,62,63,66,65
3992,Kevin,Mays,kevin.mays.3992@gslingacademy.com,male,False,6,False,20,Construction Engineer,99,74,84,88,69,84,90
3993,Angela,Roberts,angela.roberts.3993@gslingacademy.com,female,False,0,False,22,Construction Engineer,93,49,82,96,65,82,68
3994,Grace,Cabrera,grace.cabrera.3994@gslingacademy.com,female,True,0,False,14,Construction Engineer,89,96,92,64,72,69,85
3995,Travis,Miranda,travis.miranda.3995@gslingacademy.com,male,False,0,False,32,Construction Engineer,98,88,95,95,97,85,90
3996,Charles,Owen,charles.owen.3996@gslingacademy.com,male,False,3,False,21,Construction Engineer,95,85,88,96,94,98,73
3997,Gianna,Koch,gianna.koch.3997@gslingacademy.com,female,False,2,False,14,Construction Engineer,85,82,78,64,83,79,75
3998,Leah,Duncan,leah.duncan.3998@gslingacademy.com,female,False,4,False,17,Construction Engineer,80,91,96,74,94,81,63
3999,Audrey,Cortez,audrey.cortez.3999@gslingacademy.com,female,False,6,True,17,Construction Engineer,94,63,88,81,59,71,70
4000,Stacey,Daniels,stacey.daniels.4000@gslingacademy.com,female,False,0,False,17,Construction Engineer,95,56,89,87,78,86,62
4001,Elizabeth,Mccall,elizabeth.mccall.4001@gslingacademy.com,female,False,7,True,15,Construction Engineer,90,82,96,69,72,68,87
4002,Russell,Mccoy,russell.mccoy.4002@gslingacademy.com,male,False,5,False,25,Construction Engineer,88,82,92,70,89,89,98
4003,Clifford,Jenkins,clifford.jenkins.4003@gslingacademy.com,male,True,2,False,18,Construction Engineer,93,85,93,81,98,96,72
4004,Hannah,Fuentes,hannah.fuentes.4004@gslingacademy.com,female,False,4,False,25,Construction Engineer,88,75,81,73,66,69,70
4005,Pedro,Butler,pedro.butler.4005@gslingacademy.com,male,False,2,False,25,Construction Engineer,98,75,92,93,83,64,65
4006,Sonia,Bowers,sonia.bowers.4006@gslingacademy.com,female,False,5,True,27,Construction Engineer,81,100,100,86,99,91,88
4007,Chloe,Little,chloe.little.4007@gslingacademy.com,female,False,0,False,5,Construction Engineer,83,81,93,78,89,97,63
4008,Aria,Henderson,aria.henderson.4008@gslingacademy.com,female,True,4,False,25,Construction Engineer,78,82,100,81,83,95,91
4009,Reed,Peters,reed.peters.4009@gslingacademy.com,male,False,5,False,24,Construction Engineer,89,67,89,100,96,100,70
4010,Melvin,Santos,melvin.santos.4010@gslingacademy.com,male,False,5,True,6,Construction Engineer,95,91,90,66,81,64,71
4011,Raul,Espinoza,raul.espinoza.4011@gslingacademy.com,male,False,2,False,43,Construction Engineer,77,85,92,79,91,91,78
4012,Pedro,Chase,pedro.chase.4012@gslingacademy.com,male,False,2,False,25,Construction Engineer,93,97,89,69,85,79,97
4013,Alexa,Shepherd,alexa.shepherd.4013@gslingacademy.com,female,False,2,True,28,Construction Engineer,89,77,88,95,70,80,47
4014,Deanna,May,deanna.may.4014@gslingacademy.com,female,False,4,False,18,Construction Engineer,84,73,89,74,89,86,77
4015,Ellie,Green,ellie.green.4015@gslingacademy.com,female,False,0,True,29,Construction Engineer,93,73,97,97,96,100,92
4016,Ralph,Martinez,ralph.martinez.4016@gslingacademy.com,male,False,8,False,27,Construction Engineer,77,84,100,78,100,64,86
4017,Brandon,Chavez,brandon.chavez.4017@gslingacademy.com,male,False,1,False,24,Construction Engineer,80,59,97,87,87,85,62
4018,Jordan,Nunez,jordan.nunez.4018@gslingacademy.com,male,False,1,False,17,Construction Engineer,90,79,86,71,77,85,97
4019,Paul,Wilson,paul.wilson.4019@gslingacademy.com,male,False,0,False,24,Construction Engineer,94,60,78,78,80,89,83
4020,Ricky,Alvarez,ricky.alvarez.4020@gslingacademy.com,male,False,6,True,32,Construction Engineer,86,90,83,89,99,76,68
4021,Scarlett,Blankenship,scarlett.blankenship.4021@gslingacademy.com,female,True,7,True,22,Construction Engineer,90,51,97,72,89,97,57
4022,Ricky,Farley,ricky.farley.4022@gslingacademy.com,male,False,3,False,12,Construction Engineer,88,63,77,70,79,94,86
4023,Savannah,Castillo,savannah.castillo.4023@gslingacademy.com,female,False,0,False,19,Construction Engineer,94,73,85,56,86,71,84
4024,Sonia,Kim,sonia.kim.4024@gslingacademy.com,female,False,4,False,33,Construction Engineer,91,73,87,88,80,84,78
4025,Elizabeth,Oliver,elizabeth.oliver.4025@gslingacademy.com,female,False,0,False,21,Construction Engineer,96,78,83,85,98,86,76
4026,Serenity,Rubio,serenity.rubio.4026@gslingacademy.com,female,False,1,False,14,Construction Engineer,94,71,87,63,55,95,70
4027,Faith,Howell,faith.howell.4027@gslingacademy.com,female,False,6,False,23,Construction Engineer,88,87,86,63,93,65,74
4028,Carla,Phillips,carla.phillips.4028@gslingacademy.com,female,False,6,False,13,Construction Engineer,92,78,89,73,79,94,80
4029,Elizabeth,Fox,elizabeth.fox.4029@gslingacademy.com,female,False,2,False,18,Construction Engineer,81,80,81,69,65,86,100
4030,Jason,Fowler,jason.fowler.4030@gslingacademy.com,male,False,4,False,24,Construction Engineer,89,61,90,99,79,72,81
4031,Carlos,Hopkins,carlos.hopkins.4031@gslingacademy.com,male,False,5,False,15,Construction Engineer,78,91,80,71,73,87,100
4032,Anita,Hamilton,anita.hamilton.4032@gslingacademy.com,female,True,1,False,18,Construction Engineer,80,62,84,73,84,74,57
4033,Abigail,Campbell,abigail.campbell.4033@gslingacademy.com,female,False,2,False,24,Construction Engineer,97,83,81,58,68,74,89
4034,Audrey,Fernandez,audrey.fernandez.4034@gslingacademy.com,female,False,2,False,5,Construction Engineer,81,84,91,55,63,68,78
4035,Bobby,Compton,bobby.compton.4035@gslingacademy.com,male,False,4,True,25,Construction Engineer,97,60,91,70,87,68,75
4036,Claire,Dawson,claire.dawson.4036@gslingacademy.com,female,False,0,False,24,Construction Engineer,94,73,96,87,61,73,90
4037,Leslie,Blankenship,leslie.blankenship.4037@gslingacademy.com,female,False,3,False,21,Construction Engineer,96,73,95,100,82,82,79
4038,Mackenzie,Myers,mackenzie.myers.4038@gslingacademy.com,female,False,2,False,14,Construction Engineer,84,59,93,88,68,83,78
4039,Monica,Wiley,monica.wiley.4039@gslingacademy.com,female,False,1,True,25,Construction Engineer,89,85,87,50,72,94,78
4040,Jerry,Patterson,jerry.patterson.4040@gslingacademy.com,male,False,0,True,9,Construction Engineer,95,75,89,100,79,94,90
4041,Darius,Merritt,darius.merritt.4041@gslingacademy.com,male,False,3,False,14,Construction Engineer,83,75,84,71,80,100,78
4042,Viola,Burton,viola.burton.4042@gslingacademy.com,female,False,6,False,19,Construction Engineer,100,69,92,57,75,69,83
4043,Enrique,Williams,enrique.williams.4043@gslingacademy.com,male,False,1,False,23,Construction Engineer,81,70,87,89,59,76,57
4044,Jeannette,Krueger,jeannette.krueger.4044@gslingacademy.com,female,True,2,False,17,Construction Engineer,91,71,79,77,73,94,85
4045,Bryan,Palmer,bryan.palmer.4045@gslingacademy.com,male,False,3,False,18,Construction Engineer,86,76,92,98,73,88,86
4046,Victoria,Murray,victoria.murray.4046@gslingacademy.com,female,False,5,False,30,Construction Engineer,70,77,84,82,82,71,68
4047,Philip,Stewart,philip.stewart.4047@gslingacademy.com,male,False,4,True,7,Construction Engineer,87,67,74,48,83,81,62
4048,Hazel,Coleman,hazel.coleman.4048@gslingacademy.com,female,False,2,True,20,Construction Engineer,77,75,90,67,77,86,82
4049,Dawn,Mcdonald,dawn.mcdonald.4049@gslingacademy.com,female,False,8,False,19,Construction Engineer,81,66,89,65,96,74,68
4050,Nina,Hall,nina.hall.4050@gslingacademy.com,female,False,1,True,31,Construction Engineer,93,98,88,80,88,90,80
4051,Martha,Daniels,martha.daniels.4051@gslingacademy.com,female,True,0,False,16,Construction Engineer,95,81,89,76,72,88,94
4052,Cecil,Golden,cecil.golden.4052@gslingacademy.com,male,False,3,True,7,Construction Engineer,88,63,95,65,62,89,70
4053,Leslie,Gonzalez,leslie.gonzalez.4053@gslingacademy.com,female,False,0,False,30,Construction Engineer,89,83,77,77,75,80,88
4054,Veronica,Aguilar,veronica.aguilar.4054@gslingacademy.com,female,True,5,False,13,Construction Engineer,89,72,89,80,67,57,76
4055,Reid,Nichols,reid.nichols.4055@gslingacademy.com,male,False,2,False,16,Construction Engineer,93,79,83,60,92,69,73
4056,Victoria,Stein,victoria.stein.4056@gslingacademy.com,female,False,3,False,15,Construction Engineer,94,69,89,66,73,85,71
4057,Shane,Mitchell,shane.mitchell.4057@gslingacademy.com,male,False,0,False,30,Construction Engineer,92,87,90,75,89,93,81
4058,Christopher,Dean,christopher.dean.4058@gslingacademy.com,male,False,8,False,23,Construction Engineer,92,72,88,63,72,63,77
4059,Erica,Gonzalez,erica.gonzalez.4059@gslingacademy.com,female,False,3,False,22,Construction Engineer,84,78,88,88,87,78,60
4060,Dale,Harris,dale.harris.4060@gslingacademy.com,male,False,3,False,23,Construction Engineer,87,77,100,65,100,83,83
4061,Quinn,Aguilar,quinn.aguilar.4061@gslingacademy.com,female,False,2,True,21,Construction Engineer,91,93,96,79,82,80,86
4062,Kimberly,Weber,kimberly.weber.4062@gslingacademy.com,female,False,3,False,16,Construction Engineer,90,79,92,79,78,90,73
4063,Russell,Miller,russell.miller.4063@gslingacademy.com,male,False,4,True,15,Construction Engineer,87,69,96,67,75,73,86
4064,Abigail,Benjamin,abigail.benjamin.4064@gslingacademy.com,female,False,3,False,24,Construction Engineer,87,76,100,82,87,67,56
4065,Bobby,Lawson,bobby.lawson.4065@gslingacademy.com,male,False,0,False,27,Construction Engineer,86,74,89,100,83,82,76
4066,Traci,Farley,traci.farley.4066@gslingacademy.com,female,True,0,False,26,Construction Engineer,100,75,87,66,91,91,82
4067,Bobby,Lutz,bobby.lutz.4067@gslingacademy.com,male,False,0,False,26,Construction Engineer,90,82,97,100,100,98,79
4068,Teresa,Guzman,teresa.guzman.4068@gslingacademy.com,female,False,5,True,24,Construction Engineer,90,93,89,93,81,81,83
4069,Gerardo,Fowler,gerardo.fowler.4069@gslingacademy.com,male,False,0,False,27,Construction Engineer,85,66,85,99,81,84,77
4070,Phyllis,Lopez,phyllis.lopez.4070@gslingacademy.com,female,False,0,False,20,Construction Engineer,90,69,86,54,64,88,83
4071,Stella,Soto,stella.soto.4071@gslingacademy.com,female,False,2,False,7,Construction Engineer,95,100,94,71,94,97,100
4072,Abraham,Brennan,abraham.brennan.4072@gslingacademy.com,male,False,0,False,12,Construction Engineer,95,74,92,92,62,72,84
4073,Margarita,Holmes,margarita.holmes.4073@gslingacademy.com,female,False,4,False,20,Construction Engineer,90,73,86,72,86,84,80
4074,Billy,Clark,billy.clark.4074@gslingacademy.com,male,False,4,False,40,Construction Engineer,90,87,93,80,97,75,94
4075,Hunter,Santiago,hunter.santiago.4075@gslingacademy.com,male,False,3,True,31,Construction Engineer,85,97,84,78,73,81,98
4076,Trinity,Lucas,trinity.lucas.4076@gslingacademy.com,female,False,0,False,11,Construction Engineer,90,82,96,87,75,93,86
4077,Carol,Noble,carol.noble.4077@gslingacademy.com,female,False,4,True,16,Construction Engineer,95,83,88,73,88,67,80
4078,Aaron,Gray,aaron.gray.4078@gslingacademy.com,male,False,4,True,16,Construction Engineer,99,46,85,72,71,94,82
4079,Diana,Avery,diana.avery.4079@gslingacademy.com,female,False,1,False,16,Construction Engineer,74,87,90,82,53,71,78
4080,Everly,Watson,everly.watson.4080@gslingacademy.com,female,False,0,False,27,Construction Engineer,92,100,98,86,78,66,70
4081,Marian,Heath,marian.heath.4081@gslingacademy.com,female,False,1,False,6,Construction Engineer,92,64,80,91,71,72,60
4082,Gerardo,Beasley,gerardo.beasley.4082@gslingacademy.com,male,False,2,True,19,Construction Engineer,84,72,85,86,91,100,80
4083,Cody,Price,cody.price.4083@gslingacademy.com,male,False,2,False,26,Construction Engineer,93,89,90,100,93,96,68
4084,Tricia,Brennan,tricia.brennan.4084@gslingacademy.com,female,False,6,False,23,Construction Engineer,90,92,89,66,54,88,89
4085,Shelby,Griffin,shelby.griffin.4085@gslingacademy.com,female,True,0,False,21,Construction Engineer,94,74,91,55,75,100,85
4086,Reed,Mays,reed.mays.4086@gslingacademy.com,male,False,6,False,7,Construction Engineer,92,79,100,65,92,87,88
4087,Vicki,Bell,vicki.bell.4087@gslingacademy.com,female,False,1,False,30,Construction Engineer,92,61,92,83,98,80,67
4088,Sherry,Browning,sherry.browning.4088@gslingacademy.com,female,False,0,True,26,Construction Engineer,93,100,93,69,94,70,100
4089,Sonia,Mitchell,sonia.mitchell.4089@gslingacademy.com,female,False,2,False,21,Construction Engineer,85,81,95,85,76,71,88
4090,Ralph,Smith,ralph.smith.4090@gslingacademy.com,male,False,3,False,20,Construction Engineer,95,81,92,59,58,73,90
4091,Armando,Sanders,armando.sanders.4091@gslingacademy.com,male,False,3,False,11,Construction Engineer,97,97,91,71,82,96,79
4092,Jasmine,Thornton,jasmine.thornton.4092@gslingacademy.com,female,False,2,False,22,Construction Engineer,94,59,100,80,75,68,70
4093,Carl,Armstrong,carl.armstrong.4093@gslingacademy.com,male,False,3,False,27,Construction Engineer,84,98,88,65,74,82,94
4094,Viola,Serrano,viola.serrano.4094@gslingacademy.com,female,False,5,False,20,Construction Engineer,86,85,82,71,98,100,86
4095,Juan,Parker,juan.parker.4095@gslingacademy.com,male,False,3,False,25,Construction Engineer,89,76,89,64,70,75,74
4096,Marco,Willis,marco.willis.4096@gslingacademy.com,male,False,3,True,24,Construction Engineer,77,87,77,89,99,75,74
4097,Lydia,Sparks,lydia.sparks.4097@gslingacademy.com,female,False,5,False,10,Construction Engineer,85,78,97,73,88,94,100
4098,Carl,Harris,carl.harris.4098@gslingacademy.com,male,False,0,False,39,Construction Engineer,85,74,99,85,94,76,68
4099,Clarence,Arroyo,clarence.arroyo.4099@gslingacademy.com,male,True,6,True,27,Construction Engineer,100,71,96,88,80,66,60
4100,Micheal,Johnston,micheal.johnston.4100@gslingacademy.com,male,True,0,False,26,Construction Engineer,88,67,87,78,75,85,68
4101,Bianca,Pruitt,bianca.pruitt.4101@gslingacademy.com,female,True,1,False,32,Construction Engineer,90,80,89,53,90,69,92
4102,Aria,Jimenez,aria.jimenez.4102@gslingacademy.com,female,True,0,False,14,Construction Engineer,100,90,97,87,100,70,94
4103,Autumn,Williams,autumn.williams.4103@gslingacademy.com,female,False,1,False,32,Construction Engineer,83,98,87,78,100,77,90
4104,Austin,Jefferson,austin.jefferson.4104@gslingacademy.com,male,False,1,False,26,Construction Engineer,91,92,93,97,87,92,82
4105,Pedro,Grimes,pedro.grimes.4105@gslingacademy.com,male,False,5,True,14,Construction Engineer,89,68,93,78,80,74,66
4106,Maria,Owen,maria.owen.4106@gslingacademy.com,female,True,7,False,16,Construction Engineer,88,57,88,91,86,91,61
4107,Russell,Hammond,russell.hammond.4107@gslingacademy.com,male,False,1,False,24,Construction Engineer,91,82,94,65,78,64,88
4108,Ella,Campbell,ella.campbell.4108@gslingacademy.com,female,False,2,True,9,Construction Engineer,97,100,81,65,89,80,83
4109,Jesse,Campos,jesse.campos.4109@gslingacademy.com,male,False,0,True,28,Construction Engineer,80,93,100,96,86,80,83
4110,Steven,Kline,steven.kline.4110@gslingacademy.com,male,False,4,False,24,Construction Engineer,90,78,95,70,98,64,91
4111,Ella,Bishop,ella.bishop.4111@gslingacademy.com,female,False,0,False,15,Construction Engineer,87,76,90,87,81,84,88
4112,Sarah,Gardner,sarah.gardner.4112@gslingacademy.com,female,False,2,False,15,Construction Engineer,95,77,85,71,65,75,75
4113,Camila,Haley,camila.haley.4113@gslingacademy.com,female,False,3,False,11,Construction Engineer,88,71,83,81,81,77,61
4114,Hailey,Adkins,hailey.adkins.4114@gslingacademy.com,female,False,1,False,24,Construction Engineer,85,88,88,58,92,72,84
4115,Armando,Dunn,armando.dunn.4115@gslingacademy.com,male,False,2,False,21,Construction Engineer,92,57,90,82,81,82,83
4116,Micheal,Rocha,micheal.rocha.4116@gslingacademy.com,male,False,3,False,23,Construction Engineer,95,73,95,68,74,69,85
4117,Madison,Sloan,madison.sloan.4117@gslingacademy.com,female,False,8,False,15,Construction Engineer,86,86,95,70,69,70,72
4118,Chelsea,Grimes,chelsea.grimes.4118@gslingacademy.com,female,False,3,False,28,Construction Engineer,86,95,93,85,97,81,64
4119,Riley,Lam,riley.lam.4119@gslingacademy.com,female,False,0,True,35,Construction Engineer,88,84,92,75,61,59,89
4120,Courtney,Larsen,courtney.larsen.4120@gslingacademy.com,female,False,0,False,31,Construction Engineer,93,84,91,100,90,74,71
4121,Herbert,Martin,herbert.martin.4121@gslingacademy.com,male,False,0,False,34,Construction Engineer,89,100,92,84,68,89,96
4122,William,Holloway,william.holloway.4122@gslingacademy.com,male,False,4,False,13,Construction Engineer,84,78,88,71,100,99,78
4123,Anthony,Bridges,anthony.bridges.4123@gslingacademy.com,male,False,2,False,20,Construction Engineer,98,76,88,70,72,85,84
4124,Jamie,Roberts,jamie.roberts.4124@gslingacademy.com,male,False,4,True,30,Construction Engineer,91,82,86,94,100,71,71
4125,Holly,Ross,holly.ross.4125@gslingacademy.com,female,True,0,False,21,Construction Engineer,89,81,94,90,79,83,51
4126,Nina,Thornton,nina.thornton.4126@gslingacademy.com,female,False,4,False,30,Construction Engineer,80,71,90,70,80,68,77
4127,Raul,Meyer,raul.meyer.4127@gslingacademy.com,male,False,0,False,9,Construction Engineer,95,76,93,76,91,71,82
4128,Alan,Peterson,alan.peterson.4128@gslingacademy.com,male,False,5,False,16,Construction Engineer,99,85,82,95,93,68,79
4129,Bella,Tran,bella.tran.4129@gslingacademy.com,female,False,4,False,11,Construction Engineer,85,87,87,54,87,81,71
4130,John,Mckay,john.mckay.4130@gslingacademy.com,male,False,9,False,31,Construction Engineer,97,100,91,63,88,74,71
4131,Russell,Aguilar,russell.aguilar.4131@gslingacademy.com,male,False,3,False,37,Construction Engineer,93,86,95,83,84,81,80
4132,Jenna,Martin,jenna.martin.4132@gslingacademy.com,female,False,0,False,17,Construction Engineer,87,83,89,85,71,93,85
4133,Javier,Fuentes,javier.fuentes.4133@gslingacademy.com,male,True,4,False,25,Construction Engineer,95,80,100,69,93,100,96
4134,Peyton,Wang,peyton.wang.4134@gslingacademy.com,female,False,2,True,28,Construction Engineer,91,83,88,87,99,82,70
4135,Shawna,Hodge,shawna.hodge.4135@gslingacademy.com,female,False,3,False,31,Construction Engineer,95,86,100,81,60,85,87
4136,Taylor,Pruitt,taylor.pruitt.4136@gslingacademy.com,female,False,3,False,17,Construction Engineer,93,79,93,49,97,100,92
4137,Mila,Fernandez,mila.fernandez.4137@gslingacademy.com,female,False,1,False,11,Construction Engineer,87,100,100,89,100,100,85
4138,Devin,Johnson,devin.johnson.4138@gslingacademy.com,male,False,3,True,27,Construction Engineer,98,87,86,75,69,85,88
4139,Jeffery,Vaughn,jeffery.vaughn.4139@gslingacademy.com,male,False,4,False,33,Construction Engineer,85,95,85,92,84,70,81
4140,Connor,Owen,connor.owen.4140@gslingacademy.com,male,False,3,False,26,Construction Engineer,86,70,88,76,90,71,72
4141,Leonardo,Campos,leonardo.campos.4141@gslingacademy.com,male,False,0,False,28,Construction Engineer,91,87,87,72,78,92,79
4142,Eva,Hart,eva.hart.4142@gslingacademy.com,female,True,0,True,36,Construction Engineer,90,94,84,96,100,88,93
4143,Naomi,Myers,naomi.myers.4143@gslingacademy.com,female,False,0,False,18,Construction Engineer,94,72,100,44,91,100,95
4144,Jade,Sawyer,jade.sawyer.4144@gslingacademy.com,female,False,8,False,21,Construction Engineer,88,86,100,84,92,83,64
4145,Troy,Murray,troy.murray.4145@gslingacademy.com,male,False,3,True,29,Construction Engineer,84,76,97,70,75,96,79
4146,Curtis,Poole,curtis.poole.4146@gslingacademy.com,male,False,2,False,9,Construction Engineer,83,72,83,62,77,72,82
4147,Larry,Davis,larry.davis.4147@gslingacademy.com,male,False,4,False,23,Construction Engineer,97,98,97,72,92,90,100
4148,Bailey,Hamilton,bailey.hamilton.4148@gslingacademy.com,female,False,6,False,9,Construction Engineer,77,91,98,88,99,82,68
4149,Courtney,Mccarthy,courtney.mccarthy.4149@gslingacademy.com,female,True,2,False,17,Construction Engineer,90,64,79,63,68,83,75
4150,Colby,Fitzpatrick,colby.fitzpatrick.4150@gslingacademy.com,male,False,5,False,24,Construction Engineer,92,75,96,73,57,64,84
4151,Dawn,Parker,dawn.parker.4151@gslingacademy.com,female,False,3,False,30,Construction Engineer,100,77,91,90,80,89,87
4152,Jackson,Huff,jackson.huff.4152@gslingacademy.com,male,True,0,False,17,Construction Engineer,97,81,83,82,78,87,67
4153,Patricia,Chase,patricia.chase.4153@gslingacademy.com,female,False,0,False,9,Construction Engineer,94,80,96,66,77,73,80
4154,Ella,Sanchez,ella.sanchez.4154@gslingacademy.com,female,False,0,False,26,Construction Engineer,89,72,83,77,65,73,83
4155,Brenda,Chen,brenda.chen.4155@gslingacademy.com,female,False,4,False,28,Construction Engineer,74,87,88,95,71,71,79
4156,Phyllis,Finley,phyllis.finley.4156@gslingacademy.com,female,False,2,False,35,Construction Engineer,80,75,82,78,80,66,79
4157,Ryan,Santos,ryan.santos.4157@gslingacademy.com,male,False,5,True,20,Construction Engineer,92,76,96,70,89,87,79
4158,Reagan,Mason,reagan.mason.4158@gslingacademy.com,female,True,2,False,20,Construction Engineer,94,70,90,67,83,72,87
4159,Jackson,Obrien,jackson.obrien.4159@gslingacademy.com,male,False,5,False,11,Construction Engineer,96,77,92,58,82,69,62
4160,Raymond,Murphy,raymond.murphy.4160@gslingacademy.com,male,True,4,True,23,Construction Engineer,82,100,97,70,100,78,84
4161,Faith,Elliott,faith.elliott.4161@gslingacademy.com,female,True,3,False,24,Construction Engineer,84,87,95,66,74,75,94
4162,Elizabeth,Nash,elizabeth.nash.4162@gslingacademy.com,female,False,0,True,19,Construction Engineer,83,75,84,81,83,77,68
4163,Arturo,Pruitt,arturo.pruitt.4163@gslingacademy.com,male,False,7,False,14,Construction Engineer,100,72,100,70,84,53,83
4164,John,Lopez,john.lopez.4164@gslingacademy.com,male,False,7,False,17,Construction Engineer,94,87,92,67,74,80,84
4165,Troy,Mccarthy,troy.mccarthy.4165@gslingacademy.com,male,False,0,False,0,Construction Engineer,100,62,84,50,71,74,86
4166,Aaron,Compton,aaron.compton.4166@gslingacademy.com,male,True,0,True,15,Construction Engineer,96,46,87,80,79,90,62
4167,Tiffany,Harper,tiffany.harper.4167@gslingacademy.com,female,False,0,False,24,Construction Engineer,90,95,84,60,89,100,84
4168,Sonia,Bowman,sonia.bowman.4168@gslingacademy.com,female,False,3,True,29,Construction Engineer,84,37,86,93,85,51,66
4169,Lisa,Bush,lisa.bush.4169@gslingacademy.com,female,False,3,False,23,Construction Engineer,92,91,82,76,87,100,100
4170,Kristin,Cabrera,kristin.cabrera.4170@gslingacademy.com,female,False,1,False,28,Construction Engineer,79,87,85,95,78,77,72
4171,Erica,Mccann,erica.mccann.4171@gslingacademy.com,female,False,2,False,23,Construction Engineer,77,73,82,84,91,71,66
4172,David,Wilson,david.wilson.4172@gslingacademy.com,male,False,1,True,23,Construction Engineer,96,77,92,89,100,91,85
4173,Randall,Lynch,randall.lynch.4173@gslingacademy.com,male,False,1,True,31,Construction Engineer,91,88,97,100,81,71,100
4174,Alexa,Sweeney,alexa.sweeney.4174@gslingacademy.com,female,False,5,False,20,Construction Engineer,84,94,93,65,95,93,78
4175,Charlene,Lawrence,charlene.lawrence.4175@gslingacademy.com,female,False,4,True,17,Construction Engineer,82,80,90,85,100,94,77
4176,Daisy,Porter,daisy.porter.4176@gslingacademy.com,female,False,5,False,31,Construction Engineer,88,100,98,92,84,88,100
4177,Eugene,Torres,eugene.torres.4177@gslingacademy.com,male,False,2,False,31,Construction Engineer,95,73,100,91,81,99,68
4178,Sarah,Hawkins,sarah.hawkins.4178@gslingacademy.com,female,False,4,False,19,Construction Engineer,100,69,90,66,76,100,94
4179,Caleb,Hutchinson,caleb.hutchinson.4179@gslingacademy.com,male,False,5,False,17,Construction Engineer,99,65,91,96,73,85,67
4180,Larry,Kim,larry.kim.4180@gslingacademy.com,male,False,0,False,7,Construction Engineer,93,76,87,76,90,99,83
4181,Matthew,Salazar,matthew.salazar.4181@gslingacademy.com,male,False,2,False,5,Construction Engineer,88,94,94,83,100,85,64
4182,Jamie,May,jamie.may.4182@gslingacademy.com,male,False,3,False,28,Construction Engineer,95,100,86,70,73,83,83
4183,Brian,Rowe,brian.rowe.4183@gslingacademy.com,male,False,1,True,17,Construction Engineer,90,100,95,60,93,88,84
4184,Jason,Noble,jason.noble.4184@gslingacademy.com,male,False,2,False,20,Construction Engineer,85,100,97,85,100,65,62
4185,Rylee,Hughes,rylee.hughes.4185@gslingacademy.com,female,False,3,True,35,Construction Engineer,82,76,88,84,100,98,73
4186,Mason,Aguilar,mason.aguilar.4186@gslingacademy.com,male,False,1,False,34,Construction Engineer,86,99,100,90,100,81,82
4187,Adam,Kirby,adam.kirby.4187@gslingacademy.com,male,False,3,False,26,Construction Engineer,91,79,85,86,89,76,83
4188,Elias,Montgomery,elias.montgomery.4188@gslingacademy.com,male,False,4,False,11,Construction Engineer,80,77,89,75,57,85,77
4189,Tara,Mueller,tara.mueller.4189@gslingacademy.com,female,False,2,True,11,Construction Engineer,88,74,81,68,51,59,69
4190,Bryce,Hunter,bryce.hunter.4190@gslingacademy.com,male,False,7,False,14,Construction Engineer,94,82,98,89,80,72,75
4191,Jason,Porter,jason.porter.4191@gslingacademy.com,male,False,2,True,22,Construction Engineer,88,85,93,77,69,75,83
4192,Bailey,Hartman,bailey.hartman.4192@gslingacademy.com,female,False,2,False,10,Construction Engineer,88,71,83,69,68,74,62
4193,David,Cochran,david.cochran.4193@gslingacademy.com,male,True,2,False,20,Construction Engineer,96,48,92,91,63,81,74
4194,Molly,Andrews,molly.andrews.4194@gslingacademy.com,female,False,1,False,17,Construction Engineer,87,85,83,71,82,66,85
4195,Leslie,Howard,leslie.howard.4195@gslingacademy.com,female,False,2,False,19,Construction Engineer,90,55,96,97,74,82,98
4196,Fernando,Calderon,fernando.calderon.4196@gslingacademy.com,male,False,1,False,26,Construction Engineer,97,83,83,60,79,96,85
4197,Emilia,Stephens,emilia.stephens.4197@gslingacademy.com,female,False,0,False,30,Construction Engineer,90,73,86,70,69,66,86
4198,Russell,Cooper,russell.cooper.4198@gslingacademy.com,male,False,3,False,15,Construction Engineer,95,80,100,76,89,72,92
4199,Dolores,Snyder,dolores.snyder.4199@gslingacademy.com,female,False,3,False,30,Construction Engineer,78,97,98,95,100,80,74
4200,Shawn,Kemp,shawn.kemp.4200@gslingacademy.com,male,False,2,False,19,Construction Engineer,85,90,92,72,88,92,100
4201,Pamela,Cole,pamela.cole.4201@gslingacademy.com,female,False,4,False,3,Game Developer,97,99,85,96,91,68,66
4202,Jamie,Taylor,jamie.taylor.4202@gslingacademy.com,male,False,2,False,3,Game Developer,85,100,92,68,60,77,83
4203,Michelle,Roman,michelle.roman.4203@gslingacademy.com,female,False,2,False,1,Game Developer,91,81,88,71,78,83,76
4204,Kimberly,Ward,kimberly.ward.4204@gslingacademy.com,female,False,0,False,5,Game Developer,85,89,94,69,99,93,98
4205,Brian,Lee,brian.lee.4205@gslingacademy.com,male,False,1,False,3,Game Developer,89,67,86,87,87,68,78
4206,Sherry,Phillips,sherry.phillips.4206@gslingacademy.com,female,False,0,False,3,Game Developer,92,79,81,61,86,72,88
4207,Lisa,Silva,lisa.silva.4207@gslingacademy.com,female,False,2,False,5,Game Developer,92,81,99,98,77,80,73
4208,Penny,Perez,penny.perez.4208@gslingacademy.com,female,False,7,False,1,Game Developer,99,82,93,83,92,90,60
4209,Vanessa,Sweeney,vanessa.sweeney.4209@gslingacademy.com,female,False,2,False,2,Game Developer,85,90,85,74,96,71,80
4210,Vincent,Robertson,vincent.robertson.4210@gslingacademy.com,male,False,1,False,3,Game Developer,97,80,80,65,91,67,84
4211,Cynthia,Shields,cynthia.shields.4211@gslingacademy.com,female,True,1,False,4,Game Developer,89,67,97,67,75,94,93
4212,Tracy,Johnson,tracy.johnson.4212@gslingacademy.com,male,False,2,False,2,Game Developer,97,74,97,60,65,90,97
4213,Jody,Mueller,jody.mueller.4213@gslingacademy.com,female,False,3,False,2,Game Developer,99,99,87,80,89,78,87
4214,Donald,Carson,donald.carson.4214@gslingacademy.com,male,False,2,False,2,Game Developer,95,83,96,97,72,77,61
4215,Tammy,Barry,tammy.barry.4215@gslingacademy.com,female,False,1,False,5,Game Developer,97,76,91,76,89,60,85
4216,Samuel,Jackson,samuel.jackson.4216@gslingacademy.com,male,False,4,False,1,Game Developer,85,64,90,94,68,97,61
4217,Morgan,Moore,morgan.moore.4217@gslingacademy.com,female,False,3,True,4,Game Developer,90,95,89,93,92,99,88
4218,Gregory,Gonzalez,gregory.gonzalez.4218@gslingacademy.com,male,False,4,False,5,Game Developer,87,70,98,64,65,78,83
4219,Kristina,Watson,kristina.watson.4219@gslingacademy.com,female,True,0,False,3,Game Developer,83,90,93,89,64,63,82
4220,Pamela,Horne,pamela.horne.4220@gslingacademy.com,female,False,7,True,1,Game Developer,83,88,90,100,71,98,96
4221,Heather,Jefferson,heather.jefferson.4221@gslingacademy.com,female,False,0,False,5,Game Developer,97,62,98,70,67,71,70
4222,Carla,Brandt,carla.brandt.4222@gslingacademy.com,female,False,1,False,5,Game Developer,87,69,96,61,72,78,99
4223,Pamela,Rodgers,pamela.rodgers.4223@gslingacademy.com,female,False,6,True,4,Game Developer,100,100,94,83,62,92,71
4224,James,Bridges,james.bridges.4224@gslingacademy.com,male,False,2,False,4,Game Developer,96,63,85,77,82,65,88
4225,Jessica,Williams,jessica.williams.4225@gslingacademy.com,female,True,1,False,2,Game Developer,86,66,88,98,68,79,77
4226,Hunter,Allen,hunter.allen.4226@gslingacademy.com,male,False,3,False,2,Game Developer,82,77,95,81,83,73,76
4227,Hunter,Miller,hunter.miller.4227@gslingacademy.com,male,False,0,False,2,Game Developer,80,84,94,63,62,72,68
4228,Laura,Russell,laura.russell.4228@gslingacademy.com,female,False,0,False,1,Game Developer,95,87,87,84,95,84,65
4229,Sarah,Miller,sarah.miller.4229@gslingacademy.com,female,False,2,False,4,Game Developer,81,71,83,63,80,79,83
4230,Dean,Lee,dean.lee.4230@gslingacademy.com,male,False,3,True,3,Game Developer,80,92,85,81,94,75,72
4231,Walter,Herrera,walter.herrera.4231@gslingacademy.com,male,False,7,False,3,Game Developer,83,69,99,88,87,81,68
4232,Sharon,Chandler,sharon.chandler.4232@gslingacademy.com,female,False,5,False,1,Game Developer,86,81,80,85,62,86,69
4233,Brett,Myers,brett.myers.4233@gslingacademy.com,male,False,2,True,1,Game Developer,99,60,87,94,71,93,93
4234,Michael,Lutz,michael.lutz.4234@gslingacademy.com,male,False,3,False,5,Game Developer,86,76,92,86,75,67,79
4235,Thomas,Hernandez,thomas.hernandez.4235@gslingacademy.com,male,False,5,True,3,Game Developer,94,65,100,77,66,96,68
4236,Arthur,Brown,arthur.brown.4236@gslingacademy.com,male,False,3,False,4,Game Developer,92,69,93,67,79,84,69
4237,Ryan,Sutton,ryan.sutton.4237@gslingacademy.com,male,False,1,False,1,Game Developer,91,72,85,78,92,82,85
4238,Sharon,Stephenson,sharon.stephenson.4238@gslingacademy.com,female,False,1,False,5,Game Developer,99,72,90,83,90,99,97
4239,Hayley,Abbott,hayley.abbott.4239@gslingacademy.com,female,False,0,False,1,Game Developer,91,66,91,62,82,69,62
4240,Aaron,Ortiz,aaron.ortiz.4240@gslingacademy.com,male,False,3,False,2,Game Developer,86,93,91,64,69,71,64
4241,Candace,White,candace.white.4241@gslingacademy.com,female,True,3,False,4,Game Developer,98,63,82,61,79,70,86
4242,David,Smith,david.smith.4242@gslingacademy.com,male,False,4,False,5,Game Developer,81,95,84,85,82,62,63
4243,Jeffrey,Andrews,jeffrey.andrews.4243@gslingacademy.com,male,False,3,False,4,Game Developer,92,63,100,97,91,87,68
4244,Drew,Williams,drew.williams.4244@gslingacademy.com,male,False,6,False,4,Game Developer,89,78,89,91,76,96,81
4245,Roger,Dixon,roger.dixon.4245@gslingacademy.com,male,False,7,False,3,Game Developer,96,64,85,86,93,92,65
4246,Mindy,Jones,mindy.jones.4246@gslingacademy.com,female,False,2,False,2,Game Developer,86,60,91,82,73,77,64
4247,Jesse,Green,jesse.green.4247@gslingacademy.com,male,False,1,False,4,Game Developer,96,64,91,69,60,62,62
4248,Anna,Lane,anna.lane.4248@gslingacademy.com,female,False,7,False,3,Game Developer,94,97,97,75,79,68,92
4249,Aaron,Ware,aaron.ware.4249@gslingacademy.com,male,False,7,False,5,Game Developer,88,60,87,95,65,75,76
4250,Amanda,Peterson,amanda.peterson.4250@gslingacademy.com,female,False,3,False,5,Game Developer,83,66,97,95,91,76,80
4251,Heidi,Johnson,heidi.johnson.4251@gslingacademy.com,female,False,6,False,3,Game Developer,99,66,81,69,82,73,72
4252,Joshua,Davis,joshua.davis.4252@gslingacademy.com,male,False,6,False,5,Game Developer,88,82,99,65,83,65,98
4253,Robert,Kirby,robert.kirby.4253@gslingacademy.com,male,False,1,False,1,Game Developer,85,61,100,75,70,89,80
4254,Justin,Johnson,justin.johnson.4254@gslingacademy.com,male,False,4,False,3,Game Developer,80,61,96,89,96,61,80
4255,Jessica,Hampton,jessica.hampton.4255@gslingacademy.com,female,True,5,False,5,Game Developer,97,83,93,67,85,63,66
4256,Jonathan,Weiss,jonathan.weiss.4256@gslingacademy.com,male,False,2,False,2,Game Developer,82,75,93,67,69,65,74
4257,Ricardo,Juarez,ricardo.juarez.4257@gslingacademy.com,male,False,7,False,3,Game Developer,91,63,86,81,90,98,63
4258,Jillian,Arroyo,jillian.arroyo.4258@gslingacademy.com,female,True,4,False,2,Game Developer,99,97,87,93,79,83,94
4259,Luke,Hernandez,luke.hernandez.4259@gslingacademy.com,male,False,1,True,3,Game Developer,80,79,94,74,83,83,61
4260,Anne,Malone,anne.malone.4260@gslingacademy.com,female,True,2,True,1,Game Developer,81,73,99,72,100,90,64
4261,Andrea,Delgado,andrea.delgado.4261@gslingacademy.com,female,False,2,False,2,Game Developer,99,86,83,80,69,96,88
4262,Dennis,Richardson,dennis.richardson.4262@gslingacademy.com,male,True,10,True,3,Game Developer,88,71,99,74,76,97,87
4263,Peter,Rice,peter.rice.4263@gslingacademy.com,male,False,1,False,1,Game Developer,87,91,97,82,79,69,62
4264,Sherry,Patel,sherry.patel.4264@gslingacademy.com,female,False,6,False,3,Game Developer,85,72,100,96,90,90,61
4265,Dominic,Richards,dominic.richards.4265@gslingacademy.com,male,True,2,False,5,Game Developer,91,74,91,73,82,85,90
4266,Justin,Floyd,justin.floyd.4266@gslingacademy.com,male,False,3,False,3,Game Developer,80,68,89,88,75,50,74
4267,Trinity,Sparks,trinity.sparks.4267@gslingacademy.com,female,False,2,True,2,Game Developer,86,84,88,79,91,73,79
4268,Carlos,Acosta,carlos.acosta.4268@gslingacademy.com,male,False,5,False,3,Game Developer,87,84,91,78,78,64,92
4269,Samuel,Miller,samuel.miller.4269@gslingacademy.com,male,False,4,True,1,Game Developer,88,65,91,81,61,88,74
4270,Cecilia,Knox,cecilia.knox.4270@gslingacademy.com,female,True,3,True,4,Game Developer,81,77,95,86,80,59,86
4271,Audrey,Alexander,audrey.alexander.4271@gslingacademy.com,female,True,1,False,1,Game Developer,95,92,94,65,64,79,74
4272,Ricky,Farley,ricky.farley.4272@gslingacademy.com,male,False,1,False,1,Game Developer,92,77,92,89,79,68,75
4273,Ingrid,Santiago,ingrid.santiago.4273@gslingacademy.com,female,False,5,False,0,Game Developer,92,49,93,99,73,100,65
4274,Terry,Cohen,terry.cohen.4274@gslingacademy.com,male,False,2,False,5,Game Developer,88,82,92,80,73,71,91
4275,Aubree,Green,aubree.green.4275@gslingacademy.com,female,False,5,False,3,Game Developer,85,64,100,100,62,81,81
4276,Gerald,Sutton,gerald.sutton.4276@gslingacademy.com,male,False,1,False,3,Game Developer,87,58,100,88,87,78,58
4277,Diego,Patterson,diego.patterson.4277@gslingacademy.com,male,False,2,False,0,Game Developer,89,88,80,72,84,83,74
4278,Javier,Oliver,javier.oliver.4278@gslingacademy.com,male,False,4,False,5,Game Developer,82,98,98,72,92,73,73
4279,Albert,Little,albert.little.4279@gslingacademy.com,male,False,0,False,3,Game Developer,98,60,84,68,72,90,82
4280,Cassandra,Cameron,cassandra.cameron.4280@gslingacademy.com,female,False,0,False,6,Game Developer,88,68,95,70,62,78,93
4281,Kristen,May,kristen.may.4281@gslingacademy.com,female,False,1,False,1,Game Developer,92,90,99,80,75,73,76
4282,Terri,Wolf,terri.wolf.4282@gslingacademy.com,female,False,0,False,1,Game Developer,87,80,84,81,95,71,67
4283,Griffin,Hall,griffin.hall.4283@gslingacademy.com,male,False,4,False,1,Game Developer,94,73,86,71,64,93,72
4284,Faith,Barrett,faith.barrett.4284@gslingacademy.com,female,False,7,True,1,Game Developer,89,73,80,75,70,95,65
4285,Allison,Sutton,allison.sutton.4285@gslingacademy.com,female,False,3,False,3,Game Developer,90,74,89,71,73,60,75
4286,Mitchell,James,mitchell.james.4286@gslingacademy.com,male,False,2,False,1,Game Developer,93,59,95,77,67,100,77
4287,Stephen,Wagner,stephen.wagner.4287@gslingacademy.com,male,False,5,False,2,Game Developer,85,88,100,86,71,79,86
4288,Eduardo,Hamilton,eduardo.hamilton.4288@gslingacademy.com,male,False,4,True,1,Game Developer,84,83,84,78,72,80,69
4289,Harold,Davis,harold.davis.4289@gslingacademy.com,male,False,4,False,1,Game Developer,89,85,89,92,88,84,71
4290,Lauren,Riley,lauren.riley.4290@gslingacademy.com,female,False,1,False,1,Game Developer,100,85,83,75,73,78,90
4291,Ricky,Baker,ricky.baker.4291@gslingacademy.com,male,False,2,True,3,Game Developer,81,95,100,71,78,62,91
4292,Sergio,Ray,sergio.ray.4292@gslingacademy.com,male,False,7,False,2,Game Developer,85,73,96,73,65,87,72
4293,Walter,Bautista,walter.bautista.4293@gslingacademy.com,male,False,2,False,3,Game Developer,81,96,86,59,92,59,78
4294,Sofia,Duncan,sofia.duncan.4294@gslingacademy.com,female,False,0,True,3,Game Developer,82,79,86,54,75,84,100
4295,Rita,Compton,rita.compton.4295@gslingacademy.com,female,False,3,True,4,Game Developer,91,79,90,60,73,82,73
4296,Joan,Porter,joan.porter.4296@gslingacademy.com,female,False,6,False,2,Game Developer,91,73,86,88,71,87,77
4297,Cassandra,Hodge,cassandra.hodge.4297@gslingacademy.com,female,False,1,True,3,Game Developer,90,93,100,62,70,78,79
4298,Trinity,Hill,trinity.hill.4298@gslingacademy.com,female,False,3,False,2,Game Developer,87,76,90,72,85,61,68
4299,Derrick,Ramos,derrick.ramos.4299@gslingacademy.com,male,False,0,False,6,Game Developer,79,56,100,90,80,74,62
4300,Phyllis,Rice,phyllis.rice.4300@gslingacademy.com,female,False,1,True,4,Game Developer,91,80,81,77,89,64,83
4301,Ramon,Lynch,ramon.lynch.4301@gslingacademy.com,male,False,3,False,0,Game Developer,84,77,79,76,91,86,72
4302,Joan,Hudson,joan.hudson.4302@gslingacademy.com,female,False,7,True,2,Game Developer,96,74,89,77,89,90,65
4303,Ruben,George,ruben.george.4303@gslingacademy.com,male,False,2,True,6,Game Developer,89,76,95,73,84,60,72
4304,Lucas,Mccarthy,lucas.mccarthy.4304@gslingacademy.com,male,False,2,False,2,Game Developer,97,84,89,79,69,84,69
4305,Kristin,Lam,kristin.lam.4305@gslingacademy.com,female,False,5,False,2,Game Developer,87,71,86,97,76,73,91
4306,Lee,Moses,lee.moses.4306@gslingacademy.com,male,False,2,False,4,Game Developer,96,71,95,89,71,84,75
4307,Holly,Bates,holly.bates.4307@gslingacademy.com,female,False,6,False,5,Game Developer,88,74,91,82,49,86,81
4308,Clinton,Clemons,clinton.clemons.4308@gslingacademy.com,male,False,2,False,3,Game Developer,89,83,89,82,84,71,60
4309,Troy,Griffin,troy.griffin.4309@gslingacademy.com,male,False,3,True,1,Game Developer,89,83,87,66,77,81,96
4310,Kelly,Lutz,kelly.lutz.4310@gslingacademy.com,female,True,2,False,3,Game Developer,84,72,86,69,73,83,87
4311,Amanda,Ross,amanda.ross.4311@gslingacademy.com,female,True,0,False,3,Game Developer,84,58,87,85,97,74,71
4312,Chelsea,Howard,chelsea.howard.4312@gslingacademy.com,female,False,1,True,3,Game Developer,95,69,91,60,79,84,88
4313,Leslie,Gillespie,leslie.gillespie.4313@gslingacademy.com,female,False,0,False,3,Game Developer,88,92,100,87,84,78,71
4314,Ella,Luna,ella.luna.4314@gslingacademy.com,female,False,4,False,2,Game Developer,79,77,99,67,88,65,75
4315,Molly,Cohen,molly.cohen.4315@gslingacademy.com,female,False,4,False,1,Game Developer,90,67,100,65,83,85,60
4316,Derrick,Yang,derrick.yang.4316@gslingacademy.com,male,False,2,False,2,Game Developer,79,68,92,81,75,86,67
4317,Martha,Bush,martha.bush.4317@gslingacademy.com,female,False,2,False,2,Game Developer,78,87,84,83,83,74,86
4318,Marcus,Allen,marcus.allen.4318@gslingacademy.com,male,False,0,False,1,Game Developer,94,100,88,81,87,82,80
4319,Tim,Koch,tim.koch.4319@gslingacademy.com,male,False,2,False,2,Game Developer,94,56,86,91,73,71,67
4320,Maxwell,Parker,maxwell.parker.4320@gslingacademy.com,male,False,6,False,4,Game Developer,88,72,100,66,80,92,86
4321,Benjamin,Owens,benjamin.owens.4321@gslingacademy.com,male,False,1,False,4,Game Developer,91,66,96,70,70,74,79
4322,Brandy,Miles,brandy.miles.4322@gslingacademy.com,female,False,6,False,3,Game Developer,99,69,85,83,100,100,67
4323,Caleb,Mcdonald,caleb.mcdonald.4323@gslingacademy.com,male,True,3,False,2,Game Developer,93,55,84,73,65,66,71
4324,Eleanor,Newman,eleanor.newman.4324@gslingacademy.com,female,False,4,True,4,Game Developer,89,81,94,83,90,73,72
4325,Randy,Juarez,randy.juarez.4325@gslingacademy.com,male,False,9,False,0,Game Developer,93,80,87,60,73,78,89
4326,Miguel,Lopez,miguel.lopez.4326@gslingacademy.com,male,False,5,False,4,Game Developer,88,82,85,80,95,72,80
4327,Addison,Hayes,addison.hayes.4327@gslingacademy.com,female,False,0,False,0,Game Developer,93,100,85,78,70,69,77
4328,Jason,Garcia,jason.garcia.4328@gslingacademy.com,male,False,0,False,2,Game Developer,93,72,77,82,70,70,70
4329,Ernest,Brock,ernest.brock.4329@gslingacademy.com,male,False,3,True,4,Game Developer,84,86,86,72,81,62,79
4330,Ricardo,Hamilton,ricardo.hamilton.4330@gslingacademy.com,male,False,2,False,1,Game Developer,97,85,87,75,84,80,62
4331,Ralph,Mendoza,ralph.mendoza.4331@gslingacademy.com,male,False,2,False,6,Game Developer,87,68,85,78,73,67,86
4332,Kayla,Riley,kayla.riley.4332@gslingacademy.com,female,False,0,False,3,Game Developer,78,51,89,86,76,64,73
4333,Barry,Pitts,barry.pitts.4333@gslingacademy.com,male,False,3,False,4,Game Developer,85,87,96,83,91,58,73
4334,Justin,Browning,justin.browning.4334@gslingacademy.com,male,False,3,False,2,Game Developer,95,61,89,74,67,69,68
4335,Danny,Vaughn,danny.vaughn.4335@gslingacademy.com,male,False,6,False,1,Game Developer,95,83,92,99,100,96,68
4336,Addison,Mason,addison.mason.4336@gslingacademy.com,female,False,2,False,3,Game Developer,85,83,90,72,78,88,81
4337,Matthew,Richards,matthew.richards.4337@gslingacademy.com,male,False,3,False,3,Game Developer,85,86,96,80,74,90,91
4338,Gianna,Hawkins,gianna.hawkins.4338@gslingacademy.com,female,False,5,False,4,Game Developer,87,86,90,67,64,71,70
4339,Aria,Daniels,aria.daniels.4339@gslingacademy.com,female,False,5,False,4,Game Developer,97,83,88,72,77,85,76
4340,Ricky,Estes,ricky.estes.4340@gslingacademy.com,male,False,0,False,3,Game Developer,92,100,83,91,81,90,100
4341,Omar,Parker,omar.parker.4341@gslingacademy.com,male,False,0,False,2,Game Developer,86,95,80,69,74,60,90
4342,Stella,Boyle,stella.boyle.4342@gslingacademy.com,female,False,0,False,1,Game Developer,87,71,84,73,78,100,81
4343,Ralph,Howard,ralph.howard.4343@gslingacademy.com,male,False,0,False,5,Game Developer,86,78,99,54,74,68,86
4344,Jade,Johnson,jade.johnson.4344@gslingacademy.com,female,False,6,False,1,Game Developer,88,84,100,79,86,81,85
4345,Rachel,Obrien,rachel.obrien.4345@gslingacademy.com,female,False,0,True,2,Game Developer,93,72,88,81,72,89,89
4346,Joseph,Hansen,joseph.hansen.4346@gslingacademy.com,male,False,10,True,6,Game Developer,98,70,100,99,66,87,60
4347,Andre,Norman,andre.norman.4347@gslingacademy.com,male,False,6,False,2,Game Developer,90,84,83,89,73,87,89
4348,Marcia,Mueller,marcia.mueller.4348@gslingacademy.com,female,False,1,True,3,Game Developer,97,75,85,56,82,81,70
4349,Kathryn,Tran,kathryn.tran.4349@gslingacademy.com,female,True,4,False,3,Game Developer,87,89,80,63,92,80,80
4350,Ricky,Watkins,ricky.watkins.4350@gslingacademy.com,male,False,0,True,3,Game Developer,79,76,90,81,74,70,99
4351,Everly,Perry,everly.perry.4351@gslingacademy.com,female,False,2,False,2,Game Developer,91,78,82,80,64,79,64
4352,Josephine,Harris,josephine.harris.4352@gslingacademy.com,female,False,5,False,2,Game Developer,95,75,88,89,87,77,79
4353,Jesus,Hawkins,jesus.hawkins.4353@gslingacademy.com,male,False,5,True,1,Game Developer,85,66,90,97,89,94,77
4354,Katie,Werner,katie.werner.4354@gslingacademy.com,female,False,6,False,4,Game Developer,77,79,95,100,99,93,57
4355,Heidi,Dawson,heidi.dawson.4355@gslingacademy.com,female,False,2,True,1,Game Developer,87,70,91,63,69,99,84
4356,Bernard,Morrison,bernard.morrison.4356@gslingacademy.com,male,False,0,False,4,Game Developer,88,56,87,63,80,68,86
4357,Kayla,Kirby,kayla.kirby.4357@gslingacademy.com,female,False,3,True,4,Game Developer,88,65,86,97,73,79,71
4358,Leah,Stout,leah.stout.4358@gslingacademy.com,female,False,0,False,3,Game Developer,91,61,87,93,74,71,77
4359,Howard,Berg,howard.berg.4359@gslingacademy.com,male,False,7,False,4,Game Developer,80,78,95,87,82,77,68
4360,Shelby,Noble,shelby.noble.4360@gslingacademy.com,female,False,4,True,1,Game Developer,83,100,96,82,79,77,78
4361,Violet,Jones,violet.jones.4361@gslingacademy.com,female,False,5,False,4,Game Developer,95,51,95,87,65,78,78
4362,Evan,Dominguez,evan.dominguez.4362@gslingacademy.com,male,False,3,False,3,Game Developer,88,72,81,84,94,91,82
4363,Autumn,Lutz,autumn.lutz.4363@gslingacademy.com,female,False,0,False,4,Game Developer,76,67,93,66,70,79,84
4364,Chad,Rojas,chad.rojas.4364@gslingacademy.com,male,True,0,False,3,Game Developer,88,72,85,65,87,69,91
4365,Rafael,Beard,rafael.beard.4365@gslingacademy.com,male,False,4,True,2,Game Developer,88,75,89,67,83,73,91
4366,William,Sparks,william.sparks.4366@gslingacademy.com,male,False,4,False,1,Game Developer,82,88,92,82,84,82,69
4367,Pam,Cannon,pam.cannon.4367@gslingacademy.com,female,False,1,True,1,Game Developer,78,78,91,76,67,70,66
4368,Cody,Nash,cody.nash.4368@gslingacademy.com,male,True,3,False,2,Game Developer,93,81,95,68,87,92,74
4369,Kayla,Rios,kayla.rios.4369@gslingacademy.com,female,False,1,False,3,Game Developer,83,68,87,94,100,81,70
4370,Madison,Warren,madison.warren.4370@gslingacademy.com,female,False,3,True,2,Game Developer,92,81,84,69,72,82,94
4371,Olivia,Park,olivia.park.4371@gslingacademy.com,female,False,0,False,3,Game Developer,88,79,92,62,82,69,96
4372,Marcos,Washington,marcos.washington.4372@gslingacademy.com,male,False,0,True,1,Game Developer,85,96,88,79,92,72,87
4373,Arthur,Vazquez,arthur.vazquez.4373@gslingacademy.com,male,False,6,False,1,Game Developer,97,77,88,80,77,94,80
4374,Mason,Marks,mason.marks.4374@gslingacademy.com,male,False,3,False,0,Game Developer,95,70,90,76,75,99,71
4375,Billy,Cox,billy.cox.4375@gslingacademy.com,male,False,2,False,1,Game Developer,87,80,82,99,70,72,60
4376,Clinton,Noble,clinton.noble.4376@gslingacademy.com,male,False,3,False,2,Game Developer,97,98,96,91,68,68,76
4377,Kristy,Benson,kristy.benson.4377@gslingacademy.com,female,True,0,False,1,Game Developer,79,93,83,98,89,72,72
4378,Leonard,Moses,leonard.moses.4378@gslingacademy.com,male,False,0,False,4,Game Developer,100,70,77,74,85,71,72
4379,Alice,Nguyen,alice.nguyen.4379@gslingacademy.com,female,False,2,False,3,Game Developer,95,73,82,89,71,73,94
4380,Nova,Kemp,nova.kemp.4380@gslingacademy.com,female,False,2,False,1,Game Developer,96,80,89,88,67,70,58
4381,Beulah,Mays,beulah.mays.4381@gslingacademy.com,female,False,3,False,2,Game Developer,89,84,91,80,94,63,55
4382,Sergio,Guzman,sergio.guzman.4382@gslingacademy.com,male,True,4,False,3,Game Developer,93,87,84,85,100,85,75
4383,Juan,Lucero,juan.lucero.4383@gslingacademy.com,male,False,2,False,2,Game Developer,90,82,73,97,90,70,72
4384,Quinn,Lester,quinn.lester.4384@gslingacademy.com,female,False,3,False,2,Game Developer,97,66,85,67,72,71,93
4385,Darryl,Fowler,darryl.fowler.4385@gslingacademy.com,male,False,1,False,0,Game Developer,97,84,92,86,69,89,73
4386,Mila,Phelps,mila.phelps.4386@gslingacademy.com,female,False,2,False,1,Game Developer,89,87,88,71,70,81,68
4387,Clayton,Pruitt,clayton.pruitt.4387@gslingacademy.com,male,False,2,False,4,Game Developer,92,58,88,86,85,66,76
4388,James,Rollins,james.rollins.4388@gslingacademy.com,male,False,1,False,1,Game Developer,82,79,93,99,82,65,67
4389,Bianca,Gillespie,bianca.gillespie.4389@gslingacademy.com,female,False,7,False,1,Game Developer,83,63,91,66,78,81,90
4390,Gabrielle,Mccall,gabrielle.mccall.4390@gslingacademy.com,female,False,2,True,3,Game Developer,90,80,86,69,84,68,74
4391,Kaylee,Cohen,kaylee.cohen.4391@gslingacademy.com,female,False,5,False,2,Game Developer,89,82,78,87,93,72,67
4392,Audrey,May,audrey.may.4392@gslingacademy.com,female,False,4,False,3,Game Developer,100,51,95,75,70,63,67
4393,Steven,Wolf,steven.wolf.4393@gslingacademy.com,male,False,5,False,2,Game Developer,91,77,81,74,76,70,75
4394,Maxwell,Schmidt,maxwell.schmidt.4394@gslingacademy.com,male,False,0,False,3,Game Developer,91,75,88,61,90,68,83
4395,Natalie,Thompson,natalie.thompson.4395@gslingacademy.com,female,True,0,False,3,Game Developer,97,73,83,66,78,62,87
4396,Brayden,Adams,brayden.adams.4396@gslingacademy.com,male,False,4,True,4,Game Developer,88,68,96,76,64,94,73
4397,Emilia,Nichols,emilia.nichols.4397@gslingacademy.com,female,True,3,False,1,Game Developer,94,95,91,74,67,62,60
4398,Serenity,Cook,serenity.cook.4398@gslingacademy.com,female,False,4,False,4,Game Developer,85,79,95,79,74,64,81
4399,Mason,Donaldson,mason.donaldson.4399@gslingacademy.com,male,False,0,False,3,Game Developer,88,75,91,81,73,60,70
4400,Willow,Baker,willow.baker.4400@gslingacademy.com,female,False,0,False,2,Game Developer,90,73,82,72,64,64,82
4401,Ricky,Armstrong,ricky.armstrong.4401@gslingacademy.com,male,False,2,False,4,Game Developer,75,81,100,63,73,74,72
4402,Ross,Preston,ross.preston.4402@gslingacademy.com,male,False,3,False,2,Game Developer,91,77,97,97,77,97,75
4403,Kristin,Brennan,kristin.brennan.4403@gslingacademy.com,female,True,6,False,2,Game Developer,96,96,87,92,88,83,84
4404,Tanner,Mitchell,tanner.mitchell.4404@gslingacademy.com,male,False,2,False,3,Game Developer,92,53,78,53,78,84,68
4405,Lindsay,Castillo,lindsay.castillo.4405@gslingacademy.com,female,False,2,False,1,Game Developer,86,77,90,72,73,79,57
4406,Hunter,Bell,hunter.bell.4406@gslingacademy.com,male,False,1,False,1,Game Developer,84,69,95,90,84,76,72
4407,Delilah,Espinoza,delilah.espinoza.4407@gslingacademy.com,female,False,7,False,2,Game Developer,97,66,92,91,76,100,68
4408,Leonard,Harris,leonard.harris.4408@gslingacademy.com,male,True,4,False,0,Game Developer,91,97,87,77,99,66,80
4409,Howard,Fox,howard.fox.4409@gslingacademy.com,male,False,1,False,1,Game Developer,87,85,91,90,91,85,84
4410,Catherine,Mays,catherine.mays.4410@gslingacademy.com,female,False,8,False,2,Game Developer,100,83,92,74,78,93,67
4411,Alejandro,Stuart,alejandro.stuart.4411@gslingacademy.com,male,False,3,True,5,Game Developer,89,68,90,65,87,60,83
4412,Sarah,Cameron,sarah.cameron.4412@gslingacademy.com,female,False,2,True,2,Game Developer,85,70,87,86,69,75,77
4413,Noah,Mcguire,noah.mcguire.4413@gslingacademy.com,male,True,4,False,0,Game Developer,82,73,86,100,82,91,66
4414,Quinn,Lewis,quinn.lewis.4414@gslingacademy.com,female,False,4,False,2,Game Developer,83,91,90,93,100,81,61
4415,Malik,Terrell,malik.terrell.4415@gslingacademy.com,male,False,3,False,2,Game Developer,96,60,89,84,74,84,82
4416,Marco,Sawyer,marco.sawyer.4416@gslingacademy.com,male,False,3,False,2,Game Developer,82,75,91,74,90,71,70
4417,Marcia,Wade,marcia.wade.4417@gslingacademy.com,female,False,0,True,3,Game Developer,84,59,100,60,81,47,86
4418,Kelly,Cole,kelly.cole.4418@gslingacademy.com,female,False,3,False,6,Game Developer,81,79,99,72,72,72,77
4419,Lily,Mcneil,lily.mcneil.4419@gslingacademy.com,female,False,4,False,1,Game Developer,97,100,85,72,75,85,88
4420,Audrey,Rios,audrey.rios.4420@gslingacademy.com,female,False,4,False,6,Game Developer,85,79,96,86,79,64,95
4421,Billy,May,billy.may.4421@gslingacademy.com,male,False,3,False,1,Game Developer,86,84,92,84,71,75,86
4422,Terry,Park,terry.park.4422@gslingacademy.com,male,False,5,False,6,Game Developer,100,63,91,69,74,74,100
4423,Alice,Burns,alice.burns.4423@gslingacademy.com,female,False,2,False,1,Game Developer,92,80,86,89,100,74,74
4424,Aaliyah,Silva,aaliyah.silva.4424@gslingacademy.com,female,False,0,False,3,Game Developer,85,66,89,74,80,75,81
4425,Krystal,Johnson,krystal.johnson.4425@gslingacademy.com,female,False,2,False,3,Game Developer,98,90,95,86,86,71,62
4426,Chloe,Allen,chloe.allen.4426@gslingacademy.com,female,False,3,False,5,Game Developer,93,81,89,79,81,65,82
4427,Nathan,Sloan,nathan.sloan.4427@gslingacademy.com,male,False,0,True,3,Game Developer,98,74,94,62,77,58,100
4428,Trinity,Patterson,trinity.patterson.4428@gslingacademy.com,female,False,4,False,3,Game Developer,94,93,90,87,67,85,84
4429,Traci,Randolph,traci.randolph.4429@gslingacademy.com,female,False,8,False,3,Game Developer,89,95,89,96,73,71,80
4430,Colby,Riley,colby.riley.4430@gslingacademy.com,male,False,5,False,3,Game Developer,96,100,91,90,79,72,86
4431,Ellie,Compton,ellie.compton.4431@gslingacademy.com,female,False,2,False,1,Game Developer,90,71,90,80,86,83,74
4432,Robyn,Thompson,robyn.thompson.4432@gslingacademy.com,female,False,1,False,2,Game Developer,93,70,85,75,92,81,99
4433,Aubree,Hall,aubree.hall.4433@gslingacademy.com,female,False,1,False,0,Game Developer,100,80,89,82,88,72,73
4434,Eric,Blankenship,eric.blankenship.4434@gslingacademy.com,male,False,2,False,1,Game Developer,82,86,97,74,51,95,84
4435,Ray,Mason,ray.mason.4435@gslingacademy.com,male,False,4,False,0,Game Developer,91,77,100,81,52,100,87
4436,William,Baker,william.baker.4436@gslingacademy.com,male,False,6,False,3,Game Developer,87,84,88,97,73,71,77
4437,Mitchell,Green,mitchell.green.4437@gslingacademy.com,male,False,0,False,1,Game Developer,91,100,84,95,86,95,86
4438,Ernest,Webb,ernest.webb.4438@gslingacademy.com,male,False,2,True,0,Game Developer,98,85,82,67,73,72,99
4439,Brittany,Palmer,brittany.palmer.4439@gslingacademy.com,female,False,3,True,2,Game Developer,99,91,89,100,67,80,65
4440,Lucas,Garza,lucas.garza.4440@gslingacademy.com,male,False,2,False,3,Game Developer,99,85,83,79,69,97,94
4441,Maureen,Potter,maureen.potter.4441@gslingacademy.com,female,False,3,False,5,Game Developer,93,80,84,96,87,57,62
4442,Earl,Powers,earl.powers.4442@gslingacademy.com,male,False,3,False,3,Game Developer,86,82,93,90,78,83,70
4443,Clinton,Daniels,clinton.daniels.4443@gslingacademy.com,male,True,4,False,3,Game Developer,88,66,92,93,82,68,65
4444,Ruben,Banks,ruben.banks.4444@gslingacademy.com,male,False,0,False,3,Game Developer,93,80,92,78,86,71,83
4445,Thomas,Perkins,thomas.perkins.4445@gslingacademy.com,male,True,4,False,5,Game Developer,84,76,84,93,75,80,82
4446,Cody,Cohen,cody.cohen.4446@gslingacademy.com,male,False,4,False,2,Game Developer,88,87,87,86,77,76,72
4447,Kaden,Wade,kaden.wade.4447@gslingacademy.com,male,False,0,True,0,Game Developer,89,83,90,91,73,98,75
4448,Patrick,Matthews,patrick.matthews.4448@gslingacademy.com,male,False,0,False,3,Game Developer,91,86,92,58,94,61,84
4449,Pedro,Joyce,pedro.joyce.4449@gslingacademy.com,male,True,3,True,2,Game Developer,82,81,98,78,84,71,90
4450,Clarence,Vargas,clarence.vargas.4450@gslingacademy.com,male,False,3,False,0,Game Developer,88,75,88,95,75,99,80
4451,Caroline,Hernandez,caroline.hernandez.4451@gslingacademy.com,female,False,4,False,2,Game Developer,87,95,85,77,83,63,81
4452,Russell,Murphy,russell.murphy.4452@gslingacademy.com,male,False,3,True,4,Game Developer,84,100,100,79,64,67,53
4453,Mason,Wagner,mason.wagner.4453@gslingacademy.com,male,False,0,False,1,Game Developer,98,76,83,80,79,73,87
4454,Andre,Wiley,andre.wiley.4454@gslingacademy.com,male,False,0,False,4,Game Developer,91,78,94,93,95,82,59
4455,Lydia,Brock,lydia.brock.4455@gslingacademy.com,female,False,3,False,6,Game Developer,77,81,92,89,81,91,75
4456,Jenny,Rios,jenny.rios.4456@gslingacademy.com,female,False,2,False,3,Game Developer,86,74,83,76,72,68,67
4457,Alejandro,Williams,alejandro.williams.4457@gslingacademy.com,male,False,0,False,1,Game Developer,84,77,88,82,72,73,53
4458,Dennis,Fisher,dennis.fisher.4458@gslingacademy.com,male,False,2,False,6,Game Developer,96,74,99,79,71,78,87
4459,Laura,Knight,laura.knight.4459@gslingacademy.com,female,False,0,False,2,Game Developer,100,94,85,72,75,76,79
4460,Russell,Martin,russell.martin.4460@gslingacademy.com,male,False,0,False,1,Game Developer,85,78,85,89,64,58,73
4461,Tanya,Burns,tanya.burns.4461@gslingacademy.com,female,False,6,False,3,Game Developer,77,70,95,80,71,89,73
4462,Harper,Meyer,harper.meyer.4462@gslingacademy.com,female,False,1,False,3,Game Developer,80,74,93,85,74,59,71
4463,Cecilia,Cox,cecilia.cox.4463@gslingacademy.com,female,False,1,False,3,Game Developer,80,70,90,86,75,66,70
4464,Sandra,Atkins,sandra.atkins.4464@gslingacademy.com,female,False,3,True,5,Game Developer,90,72,92,84,92,62,69
4465,Rosa,Reynolds,rosa.reynolds.4465@gslingacademy.com,female,False,2,False,4,Game Developer,77,63,94,77,81,67,60
4466,Evelyn,Wade,evelyn.wade.4466@gslingacademy.com,female,False,1,False,3,Game Developer,94,61,93,66,61,89,81
4467,Nora,Torres,nora.torres.4467@gslingacademy.com,female,False,3,False,3,Game Developer,100,94,81,81,100,93,66
4468,Danielle,Castillo,danielle.castillo.4468@gslingacademy.com,female,False,0,True,1,Game Developer,83,94,99,70,94,61,71
4469,Dustin,Craig,dustin.craig.4469@gslingacademy.com,male,False,0,False,3,Game Developer,88,67,94,77,81,82,79
4470,Stacey,Klein,stacey.klein.4470@gslingacademy.com,female,False,2,False,4,Game Developer,91,81,96,85,52,80,62
4471,Melissa,Berry,melissa.berry.4471@gslingacademy.com,female,False,1,False,3,Game Developer,85,71,77,73,85,80,95
4472,Tamara,Chapman,tamara.chapman.4472@gslingacademy.com,female,False,3,False,0,Game Developer,89,100,96,95,72,76,68
4473,Gerardo,Wade,gerardo.wade.4473@gslingacademy.com,male,False,0,False,0,Game Developer,89,77,96,62,69,100,56
4474,Brenda,English,brenda.english.4474@gslingacademy.com,female,False,0,False,2,Game Developer,77,80,100,67,73,75,86
4475,Herbert,Gordon,herbert.gordon.4475@gslingacademy.com,male,False,6,False,4,Game Developer,94,70,88,78,76,84,60
4476,Joseph,Mathews,joseph.mathews.4476@gslingacademy.com,male,True,2,True,4,Game Developer,91,63,79,77,70,78,100
4477,William,Bishop,william.bishop.4477@gslingacademy.com,male,False,1,True,3,Game Developer,90,90,88,63,60,71,82
4478,Colby,Watkins,colby.watkins.4478@gslingacademy.com,male,False,5,False,0,Game Developer,96,60,85,92,79,82,51
4479,Marcos,Bennett,marcos.bennett.4479@gslingacademy.com,male,False,2,False,2,Game Developer,88,75,92,89,82,71,76
4480,Aiden,George,aiden.george.4480@gslingacademy.com,male,True,5,False,5,Game Developer,84,69,84,70,89,61,89
4481,Deanna,Jensen,deanna.jensen.4481@gslingacademy.com,female,True,2,False,2,Game Developer,100,70,91,79,67,87,61
4482,Joshua,Garcia,joshua.garcia.4482@gslingacademy.com,male,False,0,False,4,Game Developer,88,85,83,62,76,71,91
4483,Kelly,Knight,kelly.knight.4483@gslingacademy.com,female,False,4,False,1,Game Developer,87,67,96,88,98,95,57
4484,Russell,Reynolds,russell.reynolds.4484@gslingacademy.com,male,False,4,False,2,Game Developer,91,70,93,83,59,81,65
4485,Kelly,Gallagher,kelly.gallagher.4485@gslingacademy.com,female,False,2,False,4,Game Developer,88,80,91,91,92,74,76
4486,Tony,Duncan,tony.duncan.4486@gslingacademy.com,male,False,3,False,3,Game Developer,96,82,90,97,94,73,68
4487,Shelby,Knapp,shelby.knapp.4487@gslingacademy.com,female,False,2,False,4,Game Developer,87,72,87,80,87,84,96
4488,Carlos,Barnes,carlos.barnes.4488@gslingacademy.com,male,False,3,False,0,Game Developer,85,83,80,72,92,88,73
4489,Casey,Glover,casey.glover.4489@gslingacademy.com,male,True,0,False,2,Game Developer,97,99,89,78,77,77,76
4490,Bryan,Ross,bryan.ross.4490@gslingacademy.com,male,False,4,False,1,Game Developer,84,75,88,65,75,78,85
4491,Gianna,Dean,gianna.dean.4491@gslingacademy.com,female,False,0,True,4,Game Developer,83,74,90,52,72,57,83
4492,Meghan,Smith,meghan.smith.4492@gslingacademy.com,female,False,4,False,4,Game Developer,93,79,85,100,63,60,57
4493,Juan,Gonzalez,juan.gonzalez.4493@gslingacademy.com,male,True,5,True,4,Game Developer,97,83,89,77,97,86,83
4494,Carter,Rollins,carter.rollins.4494@gslingacademy.com,male,False,0,False,3,Game Developer,82,72,97,66,83,72,88
4495,Leroy,Elliott,leroy.elliott.4495@gslingacademy.com,male,False,3,False,3,Game Developer,87,64,90,99,94,93,81
4496,Tonya,Mccann,tonya.mccann.4496@gslingacademy.com,female,False,3,False,3,Game Developer,98,65,91,75,95,80,91
4497,Fernando,Mitchell,fernando.mitchell.4497@gslingacademy.com,male,False,1,False,1,Game Developer,82,82,84,59,93,85,60
4498,Reid,Schmidt,reid.schmidt.4498@gslingacademy.com,male,False,5,True,3,Game Developer,97,77,95,60,81,69,69
4499,Luis,Burnett,luis.burnett.4499@gslingacademy.com,male,False,4,False,4,Game Developer,90,54,93,61,90,89,76
4500,Louis,Thompson,louis.thompson.4500@gslingacademy.com,male,False,2,False,3,Game Developer,80,72,81,75,87,68,94
4501,Billy,Soto,billy.soto.4501@gslingacademy.com,male,False,0,True,28,Stock Investor,81,98,74,70,97,65,65
4502,Christopher,Stewart,christopher.stewart.4502@gslingacademy.com,male,False,6,True,16,Stock Investor,76,72,96,65,89,87,94
4503,Lisa,Harris,lisa.harris.4503@gslingacademy.com,female,False,1,False,15,Stock Investor,76,67,83,85,91,61,67
4504,Robert,Atkins,robert.atkins.4504@gslingacademy.com,male,False,3,False,16,Stock Investor,93,96,68,87,69,89,100
4505,Jacob,Brown,jacob.brown.4505@gslingacademy.com,male,False,4,False,34,Stock Investor,79,92,79,76,84,67,86
4506,Joshua,Gonzalez,joshua.gonzalez.4506@gslingacademy.com,male,False,4,False,24,Stock Investor,76,89,89,83,89,90,64
4507,Amanda,Vasquez,amanda.vasquez.4507@gslingacademy.com,female,True,5,False,25,Stock Investor,96,73,90,85,63,84,87
4508,Erica,Marks,erica.marks.4508@gslingacademy.com,female,False,4,False,25,Stock Investor,81,87,65,85,74,64,81
4509,Adam,Edwards,adam.edwards.4509@gslingacademy.com,male,False,5,False,9,Stock Investor,91,94,82,100,68,66,69
4510,Tiffany,Hernandez,tiffany.hernandez.4510@gslingacademy.com,female,False,3,False,24,Stock Investor,94,73,61,68,65,85,67
4511,Robert,Hawkins,robert.hawkins.4511@gslingacademy.com,male,False,3,False,25,Stock Investor,92,81,68,96,99,92,79
4512,Catherine,Weiss,catherine.weiss.4512@gslingacademy.com,female,False,2,False,28,Stock Investor,98,77,94,63,69,88,100
4513,Terry,Chen,terry.chen.4513@gslingacademy.com,male,False,1,True,11,Stock Investor,76,82,70,72,78,60,81
4514,Matthew,Griffin,matthew.griffin.4514@gslingacademy.com,male,False,3,False,4,Stock Investor,83,61,79,99,66,60,76
4515,Tabitha,Hudson,tabitha.hudson.4515@gslingacademy.com,female,False,2,True,32,Stock Investor,75,83,85,65,76,94,60
4516,Andrew,Smith,andrew.smith.4516@gslingacademy.com,male,False,3,False,16,Stock Investor,99,86,90,100,96,77,60
4517,Cheryl,Snyder,cheryl.snyder.4517@gslingacademy.com,female,False,7,False,7,Stock Investor,92,89,79,76,86,61,81
4518,Adriana,Sandoval,adriana.sandoval.4518@gslingacademy.com,female,False,5,False,28,Stock Investor,88,90,93,81,88,90,74
4519,Mathew,Burns,mathew.burns.4519@gslingacademy.com,male,False,1,False,8,Stock Investor,84,74,74,75,99,99,85
4520,Joseph,Schmidt,joseph.schmidt.4520@gslingacademy.com,male,False,1,False,25,Stock Investor,76,94,90,75,92,86,87
4521,Jerry,Knight,jerry.knight.4521@gslingacademy.com,male,False,8,True,21,Stock Investor,89,60,93,79,72,76,85
4522,Victoria,Anderson,victoria.anderson.4522@gslingacademy.com,female,False,5,False,26,Stock Investor,76,81,84,80,80,84,70
4523,Corey,Davis,corey.davis.4523@gslingacademy.com,male,False,1,False,21,Stock Investor,98,99,72,100,94,77,84
4524,Daniel,Jackson,daniel.jackson.4524@gslingacademy.com,male,False,1,False,19,Stock Investor,91,89,66,69,100,88,79
4525,Chelsea,Clark,chelsea.clark.4525@gslingacademy.com,female,False,1,False,3,Stock Investor,100,92,95,90,67,81,66
4526,Tina,Sparks,tina.sparks.4526@gslingacademy.com,female,False,3,True,16,Stock Investor,100,70,69,61,100,65,81
4527,William,Johns,william.johns.4527@gslingacademy.com,male,True,0,False,32,Stock Investor,86,70,73,85,67,91,98
4528,Courtney,Patterson,courtney.patterson.4528@gslingacademy.com,female,False,0,False,4,Stock Investor,86,82,90,69,66,93,94
4529,Lindsey,Anthony,lindsey.anthony.4529@gslingacademy.com,female,False,2,True,30,Stock Investor,85,77,89,77,84,71,71
4530,Ryan,Brown,ryan.brown.4530@gslingacademy.com,male,False,1,False,25,Stock Investor,97,67,86,95,65,91,76
4531,Justin,Hughes,justin.hughes.4531@gslingacademy.com,male,False,2,True,25,Stock Investor,97,65,96,87,87,95,100
4532,Larry,Smith,larry.smith.4532@gslingacademy.com,male,True,3,False,12,Stock Investor,84,69,68,92,86,67,73
4533,Brandi,Ray,brandi.ray.4533@gslingacademy.com,female,False,6,False,27,Stock Investor,93,94,87,92,99,93,88
4534,Robert,Johnson,robert.johnson.4534@gslingacademy.com,male,False,2,False,19,Stock Investor,87,80,84,65,91,84,65
4535,Ruben,Meyer,ruben.meyer.4535@gslingacademy.com,male,False,8,True,12,Stock Investor,100,84,73,96,97,85,63
4536,Richard,Small,richard.small.4536@gslingacademy.com,male,True,3,False,32,Stock Investor,95,75,87,67,96,86,85
4537,Matthew,Potter,matthew.potter.4537@gslingacademy.com,male,True,5,False,24,Stock Investor,100,80,74,87,77,95,92
4538,Matthew,Peterson,matthew.peterson.4538@gslingacademy.com,male,False,7,False,8,Stock Investor,89,97,65,75,61,60,60
4539,Dean,Sims,dean.sims.4539@gslingacademy.com,male,False,4,False,19,Stock Investor,99,78,74,95,72,65,91
4540,Tammy,Andrews,tammy.andrews.4540@gslingacademy.com,female,False,2,False,10,Stock Investor,96,83,64,84,98,79,99
4541,Daniel,Stephens,daniel.stephens.4541@gslingacademy.com,male,False,1,False,25,Stock Investor,85,82,88,62,71,71,75
4542,Derrick,Hartman,derrick.hartman.4542@gslingacademy.com,male,False,1,False,13,Stock Investor,84,85,64,74,79,92,64
4543,Nicole,Newman,nicole.newman.4543@gslingacademy.com,female,False,4,False,7,Stock Investor,97,63,61,77,74,94,61
4544,Kelly,Harris,kelly.harris.4544@gslingacademy.com,female,False,7,False,21,Stock Investor,86,62,81,63,92,75,79
4545,Emma,Andrews,emma.andrews.4545@gslingacademy.com,female,False,2,False,34,Stock Investor,89,71,75,65,74,93,90
4546,Brenda,Rhodes,brenda.rhodes.4546@gslingacademy.com,female,False,5,False,28,Stock Investor,90,78,86,83,98,71,84
4547,Jesse,Johnson,jesse.johnson.4547@gslingacademy.com,male,False,7,False,26,Stock Investor,82,82,87,92,64,70,72
4548,Albert,Anderson,albert.anderson.4548@gslingacademy.com,male,True,1,False,33,Stock Investor,91,92,73,97,61,63,71
4549,Emily,Waters,emily.waters.4549@gslingacademy.com,female,True,4,True,24,Stock Investor,86,68,98,87,61,78,96
4550,Denise,Blackburn,denise.blackburn.4550@gslingacademy.com,female,True,2,True,20,Stock Investor,82,74,80,60,96,76,99
4551,Derrick,Ortiz,derrick.ortiz.4551@gslingacademy.com,male,False,2,False,6,Stock Investor,84,86,96,95,75,61,99
4552,Kevin,Diaz,kevin.diaz.4552@gslingacademy.com,male,False,9,False,31,Stock Investor,96,76,74,92,96,74,99
4553,Jesse,Garcia,jesse.garcia.4553@gslingacademy.com,male,False,5,True,28,Stock Investor,90,73,78,72,63,88,72
4554,Samuel,Lee,samuel.lee.4554@gslingacademy.com,male,True,3,False,8,Stock Investor,84,98,71,62,89,86,67
4555,Joseph,Phillips,joseph.phillips.4555@gslingacademy.com,male,False,3,False,33,Stock Investor,93,63,69,97,64,82,83
4556,Gregory,Ryan,gregory.ryan.4556@gslingacademy.com,male,False,1,False,29,Stock Investor,80,96,79,95,74,95,61
4557,Debra,Brown,debra.brown.4557@gslingacademy.com,female,False,3,False,31,Stock Investor,94,63,98,73,63,98,100
4558,Jennifer,Fuentes,jennifer.fuentes.4558@gslingacademy.com,female,True,2,False,11,Stock Investor,89,65,82,77,90,76,84
4559,Steve,Kelly,steve.kelly.4559@gslingacademy.com,male,False,4,False,12,Stock Investor,100,67,100,60,94,72,70
4560,William,Clay,william.clay.4560@gslingacademy.com,male,False,2,False,31,Stock Investor,99,88,97,97,71,67,79
4561,Anthony,Walton,anthony.walton.4561@gslingacademy.com,male,True,1,False,29,Stock Investor,91,96,63,81,97,74,66
4562,Ann,Scott,ann.scott.4562@gslingacademy.com,female,False,2,False,22,Stock Investor,91,93,82,81,95,91,70
4563,Stephen,Hawkins,stephen.hawkins.4563@gslingacademy.com,male,False,7,False,33,Stock Investor,86,88,96,86,87,99,80
4564,William,Holt,william.holt.4564@gslingacademy.com,male,False,1,False,12,Stock Investor,93,86,61,71,98,79,87
4565,Dennis,Gonzalez,dennis.gonzalez.4565@gslingacademy.com,male,False,1,False,6,Stock Investor,82,79,60,80,65,64,71
4566,Mitchell,Walker,mitchell.walker.4566@gslingacademy.com,male,False,5,True,19,Stock Investor,85,66,61,85,75,94,76
4567,Dawn,Fox,dawn.fox.4567@gslingacademy.com,female,False,2,True,18,Stock Investor,89,60,82,90,96,67,68
4568,Michael,Evans,michael.evans.4568@gslingacademy.com,male,True,5,False,25,Stock Investor,81,88,85,90,93,62,96
4569,Joshua,Cole,joshua.cole.4569@gslingacademy.com,male,False,4,False,8,Stock Investor,80,69,70,60,71,60,89
4570,David,Luna,david.luna.4570@gslingacademy.com,male,False,4,False,28,Stock Investor,76,80,89,74,61,86,93
4571,Franklin,Riley,franklin.riley.4571@gslingacademy.com,male,False,0,False,29,Stock Investor,86,95,61,96,89,99,84
4572,Christopher,Gonzales,christopher.gonzales.4572@gslingacademy.com,male,False,3,False,17,Stock Investor,80,98,99,90,64,86,93
4573,Samuel,Baker,samuel.baker.4573@gslingacademy.com,male,False,2,False,17,Stock Investor,77,86,97,85,77,88,93
4574,Gianna,Figueroa,gianna.figueroa.4574@gslingacademy.com,female,True,0,False,16,Stock Investor,80,90,79,79,85,73,73
4575,Makayla,Becker,makayla.becker.4575@gslingacademy.com,female,False,4,False,9,Stock Investor,90,67,79,85,63,76,69
4576,Jamie,Fernandez,jamie.fernandez.4576@gslingacademy.com,male,False,2,False,15,Stock Investor,60,77,72,72,75,72,83
4577,Chloe,Rios,chloe.rios.4577@gslingacademy.com,female,False,4,False,15,Stock Investor,96,84,86,100,87,92,66
4578,Ingrid,Dixon,ingrid.dixon.4578@gslingacademy.com,female,False,0,True,20,Stock Investor,78,97,71,78,100,74,68
4579,Joseph,Delgado,joseph.delgado.4579@gslingacademy.com,male,False,10,False,19,Stock Investor,100,80,92,85,59,69,61
4580,Terri,Yates,terri.yates.4580@gslingacademy.com,female,False,2,False,17,Stock Investor,92,92,82,59,95,95,71
4581,Kimberly,Gray,kimberly.gray.4581@gslingacademy.com,female,False,1,False,21,Stock Investor,86,82,63,86,96,57,62
4582,Bernard,Turner,bernard.turner.4582@gslingacademy.com,male,False,2,False,18,Stock Investor,94,49,88,67,99,61,83
4583,Adam,Clemons,adam.clemons.4583@gslingacademy.com,male,False,0,False,21,Stock Investor,99,85,57,97,73,70,90
4584,Jessie,Garcia,jessie.garcia.4584@gslingacademy.com,male,False,6,False,17,Stock Investor,100,96,61,100,85,90,76
4585,Amelia,Chen,amelia.chen.4585@gslingacademy.com,female,False,0,True,11,Stock Investor,86,86,89,84,84,84,65
4586,Beulah,Aguilar,beulah.aguilar.4586@gslingacademy.com,female,False,3,False,24,Stock Investor,85,80,82,90,87,90,83
4587,Rita,Price,rita.price.4587@gslingacademy.com,female,False,3,False,25,Stock Investor,100,81,77,83,91,100,85
4588,Amanda,Espinoza,amanda.espinoza.4588@gslingacademy.com,female,False,4,False,14,Stock Investor,79,59,67,100,67,64,77
4589,Autumn,Klein,autumn.klein.4589@gslingacademy.com,female,False,7,False,12,Stock Investor,88,71,88,50,61,81,78
4590,Emma,Boyd,emma.boyd.4590@gslingacademy.com,female,False,0,True,12,Stock Investor,89,84,86,84,65,88,91
4591,Sandra,Merritt,sandra.merritt.4591@gslingacademy.com,female,False,0,False,33,Stock Investor,80,79,82,60,86,92,94
4592,Darius,Cohen,darius.cohen.4592@gslingacademy.com,male,False,4,False,14,Stock Investor,93,76,98,61,88,88,86
4593,Ivy,Hartman,ivy.hartman.4593@gslingacademy.com,female,False,4,False,20,Stock Investor,90,86,86,71,80,79,62
4594,Ryan,Warren,ryan.warren.4594@gslingacademy.com,male,False,5,False,28,Stock Investor,100,70,77,69,75,69,70
4595,Leroy,Lee,leroy.lee.4595@gslingacademy.com,male,False,5,False,32,Stock Investor,98,59,79,83,71,88,77
4596,Martha,Hernandez,martha.hernandez.4596@gslingacademy.com,female,False,0,False,35,Stock Investor,93,66,93,82,83,100,100
4597,Alexa,Johnston,alexa.johnston.4597@gslingacademy.com,female,True,2,False,19,Stock Investor,83,95,87,65,83,65,72
4598,Gerardo,Reyes,gerardo.reyes.4598@gslingacademy.com,male,False,0,True,17,Stock Investor,87,96,68,81,90,85,80
4599,Ivy,Arnold,ivy.arnold.4599@gslingacademy.com,female,False,6,True,25,Stock Investor,100,67,100,82,78,90,95
4600,Kyle,Potter,kyle.potter.4600@gslingacademy.com,male,False,6,False,29,Stock Investor,82,71,85,73,67,70,78
4601,Wesley,Lewis,wesley.lewis.4601@gslingacademy.com,male,False,4,False,13,Stock Investor,79,85,81,76,71,67,79
4602,Philip,Ortega,philip.ortega.4602@gslingacademy.com,male,False,0,False,26,Stock Investor,96,66,68,78,84,87,81
4603,Violet,Torres,violet.torres.4603@gslingacademy.com,female,False,4,False,36,Stock Investor,100,65,74,89,87,74,90
4604,Natasha,Burke,natasha.burke.4604@gslingacademy.com,female,False,2,True,29,Stock Investor,91,86,56,74,82,80,86
4605,Danielle,Silva,danielle.silva.4605@gslingacademy.com,female,False,5,False,18,Stock Investor,88,68,77,85,70,91,69
4606,Mia,Welch,mia.welch.4606@gslingacademy.com,female,False,3,False,18,Stock Investor,94,89,67,93,100,68,62
4607,Raul,Merritt,raul.merritt.4607@gslingacademy.com,male,False,1,False,21,Stock Investor,92,100,80,94,82,91,75
4608,Courtney,Aguilar,courtney.aguilar.4608@gslingacademy.com,female,False,5,False,19,Stock Investor,96,90,99,85,95,78,81
4609,Ebony,Winters,ebony.winters.4609@gslingacademy.com,female,False,5,True,23,Stock Investor,93,97,78,98,87,66,87
4610,Herbert,Hart,herbert.hart.4610@gslingacademy.com,male,False,0,False,22,Stock Investor,99,84,66,100,87,82,56
4611,Ross,Thomas,ross.thomas.4611@gslingacademy.com,male,False,0,True,28,Stock Investor,93,79,68,71,100,95,99
4612,Jenny,Castillo,jenny.castillo.4612@gslingacademy.com,female,False,5,True,9,Stock Investor,85,69,100,84,80,87,100
4613,Ralph,Padilla,ralph.padilla.4613@gslingacademy.com,male,False,4,False,21,Stock Investor,85,84,79,94,68,65,76
4614,Andre,Burnett,andre.burnett.4614@gslingacademy.com,male,False,4,False,37,Stock Investor,86,84,89,96,69,75,96
4615,Stanley,Novak,stanley.novak.4615@gslingacademy.com,male,False,5,False,9,Stock Investor,96,76,65,67,81,64,79
4616,Payton,Rojas,payton.rojas.4616@gslingacademy.com,female,False,0,False,40,Stock Investor,78,92,75,65,88,76,81
4617,Aaron,Jenkins,aaron.jenkins.4617@gslingacademy.com,male,False,0,False,19,Stock Investor,80,78,66,78,81,85,58
4618,Maya,Sosa,maya.sosa.4618@gslingacademy.com,female,False,0,False,21,Stock Investor,85,71,76,94,63,87,77
4619,Sherry,Hudson,sherry.hudson.4619@gslingacademy.com,female,False,1,False,20,Stock Investor,81,100,88,86,78,100,72
4620,Anthony,Dean,anthony.dean.4620@gslingacademy.com,male,False,6,False,41,Stock Investor,97,97,63,94,75,95,85
4621,Aurora,Mosley,aurora.mosley.4621@gslingacademy.com,female,False,2,False,24,Stock Investor,98,84,80,70,91,85,100
4622,Graham,Barnes,graham.barnes.4622@gslingacademy.com,male,False,5,False,19,Stock Investor,97,62,72,84,100,69,84
4623,Carl,Howard,carl.howard.4623@gslingacademy.com,male,True,3,False,13,Stock Investor,100,86,72,76,81,81,91
4624,Rosa,Brewer,rosa.brewer.4624@gslingacademy.com,female,False,3,False,13,Stock Investor,94,91,89,94,73,87,80
4625,Brooke,Graham,brooke.graham.4625@gslingacademy.com,female,True,5,False,18,Stock Investor,82,80,74,76,60,78,54
4626,Gerardo,Hanson,gerardo.hanson.4626@gslingacademy.com,male,False,5,False,26,Stock Investor,83,97,61,81,89,72,57
4627,Logan,Hamilton,logan.hamilton.4627@gslingacademy.com,male,False,2,False,21,Stock Investor,93,75,53,70,78,91,85
4628,Arturo,Hudson,arturo.hudson.4628@gslingacademy.com,male,False,7,True,23,Stock Investor,91,59,74,88,66,67,70
4629,Noah,Gentry,noah.gentry.4629@gslingacademy.com,male,True,2,True,18,Stock Investor,95,58,52,83,65,69,76
4630,Diana,Werner,diana.werner.4630@gslingacademy.com,female,True,2,False,21,Stock Investor,84,83,73,100,65,68,82
4631,Reid,Franklin,reid.franklin.4631@gslingacademy.com,male,False,5,False,20,Stock Investor,89,80,82,74,96,78,78
4632,Kimberly,Mcdaniel,kimberly.mcdaniel.4632@gslingacademy.com,female,False,1,False,25,Stock Investor,84,86,71,83,59,95,73
4633,Marian,Mathews,marian.mathews.4633@gslingacademy.com,female,False,5,False,13,Stock Investor,100,71,90,90,70,83,100
4634,Veronica,Wade,veronica.wade.4634@gslingacademy.com,female,False,0,False,13,Stock Investor,96,91,74,100,81,69,79
4635,Grace,Harvey,grace.harvey.4635@gslingacademy.com,female,False,0,False,27,Stock Investor,89,86,83,94,89,88,76
4636,Jesus,Thornton,jesus.thornton.4636@gslingacademy.com,male,False,0,False,18,Stock Investor,84,69,71,73,65,87,76
4637,Emilia,Rios,emilia.rios.4637@gslingacademy.com,female,False,5,False,9,Stock Investor,99,69,74,74,93,81,84
4638,Shelby,Browning,shelby.browning.4638@gslingacademy.com,female,True,6,False,32,Stock Investor,96,77,71,71,87,89,97
4639,Courtney,Lewis,courtney.lewis.4639@gslingacademy.com,female,False,3,True,40,Stock Investor,94,72,72,100,91,100,80
4640,Audrey,Espinoza,audrey.espinoza.4640@gslingacademy.com,female,False,2,False,33,Stock Investor,86,82,95,90,74,92,87
4641,Peyton,Bowman,peyton.bowman.4641@gslingacademy.com,female,False,3,False,31,Stock Investor,90,78,59,84,81,94,88
4642,Evelyn,Blackwell,evelyn.blackwell.4642@gslingacademy.com,female,False,2,False,31,Stock Investor,99,51,91,78,37,93,89
4643,Mariah,Cox,mariah.cox.4643@gslingacademy.com,female,False,6,False,19,Stock Investor,81,82,77,77,93,88,63
4644,Anna,Burgess,anna.burgess.4644@gslingacademy.com,female,False,0,False,18,Stock Investor,94,92,72,84,88,80,62
4645,Evan,Craig,evan.craig.4645@gslingacademy.com,male,False,4,False,8,Stock Investor,100,66,66,66,65,63,76
4646,Eva,Blankenship,eva.blankenship.4646@gslingacademy.com,female,False,3,False,7,Stock Investor,94,82,72,98,68,75,61
4647,Oliver,Nichols,oliver.nichols.4647@gslingacademy.com,male,False,6,False,24,Stock Investor,78,75,74,70,76,92,88
4648,Barry,Grant,barry.grant.4648@gslingacademy.com,male,False,2,False,10,Stock Investor,79,97,85,74,84,85,59
4649,Tricia,Santos,tricia.santos.4649@gslingacademy.com,female,False,0,False,23,Stock Investor,78,94,84,90,100,78,61
4650,Jose,Maldonado,jose.maldonado.4650@gslingacademy.com,male,True,1,False,19,Stock Investor,76,94,81,81,78,91,94
4651,Mason,Armstrong,mason.armstrong.4651@gslingacademy.com,male,False,3,False,22,Stock Investor,82,85,72,81,85,81,73
4652,Ruby,Knight,ruby.knight.4652@gslingacademy.com,female,False,4,False,17,Stock Investor,93,62,70,82,65,92,100
4653,Peyton,Miller,peyton.miller.4653@gslingacademy.com,female,False,3,False,29,Stock Investor,74,78,88,84,55,83,83
4654,Brayden,Gordon,brayden.gordon.4654@gslingacademy.com,male,False,2,True,18,Stock Investor,88,90,88,85,75,71,96
4655,Raul,Barnes,raul.barnes.4655@gslingacademy.com,male,True,6,True,14,Stock Investor,100,69,83,84,67,79,71
4656,Brian,Watson,brian.watson.4656@gslingacademy.com,male,False,4,False,15,Stock Investor,89,63,81,79,85,56,60
4657,Nora,Cohen,nora.cohen.4657@gslingacademy.com,female,False,1,False,6,Stock Investor,100,73,85,83,83,55,86
4658,Kelly,Moses,kelly.moses.4658@gslingacademy.com,female,False,3,True,9,Stock Investor,93,85,97,80,79,87,72
4659,Jennifer,Wade,jennifer.wade.4659@gslingacademy.com,female,False,0,False,10,Stock Investor,75,88,59,88,74,78,66
4660,Monica,Sweeney,monica.sweeney.4660@gslingacademy.com,female,False,2,False,19,Stock Investor,99,86,58,79,100,82,81
4661,Evan,Campos,evan.campos.4661@gslingacademy.com,male,False,0,False,24,Stock Investor,97,82,94,78,87,86,99
4662,Delilah,Andrews,delilah.andrews.4662@gslingacademy.com,female,False,1,False,8,Stock Investor,75,83,81,82,69,92,92
4663,Jerry,Murphy,jerry.murphy.4663@gslingacademy.com,male,False,8,False,17,Stock Investor,81,87,81,64,96,95,83
4664,Katherine,Becker,katherine.becker.4664@gslingacademy.com,female,False,5,False,32,Stock Investor,100,82,85,88,91,100,74
4665,Autumn,York,autumn.york.4665@gslingacademy.com,female,False,10,False,17,Stock Investor,83,66,86,79,64,53,89
4666,Eric,Parker,eric.parker.4666@gslingacademy.com,male,False,4,False,35,Stock Investor,99,90,85,72,100,74,77
4667,Meghan,Short,meghan.short.4667@gslingacademy.com,female,False,2,False,1,Stock Investor,86,81,70,83,74,74,85
4668,Albert,King,albert.king.4668@gslingacademy.com,male,False,0,False,20,Stock Investor,91,67,94,69,100,84,93
4669,Rosa,Hensley,rosa.hensley.4669@gslingacademy.com,female,False,2,False,23,Stock Investor,82,62,90,75,100,58,95
4670,Latoya,Fox,latoya.fox.4670@gslingacademy.com,female,False,0,True,18,Stock Investor,86,73,76,69,70,90,86
4671,Courtney,Moreno,courtney.moreno.4671@gslingacademy.com,female,False,0,True,22,Stock Investor,84,79,87,85,74,74,88
4672,Marian,Bates,marian.bates.4672@gslingacademy.com,female,False,4,False,28,Stock Investor,95,76,81,71,93,83,83
4673,Craig,Rodriguez,craig.rodriguez.4673@gslingacademy.com,male,True,4,False,19,Stock Investor,98,70,74,62,100,95,83
4674,Stanley,Riley,stanley.riley.4674@gslingacademy.com,male,False,1,True,13,Stock Investor,90,84,80,63,86,77,91
4675,Angelica,Norman,angelica.norman.4675@gslingacademy.com,female,False,4,False,32,Stock Investor,82,68,84,77,66,84,94
4676,Joseph,Espinosa,joseph.espinosa.4676@gslingacademy.com,male,False,5,False,27,Stock Investor,89,74,88,89,91,95,78
4677,Carlos,Lloyd,carlos.lloyd.4677@gslingacademy.com,male,False,8,False,6,Stock Investor,85,82,82,96,73,75,78
4678,Leonardo,Williamson,leonardo.williamson.4678@gslingacademy.com,male,True,4,True,10,Stock Investor,87,81,85,72,85,75,80
4679,Aaliyah,Best,aaliyah.best.4679@gslingacademy.com,female,False,0,False,13,Stock Investor,81,84,65,68,93,89,98
4680,Clara,Valdez,clara.valdez.4680@gslingacademy.com,female,False,0,False,30,Stock Investor,98,90,66,72,93,77,82
4681,Oliver,Brady,oliver.brady.4681@gslingacademy.com,male,False,2,True,25,Stock Investor,82,65,73,74,87,80,67
4682,Mariah,Stuart,mariah.stuart.4682@gslingacademy.com,female,False,1,False,24,Stock Investor,78,82,98,75,91,85,75
4683,Genesis,Holloway,genesis.holloway.4683@gslingacademy.com,female,False,3,False,27,Stock Investor,84,82,79,62,88,80,82
4684,Suzanne,Riley,suzanne.riley.4684@gslingacademy.com,female,False,0,False,4,Stock Investor,87,74,65,65,72,99,60
4685,Tanya,Hanna,tanya.hanna.4685@gslingacademy.com,female,True,2,False,32,Stock Investor,94,67,88,80,87,99,100
4686,Juan,Yates,juan.yates.4686@gslingacademy.com,male,False,2,False,32,Stock Investor,87,90,90,70,100,100,84
4687,Jayden,Lam,jayden.lam.4687@gslingacademy.com,male,False,0,False,11,Stock Investor,79,83,77,67,87,77,84
4688,Jerry,Novak,jerry.novak.4688@gslingacademy.com,male,False,5,True,36,Stock Investor,82,64,79,66,78,69,85
4689,Zoey,Gordon,zoey.gordon.4689@gslingacademy.com,female,False,0,False,17,Stock Investor,81,83,81,58,78,65,100
4690,Ruby,Perry,ruby.perry.4690@gslingacademy.com,female,True,2,False,29,Stock Investor,93,67,84,74,56,80,84
4691,Madeline,Wheeler,madeline.wheeler.4691@gslingacademy.com,female,False,4,False,8,Stock Investor,94,61,91,89,74,77,93
4692,Louis,Aguirre,louis.aguirre.4692@gslingacademy.com,male,False,0,False,13,Stock Investor,83,77,99,100,95,66,88
4693,Marcos,Bush,marcos.bush.4693@gslingacademy.com,male,False,1,True,26,Stock Investor,99,76,68,94,89,90,77
4694,Daniel,Freeman,daniel.freeman.4694@gslingacademy.com,male,False,5,False,8,Stock Investor,93,71,93,79,74,75,67
4695,Savannah,Arroyo,savannah.arroyo.4695@gslingacademy.com,female,False,3,False,6,Stock Investor,90,67,74,75,98,61,87
4696,Jaime,Martinez,jaime.martinez.4696@gslingacademy.com,male,True,2,False,18,Stock Investor,91,77,79,74,81,77,80
4697,Larry,Krueger,larry.krueger.4697@gslingacademy.com,male,False,1,True,21,Stock Investor,88,75,88,79,66,89,59
4698,Reed,Castro,reed.castro.4698@gslingacademy.com,male,False,1,False,22,Stock Investor,86,81,62,94,55,95,73
4699,Abraham,Delgado,abraham.delgado.4699@gslingacademy.com,male,False,3,True,11,Stock Investor,87,93,78,74,79,87,66
4700,Ross,Parker,ross.parker.4700@gslingacademy.com,male,False,3,False,22,Stock Investor,95,92,88,100,93,89,100
4701,Shelby,Rios,shelby.rios.4701@gslingacademy.com,female,False,5,False,21,Stock Investor,100,76,94,81,79,85,94
4702,Alexandra,Obrien,alexandra.obrien.4702@gslingacademy.com,female,False,4,False,29,Stock Investor,88,91,88,96,86,79,100
4703,Lisa,Becker,lisa.becker.4703@gslingacademy.com,female,False,5,True,24,Stock Investor,93,75,96,76,85,91,90
4704,Emily,Hunt,emily.hunt.4704@gslingacademy.com,female,False,5,True,9,Stock Investor,81,85,99,58,80,100,76
4705,Michael,Berry,michael.berry.4705@gslingacademy.com,male,True,0,False,11,Stock Investor,89,85,100,79,75,91,77
4706,Arturo,Bishop,arturo.bishop.4706@gslingacademy.com,male,False,4,True,18,Stock Investor,93,71,81,73,75,81,83
4707,Cecilia,Baker,cecilia.baker.4707@gslingacademy.com,female,False,1,False,26,Stock Investor,91,89,65,80,98,91,87
4708,Stephen,Bender,stephen.bender.4708@gslingacademy.com,male,False,5,False,12,Stock Investor,89,61,99,74,74,82,75
4709,Angelina,Gilbert,angelina.gilbert.4709@gslingacademy.com,female,False,1,False,22,Stock Investor,93,63,78,81,90,92,97
4710,Carlos,Beard,carlos.beard.4710@gslingacademy.com,male,False,3,False,32,Stock Investor,78,90,90,75,73,86,83
4711,Julia,Pitts,julia.pitts.4711@gslingacademy.com,female,False,3,False,28,Stock Investor,96,78,87,87,67,71,90
4712,Roger,Stein,roger.stein.4712@gslingacademy.com,male,False,8,False,21,Stock Investor,90,80,90,63,76,96,87
4713,Charles,Sweeney,charles.sweeney.4713@gslingacademy.com,male,False,6,False,15,Stock Investor,81,89,74,93,91,54,100
4714,Madelyn,York,madelyn.york.4714@gslingacademy.com,female,False,1,False,15,Stock Investor,92,84,83,66,66,100,89
4715,Norman,Poole,norman.poole.4715@gslingacademy.com,male,False,1,True,10,Stock Investor,93,56,69,98,62,69,58
4716,Bryan,Robinson,bryan.robinson.4716@gslingacademy.com,male,True,5,True,24,Stock Investor,100,76,52,69,79,66,78
4717,Aurora,Padilla,aurora.padilla.4717@gslingacademy.com,female,False,4,False,13,Stock Investor,93,80,84,95,59,54,66
4718,Cooper,Tanner,cooper.tanner.4718@gslingacademy.com,male,False,1,True,21,Stock Investor,85,71,79,84,78,91,92
4719,Troy,Pruitt,troy.pruitt.4719@gslingacademy.com,male,False,3,False,31,Stock Investor,81,67,71,81,85,91,93
4720,Marcia,Brennan,marcia.brennan.4720@gslingacademy.com,female,True,0,False,20,Stock Investor,100,86,85,80,66,100,89
4721,Robert,Bush,robert.bush.4721@gslingacademy.com,male,False,3,False,26,Stock Investor,94,84,85,87,100,78,65
4722,Bernard,Walsh,bernard.walsh.4722@gslingacademy.com,male,False,1,False,15,Stock Investor,100,78,84,94,96,79,81
4723,Dalton,Adams,dalton.adams.4723@gslingacademy.com,male,False,1,False,26,Stock Investor,94,75,81,83,67,79,64
4724,Raymond,Wagner,raymond.wagner.4724@gslingacademy.com,male,False,3,True,25,Stock Investor,79,100,77,88,100,59,79
4725,Leroy,Fleming,leroy.fleming.4725@gslingacademy.com,male,False,1,False,32,Stock Investor,84,93,82,81,82,90,55
4726,Stacey,Adams,stacey.adams.4726@gslingacademy.com,female,False,0,False,15,Stock Investor,88,83,79,84,77,72,94
4727,Maureen,Kelly,maureen.kelly.4727@gslingacademy.com,female,False,5,False,25,Stock Investor,90,71,96,91,95,87,80
4728,Robert,Dixon,robert.dixon.4728@gslingacademy.com,male,True,2,False,24,Stock Investor,80,66,60,83,59,85,93
4729,Austin,George,austin.george.4729@gslingacademy.com,male,False,3,True,10,Stock Investor,84,72,96,85,70,78,77
4730,Evan,Chambers,evan.chambers.4730@gslingacademy.com,male,False,4,False,9,Stock Investor,99,87,84,84,92,70,68
4731,Maria,Reid,maria.reid.4731@gslingacademy.com,female,False,2,False,28,Stock Investor,85,67,91,81,58,95,99
4732,Ebony,Garrett,ebony.garrett.4732@gslingacademy.com,female,True,5,False,7,Stock Investor,91,81,78,90,85,53,84
4733,Travis,Brennan,travis.brennan.4733@gslingacademy.com,male,True,3,False,19,Stock Investor,81,87,87,73,82,76,62
4734,Heidi,Houston,heidi.houston.4734@gslingacademy.com,female,False,3,True,17,Stock Investor,87,74,70,78,84,70,54
4735,Skylar,Stephens,skylar.stephens.4735@gslingacademy.com,female,False,5,False,22,Stock Investor,98,79,66,79,81,81,59
4736,Shannon,Herrera,shannon.herrera.4736@gslingacademy.com,female,True,2,False,11,Stock Investor,88,100,68,100,100,67,61
4737,Everly,Daniels,everly.daniels.4737@gslingacademy.com,female,False,8,False,22,Stock Investor,82,78,80,100,65,97,72
4738,Noah,Brooks,noah.brooks.4738@gslingacademy.com,male,False,3,False,46,Stock Investor,92,88,84,81,76,94,83
4739,Naomi,Palmer,naomi.palmer.4739@gslingacademy.com,female,False,3,False,28,Stock Investor,85,73,100,69,76,63,100
4740,Marcus,Bell,marcus.bell.4740@gslingacademy.com,male,False,4,False,29,Stock Investor,84,67,100,69,60,69,100
4741,Abigail,Rogers,abigail.rogers.4741@gslingacademy.com,female,False,1,False,31,Stock Investor,87,68,70,79,73,71,95
4742,Parker,Best,parker.best.4742@gslingacademy.com,male,True,2,False,14,Stock Investor,80,73,92,80,63,75,80
4743,Phyllis,Clark,phyllis.clark.4743@gslingacademy.com,female,True,6,False,16,Stock Investor,88,98,47,84,100,71,66
4744,Eduardo,Rollins,eduardo.rollins.4744@gslingacademy.com,male,True,5,False,17,Stock Investor,85,72,81,67,87,70,87
4745,Phillip,Bennett,phillip.bennett.4745@gslingacademy.com,male,False,1,False,17,Stock Investor,91,78,100,100,75,74,100
4746,John,Sims,john.sims.4746@gslingacademy.com,male,False,0,True,37,Stock Investor,85,65,69,71,69,87,88
4747,Zoe,Gray,zoe.gray.4747@gslingacademy.com,female,False,1,False,7,Stock Investor,77,72,56,53,89,75,79
4748,Tiffany,Avila,tiffany.avila.4748@gslingacademy.com,female,False,1,False,25,Stock Investor,86,77,64,86,58,90,84
4749,Nathan,Carr,nathan.carr.4749@gslingacademy.com,male,False,1,False,19,Stock Investor,83,83,80,59,78,78,70
4750,Josephine,Gentry,josephine.gentry.4750@gslingacademy.com,female,False,2,False,23,Stock Investor,86,68,88,77,95,84,97
4751,Layla,Stevens,layla.stevens.4751@gslingacademy.com,female,False,6,False,32,Stock Investor,86,54,100,72,74,81,100
4752,Claire,Robinson,claire.robinson.4752@gslingacademy.com,female,False,2,False,13,Stock Investor,100,65,93,89,89,84,89
4753,Kimberly,Floyd,kimberly.floyd.4753@gslingacademy.com,female,False,5,True,15,Stock Investor,86,87,69,98,76,54,67
4754,Kathryn,Espinosa,kathryn.espinosa.4754@gslingacademy.com,female,False,1,False,8,Stock Investor,96,89,80,86,91,77,78
4755,Cecilia,Montes,cecilia.montes.4755@gslingacademy.com,female,False,2,False,17,Stock Investor,93,74,75,67,73,92,96
4756,Brielle,Best,brielle.best.4756@gslingacademy.com,female,True,1,True,31,Stock Investor,90,75,100,51,70,86,89
4757,Travis,Marshall,travis.marshall.4757@gslingacademy.com,male,True,3,True,23,Stock Investor,81,74,100,94,79,97,84
4758,Philip,Alvarez,philip.alvarez.4758@gslingacademy.com,male,False,2,False,23,Stock Investor,88,75,62,79,70,75,74
4759,Lucy,Banks,lucy.banks.4759@gslingacademy.com,female,False,4,False,25,Stock Investor,90,83,81,83,80,84,67
4760,Viola,Adams,viola.adams.4760@gslingacademy.com,female,False,1,False,17,Stock Investor,95,95,72,75,75,88,70
4761,Rita,Calhoun,rita.calhoun.4761@gslingacademy.com,female,False,3,False,28,Stock Investor,86,68,64,74,91,99,92
4762,Destiny,Hensley,destiny.hensley.4762@gslingacademy.com,female,False,3,False,31,Stock Investor,90,74,55,79,66,62,84
4763,Reid,Alvarez,reid.alvarez.4763@gslingacademy.com,male,False,3,False,28,Stock Investor,90,84,94,89,78,63,88
4764,Nathan,Alvarez,nathan.alvarez.4764@gslingacademy.com,male,False,1,False,13,Stock Investor,83,99,71,82,91,60,73
4765,Travis,Keller,travis.keller.4765@gslingacademy.com,male,False,0,False,28,Stock Investor,93,76,76,88,80,96,100
4766,Juan,Browning,juan.browning.4766@gslingacademy.com,male,False,1,False,28,Stock Investor,82,81,76,89,80,82,75
4767,Nova,Gordon,nova.gordon.4767@gslingacademy.com,female,False,4,True,28,Stock Investor,91,72,81,82,51,86,69
4768,Isaac,Hernandez,isaac.hernandez.4768@gslingacademy.com,male,False,1,True,20,Stock Investor,91,68,89,69,64,75,61
4769,Danielle,Chase,danielle.chase.4769@gslingacademy.com,female,False,3,False,24,Stock Investor,85,71,76,78,90,69,80
4770,Aubrey,Pitts,aubrey.pitts.4770@gslingacademy.com,female,False,4,False,27,Stock Investor,87,83,86,69,84,100,67
4771,Jackson,Brennan,jackson.brennan.4771@gslingacademy.com,male,False,2,False,14,Stock Investor,95,75,78,99,65,100,100
4772,Harold,Rodriguez,harold.rodriguez.4772@gslingacademy.com,male,True,0,False,11,Stock Investor,86,80,63,98,83,71,79
4773,Craig,Clark,craig.clark.4773@gslingacademy.com,male,False,6,False,26,Stock Investor,90,97,74,83,100,68,61
4774,Jeannette,Pearson,jeannette.pearson.4774@gslingacademy.com,female,False,3,False,15,Stock Investor,92,71,100,87,72,76,100
4775,Audrey,Acevedo,audrey.acevedo.4775@gslingacademy.com,female,False,6,False,12,Stock Investor,94,78,78,100,60,76,80
4776,Cesar,Davidson,cesar.davidson.4776@gslingacademy.com,male,False,6,True,24,Stock Investor,85,70,78,97,53,68,97
4777,Frederick,Estrada,frederick.estrada.4777@gslingacademy.com,male,False,2,False,14,Stock Investor,100,60,56,80,97,73,69
4778,Ramon,Davis,ramon.davis.4778@gslingacademy.com,male,False,3,False,28,Stock Investor,89,80,85,67,83,83,85
4779,Kristen,Payne,kristen.payne.4779@gslingacademy.com,female,False,1,False,15,Stock Investor,86,87,67,68,100,95,80
4780,Devin,Knox,devin.knox.4780@gslingacademy.com,male,False,3,False,23,Stock Investor,85,91,67,71,74,81,71
4781,Chad,Morse,chad.morse.4781@gslingacademy.com,male,True,5,False,7,Stock Investor,84,64,100,57,92,88,100
4782,Ethan,Hunt,ethan.hunt.4782@gslingacademy.com,male,True,6,False,19,Stock Investor,79,93,81,81,75,73,80
4783,Micheal,Cross,micheal.cross.4783@gslingacademy.com,male,False,1,True,4,Stock Investor,89,71,75,59,76,87,89
4784,Tiffany,Buck,tiffany.buck.4784@gslingacademy.com,female,False,5,False,11,Stock Investor,86,55,67,66,48,78,86
4785,Emilia,Espinoza,emilia.espinoza.4785@gslingacademy.com,female,False,0,False,11,Stock Investor,93,77,71,90,74,71,89
4786,Robert,Huff,robert.huff.4786@gslingacademy.com,male,False,4,False,20,Stock Investor,100,85,95,100,81,78,79
4787,Kaylee,Cameron,kaylee.cameron.4787@gslingacademy.com,female,False,4,False,27,Stock Investor,84,70,63,86,84,77,75
4788,Brielle,Padilla,brielle.padilla.4788@gslingacademy.com,female,False,4,False,12,Stock Investor,85,86,70,94,79,62,82
4789,Bryan,Atkins,bryan.atkins.4789@gslingacademy.com,male,False,4,True,15,Stock Investor,79,84,82,73,75,73,58
4790,Julio,Le,julio.le.4790@gslingacademy.com,male,False,8,False,24,Stock Investor,89,86,83,65,93,81,100
4791,Tonya,Gardner,tonya.gardner.4791@gslingacademy.com,female,False,0,False,14,Stock Investor,79,64,69,72,64,69,76
4792,Omar,Peterson,omar.peterson.4792@gslingacademy.com,male,False,1,False,7,Stock Investor,100,87,83,85,66,74,60
4793,Jerry,Owens,jerry.owens.4793@gslingacademy.com,male,False,4,False,25,Stock Investor,96,75,70,86,75,83,70
4794,Jade,Simmons,jade.simmons.4794@gslingacademy.com,female,True,2,False,6,Stock Investor,81,69,83,88,80,83,64
4795,Viola,Bowers,viola.bowers.4795@gslingacademy.com,female,False,2,False,12,Stock Investor,78,68,75,97,68,51,89
4796,Glenda,Burton,glenda.burton.4796@gslingacademy.com,female,False,1,False,16,Stock Investor,99,77,65,91,65,75,55
4797,Jennie,Gardner,jennie.gardner.4797@gslingacademy.com,female,False,2,False,15,Stock Investor,88,73,83,76,48,68,74
4798,Jenna,Martin,jenna.martin.4798@gslingacademy.com,female,False,2,False,19,Stock Investor,85,81,79,70,90,73,60
4799,Jacob,Gomez,jacob.gomez.4799@gslingacademy.com,male,False,3,False,19,Stock Investor,93,69,93,90,84,62,100
4800,Harold,Thompson,harold.thompson.4800@gslingacademy.com,male,True,2,False,11,Stock Investor,100,80,70,85,75,84,81
4801,Steven,Stephens,steven.stephens.4801@gslingacademy.com,male,False,2,False,8,Real Estate Developer,64,64,73,76,72,97,91
4802,Thomas,White,thomas.white.4802@gslingacademy.com,male,False,3,False,4,Real Estate Developer,87,89,93,98,79,72,88
4803,Cynthia,Brown,cynthia.brown.4803@gslingacademy.com,female,False,2,False,0,Real Estate Developer,98,97,62,89,62,95,77
4804,Victor,Jones,victor.jones.4804@gslingacademy.com,male,False,3,False,6,Real Estate Developer,83,72,68,94,100,98,92
4805,William,Graves,william.graves.4805@gslingacademy.com,male,False,0,False,8,Real Estate Developer,78,67,82,70,65,68,81
4806,Joan,Cohen,joan.cohen.4806@gslingacademy.com,female,False,5,True,9,Real Estate Developer,78,99,64,99,65,84,80
4807,Charles,Parker,charles.parker.4807@gslingacademy.com,male,False,3,False,2,Real Estate Developer,99,76,94,88,75,66,84
4808,Roberto,Evans,roberto.evans.4808@gslingacademy.com,male,False,3,False,6,Real Estate Developer,92,95,61,98,89,85,80
4809,Ashley,Garcia,ashley.garcia.4809@gslingacademy.com,female,False,2,False,1,Real Estate Developer,73,87,90,96,61,61,76
4810,Christian,Wilkins,christian.wilkins.4810@gslingacademy.com,male,False,6,False,10,Real Estate Developer,63,87,71,68,66,67,99
4811,Jeremy,Harvey,jeremy.harvey.4811@gslingacademy.com,male,False,2,False,2,Real Estate Developer,98,87,67,97,62,60,79
4812,Lance,Parsons,lance.parsons.4812@gslingacademy.com,male,False,0,True,4,Real Estate Developer,54,88,82,89,72,60,69
4813,Brenda,Powers,brenda.powers.4813@gslingacademy.com,female,False,1,True,4,Real Estate Developer,95,76,70,89,88,87,62
4814,Stephanie,Clark,stephanie.clark.4814@gslingacademy.com,female,False,7,False,7,Real Estate Developer,97,93,99,98,96,79,88
4815,Sharon,Nelson,sharon.nelson.4815@gslingacademy.com,female,False,6,False,4,Real Estate Developer,63,68,92,73,66,69,87
4816,Madison,Jacobs,madison.jacobs.4816@gslingacademy.com,female,False,3,False,5,Real Estate Developer,53,87,100,84,63,62,95
4817,Teresa,Flores,teresa.flores.4817@gslingacademy.com,female,False,4,True,0,Real Estate Developer,93,77,71,62,94,69,72
4818,Erin,Ray,erin.ray.4818@gslingacademy.com,female,False,4,False,1,Real Estate Developer,95,61,84,98,63,66,80
4819,Tyler,Carrillo,tyler.carrillo.4819@gslingacademy.com,male,False,3,False,6,Real Estate Developer,59,88,74,92,72,97,64
4820,Jeremy,Brown,jeremy.brown.4820@gslingacademy.com,male,False,2,True,8,Real Estate Developer,58,84,95,66,99,91,70
4821,Kevin,Hess,kevin.hess.4821@gslingacademy.com,male,False,0,False,4,Real Estate Developer,81,84,76,88,84,89,87
4822,Christine,Larson,christine.larson.4822@gslingacademy.com,female,True,2,False,5,Real Estate Developer,52,66,98,83,92,82,91
4823,Jose,Dominguez,jose.dominguez.4823@gslingacademy.com,male,False,2,False,3,Real Estate Developer,64,70,98,82,100,72,78
4824,Ashley,Ayers,ashley.ayers.4824@gslingacademy.com,female,False,1,False,1,Real Estate Developer,77,99,99,76,70,80,90
4825,Henry,Spencer,henry.spencer.4825@gslingacademy.com,male,False,2,False,2,Real Estate Developer,59,65,72,60,94,63,75
4826,Caroline,Cooper,caroline.cooper.4826@gslingacademy.com,female,False,0,False,8,Real Estate Developer,67,72,98,65,61,87,89
4827,Jeffrey,Thomas,jeffrey.thomas.4827@gslingacademy.com,male,False,3,False,5,Real Estate Developer,50,62,97,90,93,75,80
4828,Matthew,Cantu,matthew.cantu.4828@gslingacademy.com,male,False,3,True,2,Real Estate Developer,90,74,88,97,88,73,66
4829,Elizabeth,Parks,elizabeth.parks.4829@gslingacademy.com,female,False,3,True,5,Real Estate Developer,59,100,64,68,86,89,91
4830,Anthony,Silva,anthony.silva.4830@gslingacademy.com,male,False,3,False,0,Real Estate Developer,75,66,91,73,100,94,67
4831,Jessica,Shannon,jessica.shannon.4831@gslingacademy.com,female,False,1,False,0,Real Estate Developer,93,96,70,92,65,90,84
4832,Sharon,Ramirez,sharon.ramirez.4832@gslingacademy.com,female,False,3,False,4,Real Estate Developer,75,91,68,86,81,72,89
4833,Ryan,Salazar,ryan.salazar.4833@gslingacademy.com,male,False,4,True,8,Real Estate Developer,81,90,71,97,81,86,73
4834,Chad,Taylor,chad.taylor.4834@gslingacademy.com,male,False,5,False,8,Real Estate Developer,95,92,89,64,77,80,66
4835,Robert,Torres,robert.torres.4835@gslingacademy.com,male,False,7,False,5,Real Estate Developer,57,74,98,93,63,70,67
4836,Ann,Evans,ann.evans.4836@gslingacademy.com,female,False,2,False,2,Real Estate Developer,98,73,85,78,61,74,96
4837,Catherine,Boyle,catherine.boyle.4837@gslingacademy.com,female,False,5,False,0,Real Estate Developer,93,88,76,73,67,88,76
4838,Amanda,Bush,amanda.bush.4838@gslingacademy.com,female,False,1,False,10,Real Estate Developer,84,68,60,86,90,84,81
4839,Justin,Lynch,justin.lynch.4839@gslingacademy.com,male,False,4,True,4,Real Estate Developer,97,85,96,61,97,79,70
4840,Dennis,Summers,dennis.summers.4840@gslingacademy.com,male,False,1,True,5,Real Estate Developer,65,83,67,84,89,65,73
4841,Nicole,Williams,nicole.williams.4841@gslingacademy.com,female,False,10,True,9,Real Estate Developer,82,74,80,88,92,96,95
4842,Jacqueline,Allen,jacqueline.allen.4842@gslingacademy.com,female,False,2,True,10,Real Estate Developer,59,73,90,74,95,77,81
4843,David,Mays,david.mays.4843@gslingacademy.com,male,False,2,True,7,Real Estate Developer,71,96,83,76,60,87,74
4844,Daniel,Guerrero,daniel.guerrero.4844@gslingacademy.com,male,False,2,False,5,Real Estate Developer,73,87,92,99,84,91,71
4845,Veronica,Hopkins,veronica.hopkins.4845@gslingacademy.com,female,False,1,False,5,Real Estate Developer,58,77,69,83,94,70,97
4846,Sarah,Wells,sarah.wells.4846@gslingacademy.com,female,False,3,False,3,Real Estate Developer,56,75,78,82,98,99,81
4847,Frank,Lopez,frank.lopez.4847@gslingacademy.com,male,False,0,False,0,Real Estate Developer,100,85,81,91,75,64,83
4848,Victor,Bright,victor.bright.4848@gslingacademy.com,male,False,0,False,8,Real Estate Developer,68,95,62,65,70,65,64
4849,Jessica,Williams,jessica.williams.4849@gslingacademy.com,female,False,9,True,6,Real Estate Developer,91,94,75,86,84,67,97
4850,Michelle,Mendoza,michelle.mendoza.4850@gslingacademy.com,female,False,1,False,1,Real Estate Developer,50,60,70,75,100,62,100
4851,Ashley,York,ashley.york.4851@gslingacademy.com,female,False,6,False,4,Real Estate Developer,79,74,68,82,65,73,89
4852,Heather,Davis,heather.davis.4852@gslingacademy.com,female,False,2,True,9,Real Estate Developer,68,94,92,77,79,88,74
4853,Kimberly,Bailey,kimberly.bailey.4853@gslingacademy.com,female,False,2,False,3,Real Estate Developer,58,66,99,98,69,65,78
4854,David,Coffey,david.coffey.4854@gslingacademy.com,male,False,6,False,6,Real Estate Developer,89,64,78,85,68,84,99
4855,Sean,Rodriguez,sean.rodriguez.4855@gslingacademy.com,male,True,0,True,9,Real Estate Developer,94,69,80,66,62,61,88
4856,Tyler,Green,tyler.green.4856@gslingacademy.com,male,False,1,False,5,Real Estate Developer,98,75,62,64,68,80,79
4857,Beth,Jones,beth.jones.4857@gslingacademy.com,female,False,2,True,9,Real Estate Developer,58,81,100,97,74,90,87
4858,Rebecca,Spencer,rebecca.spencer.4858@gslingacademy.com,female,False,2,False,5,Real Estate Developer,58,71,73,65,63,85,64
4859,Jennifer,Mccoy,jennifer.mccoy.4859@gslingacademy.com,female,False,5,True,3,Real Estate Developer,63,77,89,79,79,60,81
4860,Emily,Mason,emily.mason.4860@gslingacademy.com,female,False,4,False,1,Real Estate Developer,73,71,95,63,62,85,99
4861,Samantha,Rodriguez,samantha.rodriguez.4861@gslingacademy.com,female,False,1,True,4,Real Estate Developer,62,84,74,74,66,61,90
4862,Christine,Hernandez,christine.hernandez.4862@gslingacademy.com,female,False,0,False,10,Real Estate Developer,82,86,91,68,80,62,81
4863,Beth,Stephens,beth.stephens.4863@gslingacademy.com,female,False,3,True,5,Real Estate Developer,79,93,100,83,78,80,87
4864,Maureen,Cain,maureen.cain.4864@gslingacademy.com,female,False,4,False,1,Real Estate Developer,89,100,81,62,75,68,71
4865,Robert,Hernandez,robert.hernandez.4865@gslingacademy.com,male,True,1,True,0,Real Estate Developer,65,70,100,66,71,61,61
4866,Amy,Moore,amy.moore.4866@gslingacademy.com,female,False,3,True,1,Real Estate Developer,100,80,88,81,93,93,84
4867,Justin,Kim,justin.kim.4867@gslingacademy.com,male,False,5,True,3,Real Estate Developer,68,91,78,63,90,95,80
4868,Monica,Dalton,monica.dalton.4868@gslingacademy.com,female,False,6,False,5,Real Estate Developer,64,61,76,100,93,61,65
4869,Richard,Cortez,richard.cortez.4869@gslingacademy.com,male,False,3,False,1,Real Estate Developer,55,81,72,100,87,85,94
4870,Luis,Knight,luis.knight.4870@gslingacademy.com,male,False,1,True,5,Real Estate Developer,98,83,93,73,100,82,81
4871,Sheena,Murphy,sheena.murphy.4871@gslingacademy.com,female,False,6,False,8,Real Estate Developer,81,67,93,65,87,84,79
4872,Dustin,Stanley,dustin.stanley.4872@gslingacademy.com,male,False,5,True,4,Real Estate Developer,87,77,64,84,84,94,80
4873,David,Schmidt,david.schmidt.4873@gslingacademy.com,male,True,5,False,8,Real Estate Developer,91,70,88,68,88,63,68
4874,Shannon,Weber,shannon.weber.4874@gslingacademy.com,female,False,2,False,7,Real Estate Developer,92,66,88,91,61,84,69
4875,Mary,Malone,mary.malone.4875@gslingacademy.com,female,False,3,False,6,Real Estate Developer,74,63,74,63,78,90,83
4876,Hailey,Arroyo,hailey.arroyo.4876@gslingacademy.com,female,False,1,True,3,Real Estate Developer,75,64,98,65,88,65,71
4877,Elizabeth,Hawkins,elizabeth.hawkins.4877@gslingacademy.com,female,False,0,False,6,Real Estate Developer,91,66,91,62,70,87,90
4878,Alexandra,Blackburn,alexandra.blackburn.4878@gslingacademy.com,female,False,3,True,5,Real Estate Developer,80,88,94,60,65,63,91
4879,Joshua,Walker,joshua.walker.4879@gslingacademy.com,male,False,2,False,6,Real Estate Developer,53,97,81,86,71,87,78
4880,Pamela,Gomez,pamela.gomez.4880@gslingacademy.com,female,False,3,True,9,Real Estate Developer,71,95,72,88,89,78,67
4881,Carla,Jackson,carla.jackson.4881@gslingacademy.com,female,False,3,False,10,Real Estate Developer,83,91,82,93,71,80,85
4882,Willie,Miller,willie.miller.4882@gslingacademy.com,male,False,1,False,3,Real Estate Developer,93,91,61,68,83,82,63
4883,Willie,Elliott,willie.elliott.4883@gslingacademy.com,male,False,5,False,9,Real Estate Developer,72,82,76,69,67,92,87
4884,Matthew,Sullivan,matthew.sullivan.4884@gslingacademy.com,male,False,4,False,3,Real Estate Developer,100,74,50,67,67,96,88
4885,Sophie,Le,sophie.le.4885@gslingacademy.com,female,False,2,False,5,Real Estate Developer,100,85,86,76,78,81,87
4886,Layla,Blankenship,layla.blankenship.4886@gslingacademy.com,female,False,4,False,6,Real Estate Developer,79,78,81,96,100,78,89
4887,Todd,Rodriguez,todd.rodriguez.4887@gslingacademy.com,male,False,0,False,4,Real Estate Developer,86,84,89,62,63,88,89
4888,Willow,Castillo,willow.castillo.4888@gslingacademy.com,female,False,4,False,8,Real Estate Developer,90,86,71,79,85,88,74
4889,Jacob,Thomas,jacob.thomas.4889@gslingacademy.com,male,False,1,True,7,Real Estate Developer,77,84,73,77,79,83,67
4890,Brooks,Hoffman,brooks.hoffman.4890@gslingacademy.com,male,False,1,False,6,Real Estate Developer,91,74,85,87,95,76,91
4891,Mariah,Moyer,mariah.moyer.4891@gslingacademy.com,female,False,4,False,8,Real Estate Developer,59,84,77,66,78,86,99
4892,Gabriel,Holloway,gabriel.holloway.4892@gslingacademy.com,male,True,0,False,5,Real Estate Developer,84,63,94,65,75,69,88
4893,Monica,Gibbs,monica.gibbs.4893@gslingacademy.com,female,False,7,True,8,Real Estate Developer,93,91,91,76,99,96,77
4894,Philip,Allen,philip.allen.4894@gslingacademy.com,male,False,0,False,4,Real Estate Developer,93,82,76,84,61,65,83
4895,Trinity,Chavez,trinity.chavez.4895@gslingacademy.com,female,False,3,False,5,Real Estate Developer,61,65,91,70,84,94,74
4896,Rafael,Freeman,rafael.freeman.4896@gslingacademy.com,male,False,2,False,10,Real Estate Developer,73,85,79,93,66,63,86
4897,Brittany,Wong,brittany.wong.4897@gslingacademy.com,female,False,1,False,5,Real Estate Developer,63,86,83,91,68,80,87
4898,Brandy,Kelly,brandy.kelly.4898@gslingacademy.com,female,False,0,False,1,Real Estate Developer,70,60,77,90,85,68,89
4899,Velma,Daniels,velma.daniels.4899@gslingacademy.com,female,False,0,False,6,Real Estate Developer,61,76,72,73,76,66,96
4900,Allison,Obrien,allison.obrien.4900@gslingacademy.com,female,False,1,False,2,Real Estate Developer,90,88,85,73,50,82,82
4901,Brenda,Gonzalez,brenda.gonzalez.4901@gslingacademy.com,female,False,4,False,4,Real Estate Developer,59,78,92,75,73,79,72
4902,Penelope,Lawson,penelope.lawson.4902@gslingacademy.com,female,False,0,False,6,Real Estate Developer,83,80,80,83,91,86,81
4903,Teresa,Gentry,teresa.gentry.4903@gslingacademy.com,female,False,0,False,11,Real Estate Developer,71,100,58,93,65,78,79
4904,Eliana,Wright,eliana.wright.4904@gslingacademy.com,female,False,5,False,4,Real Estate Developer,100,84,71,98,91,89,73
4905,Daniel,Nielsen,daniel.nielsen.4905@gslingacademy.com,male,False,5,False,10,Real Estate Developer,76,85,99,79,82,55,58
4906,Abigail,Davenport,abigail.davenport.4906@gslingacademy.com,female,False,4,False,4,Real Estate Developer,68,75,95,100,73,90,73
4907,Johnny,Carroll,johnny.carroll.4907@gslingacademy.com,male,False,4,False,5,Real Estate Developer,78,82,82,76,88,89,89
4908,Antoinette,Clemons,antoinette.clemons.4908@gslingacademy.com,female,True,3,True,8,Real Estate Developer,59,72,100,69,71,84,67
4909,Gerald,Stanley,gerald.stanley.4909@gslingacademy.com,male,False,0,False,6,Real Estate Developer,56,71,64,79,89,67,90
4910,Bailey,Shaw,bailey.shaw.4910@gslingacademy.com,female,False,4,True,8,Real Estate Developer,58,75,73,90,100,100,83
4911,Lee,Baker,lee.baker.4911@gslingacademy.com,male,False,2,False,9,Real Estate Developer,52,90,73,67,65,63,77
4912,Penelope,Vega,penelope.vega.4912@gslingacademy.com,female,True,4,False,6,Real Estate Developer,79,65,79,100,82,71,78
4913,Reid,Collier,reid.collier.4913@gslingacademy.com,male,True,4,True,3,Real Estate Developer,56,94,66,92,89,94,89
4914,Kylie,Peters,kylie.peters.4914@gslingacademy.com,female,False,4,False,8,Real Estate Developer,76,71,100,75,74,55,96
4915,Natasha,Turner,natasha.turner.4915@gslingacademy.com,female,False,2,False,2,Real Estate Developer,72,79,65,64,75,66,79
4916,Johnny,Johnston,johnny.johnston.4916@gslingacademy.com,male,False,0,False,3,Real Estate Developer,100,79,59,61,78,75,74
4917,Victoria,Wheeler,victoria.wheeler.4917@gslingacademy.com,female,False,1,False,2,Real Estate Developer,85,80,94,99,73,56,83
4918,Jessie,Zuniga,jessie.zuniga.4918@gslingacademy.com,male,True,3,False,4,Real Estate Developer,79,66,77,84,84,88,97
4919,Paige,Thomas,paige.thomas.4919@gslingacademy.com,female,False,0,False,1,Real Estate Developer,65,83,64,87,71,84,67
4920,Skylar,Welch,skylar.welch.4920@gslingacademy.com,female,True,4,True,8,Real Estate Developer,73,71,100,84,74,53,79
4921,Stanley,Wallace,stanley.wallace.4921@gslingacademy.com,male,False,1,False,12,Real Estate Developer,72,77,91,90,69,69,86
4922,Marcus,Morrison,marcus.morrison.4922@gslingacademy.com,male,False,5,False,0,Real Estate Developer,80,100,71,88,80,89,92
4923,George,Baker,george.baker.4923@gslingacademy.com,male,False,3,False,6,Real Estate Developer,100,100,89,80,72,100,75
4924,Cecilia,Brock,cecilia.brock.4924@gslingacademy.com,female,False,3,False,7,Real Estate Developer,82,71,76,67,100,85,90
4925,Casey,Liu,casey.liu.4925@gslingacademy.com,male,False,3,False,0,Real Estate Developer,71,78,81,83,60,80,80
4926,Charlotte,Lawson,charlotte.lawson.4926@gslingacademy.com,female,False,0,False,9,Real Estate Developer,96,81,81,73,74,100,84
4927,Maxwell,Rasmussen,maxwell.rasmussen.4927@gslingacademy.com,male,False,0,False,4,Real Estate Developer,84,69,83,65,79,84,79
4928,James,Miller,james.miller.4928@gslingacademy.com,male,False,3,False,0,Real Estate Developer,66,94,100,87,75,56,100
4929,Isaiah,Cochran,isaiah.cochran.4929@gslingacademy.com,male,False,4,False,2,Real Estate Developer,70,75,79,80,89,74,84
4930,Jessica,Morris,jessica.morris.4930@gslingacademy.com,female,True,1,False,7,Real Estate Developer,65,82,99,69,80,70,61
4931,Kathryn,Boyle,kathryn.boyle.4931@gslingacademy.com,female,False,3,False,0,Real Estate Developer,81,62,75,77,68,96,73
4932,Casey,Jones,casey.jones.4932@gslingacademy.com,male,False,3,False,2,Real Estate Developer,69,86,67,98,82,84,86
4933,Ernesto,Barnes,ernesto.barnes.4933@gslingacademy.com,male,False,4,False,1,Real Estate Developer,95,100,58,64,93,80,76
4934,Eric,Nichols,eric.nichols.4934@gslingacademy.com,male,False,5,False,6,Real Estate Developer,67,64,80,97,90,78,92
4935,Willow,Chambers,willow.chambers.4935@gslingacademy.com,female,False,4,False,6,Real Estate Developer,87,67,81,60,61,95,72
4936,Payton,Mccann,payton.mccann.4936@gslingacademy.com,female,False,2,False,0,Real Estate Developer,60,93,72,89,76,78,84
4937,Darryl,Spencer,darryl.spencer.4937@gslingacademy.com,male,False,4,False,0,Real Estate Developer,93,56,77,100,75,74,100
4938,Roger,Rowe,roger.rowe.4938@gslingacademy.com,male,False,5,False,8,Real Estate Developer,75,69,66,99,93,68,75
4939,Leslie,Castro,leslie.castro.4939@gslingacademy.com,female,False,0,False,7,Real Estate Developer,72,93,84,65,64,70,89
4940,Melanie,Green,melanie.green.4940@gslingacademy.com,female,False,3,False,3,Real Estate Developer,84,87,92,74,83,97,88
4941,Griffin,Blankenship,griffin.blankenship.4941@gslingacademy.com,male,False,0,False,2,Real Estate Developer,77,98,69,67,77,72,72
4942,Taylor,Watson,taylor.watson.4942@gslingacademy.com,female,False,2,False,7,Real Estate Developer,79,75,100,78,83,61,74
4943,Philip,Sandoval,philip.sandoval.4943@gslingacademy.com,male,False,1,True,4,Real Estate Developer,68,80,62,79,70,75,89
4944,Joshua,Estes,joshua.estes.4944@gslingacademy.com,male,False,1,True,6,Real Estate Developer,87,81,72,91,78,74,88
4945,Matthew,Kemp,matthew.kemp.4945@gslingacademy.com,male,False,3,True,1,Real Estate Developer,100,82,73,88,69,73,47
4946,Dominic,Mckinney,dominic.mckinney.4946@gslingacademy.com,male,False,4,False,3,Real Estate Developer,74,80,94,91,91,88,64
4947,Darryl,Oneal,darryl.oneal.4947@gslingacademy.com,male,False,3,False,10,Real Estate Developer,57,61,61,70,87,71,90
4948,Carter,Potter,carter.potter.4948@gslingacademy.com,male,False,0,False,3,Real Estate Developer,57,60,76,77,95,88,76
4949,Leonardo,Gutierrez,leonardo.gutierrez.4949@gslingacademy.com,male,False,0,True,4,Real Estate Developer,91,78,71,100,100,65,83
4950,Ellie,Peterson,ellie.peterson.4950@gslingacademy.com,female,False,0,True,6,Real Estate Developer,81,94,70,79,65,65,87
4951,Walter,Hunter,walter.hunter.4951@gslingacademy.com,male,False,0,False,7,Real Estate Developer,69,75,68,71,83,69,72
4952,Seth,May,seth.may.4952@gslingacademy.com,male,False,1,False,3,Real Estate Developer,69,62,99,68,74,59,69
4953,Clara,Moses,clara.moses.4953@gslingacademy.com,female,False,4,False,6,Real Estate Developer,99,100,59,96,66,92,82
4954,Chelsea,Baxter,chelsea.baxter.4954@gslingacademy.com,female,False,3,False,6,Real Estate Developer,70,81,84,84,61,80,96
4955,Danielle,Collier,danielle.collier.4955@gslingacademy.com,female,False,2,False,0,Real Estate Developer,69,75,63,91,84,71,74
4956,Kathy,Golden,kathy.golden.4956@gslingacademy.com,female,False,3,False,5,Real Estate Developer,72,88,75,77,72,68,77
4957,Genesis,Martin,genesis.martin.4957@gslingacademy.com,female,False,5,False,7,Real Estate Developer,74,69,69,100,87,81,71
4958,Alfred,Walls,alfred.walls.4958@gslingacademy.com,male,False,3,False,6,Real Estate Developer,62,86,74,81,76,58,95
4959,Kaylee,Sutton,kaylee.sutton.4959@gslingacademy.com,female,True,0,False,7,Real Estate Developer,67,73,91,86,66,92,85
4960,Amanda,Larsen,amanda.larsen.4960@gslingacademy.com,female,False,7,True,2,Real Estate Developer,91,86,76,89,84,82,90
4961,Arthur,Mckay,arthur.mckay.4961@gslingacademy.com,male,False,5,False,7,Real Estate Developer,75,88,91,72,82,92,80
4962,Joshua,Calhoun,joshua.calhoun.4962@gslingacademy.com,male,False,0,False,4,Real Estate Developer,80,63,100,84,81,55,70
4963,Gerald,Taylor,gerald.taylor.4963@gslingacademy.com,male,False,3,True,1,Real Estate Developer,60,100,97,71,67,80,67
4964,Hector,Ayers,hector.ayers.4964@gslingacademy.com,male,False,3,False,5,Real Estate Developer,66,75,68,87,71,72,80
4965,Leah,Lloyd,leah.lloyd.4965@gslingacademy.com,female,False,0,True,0,Real Estate Developer,60,61,88,56,64,61,89
4966,Aiden,Williams,aiden.williams.4966@gslingacademy.com,male,False,3,False,1,Real Estate Developer,66,76,78,83,53,67,71
4967,Deanna,Lutz,deanna.lutz.4967@gslingacademy.com,female,True,1,True,4,Real Estate Developer,74,85,91,70,68,84,100
4968,Jenna,Simmons,jenna.simmons.4968@gslingacademy.com,female,False,1,True,3,Real Estate Developer,63,80,88,91,72,64,79
4969,Stephen,Chase,stephen.chase.4969@gslingacademy.com,male,False,3,False,9,Real Estate Developer,51,50,68,98,93,82,83
4970,Rachel,Hall,rachel.hall.4970@gslingacademy.com,female,False,5,True,9,Real Estate Developer,88,72,92,66,75,84,60
4971,Nora,Rice,nora.rice.4971@gslingacademy.com,female,True,0,True,0,Real Estate Developer,78,89,62,78,74,93,67
4972,Kyle,Bradley,kyle.bradley.4972@gslingacademy.com,male,False,2,False,5,Real Estate Developer,88,71,56,70,85,69,88
4973,Kevin,Werner,kevin.werner.4973@gslingacademy.com,male,False,2,False,7,Real Estate Developer,68,71,100,76,79,93,87
4974,Allison,Jenkins,allison.jenkins.4974@gslingacademy.com,female,False,2,True,3,Real Estate Developer,54,71,99,80,80,69,87
4975,Elizabeth,Tran,elizabeth.tran.4975@gslingacademy.com,female,False,6,False,7,Real Estate Developer,62,72,82,68,83,93,82
4976,Terry,Malcolm,terry.malcolm.4976@gslingacademy.com,male,False,3,False,9,Real Estate Developer,93,100,71,90,84,94,70
4977,Leona,Snyder,leona.snyder.4977@gslingacademy.com,female,False,2,False,3,Real Estate Developer,65,75,84,69,86,71,84
4978,Clifford,Mcdonald,clifford.mcdonald.4978@gslingacademy.com,male,False,2,True,9,Real Estate Developer,44,66,68,74,98,72,89
4979,Julia,Gomez,julia.gomez.4979@gslingacademy.com,female,False,4,False,4,Real Estate Developer,91,97,72,96,70,55,55
4980,Chelsea,Richards,chelsea.richards.4980@gslingacademy.com,female,False,3,False,7,Real Estate Developer,72,58,89,79,99,82,91
4981,Melvin,Reed,melvin.reed.4981@gslingacademy.com,male,False,4,True,5,Real Estate Developer,88,83,70,58,83,95,88
4982,Stanley,Carroll,stanley.carroll.4982@gslingacademy.com,male,False,3,False,5,Real Estate Developer,100,74,87,72,76,79,80
4983,Jennie,Brooks,jennie.brooks.4983@gslingacademy.com,female,False,4,False,0,Real Estate Developer,68,82,76,100,74,76,83
4984,Bryce,Moon,bryce.moon.4984@gslingacademy.com,male,False,1,False,4,Real Estate Developer,57,73,97,58,95,87,74
4985,Jill,Preston,jill.preston.4985@gslingacademy.com,female,False,3,False,6,Real Estate Developer,61,73,88,68,81,67,88
4986,Louis,Snow,louis.snow.4986@gslingacademy.com,male,True,5,False,0,Real Estate Developer,80,88,77,86,87,61,58
4987,Ruben,Holmes,ruben.holmes.4987@gslingacademy.com,male,False,4,False,7,Real Estate Developer,100,94,96,81,48,66,73
4988,Ramon,Reyes,ramon.reyes.4988@gslingacademy.com,male,True,4,False,5,Real Estate Developer,71,84,94,77,70,76,73
4989,Ruben,Walker,ruben.walker.4989@gslingacademy.com,male,False,4,False,8,Real Estate Developer,85,72,99,82,80,62,87
4990,Reagan,Kim,reagan.kim.4990@gslingacademy.com,female,False,6,False,8,Real Estate Developer,77,100,94,100,84,73,81
4991,Jason,Reed,jason.reed.4991@gslingacademy.com,male,False,3,True,4,Real Estate Developer,81,80,91,82,100,58,71
4992,Enrique,Joseph,enrique.joseph.4992@gslingacademy.com,male,False,4,True,2,Real Estate Developer,83,86,83,85,76,85,88
4993,Sarah,Perkins,sarah.perkins.4993@gslingacademy.com,female,False,4,False,5,Real Estate Developer,74,71,85,56,99,73,89
4994,Ross,Jimenez,ross.jimenez.4994@gslingacademy.com,male,False,2,False,10,Real Estate Developer,95,72,77,75,49,84,69
4995,Joseph,Estrada,joseph.estrada.4995@gslingacademy.com,male,True,4,True,1,Real Estate Developer,68,85,72,87,63,43,61
4996,Harold,Williams,harold.williams.4996@gslingacademy.com,male,False,2,False,2,Real Estate Developer,80,68,77,67,95,84,63
4997,Kinsley,Spencer,kinsley.spencer.4997@gslingacademy.com,female,False,0,False,3,Real Estate Developer,63,79,92,85,79,74,90
4998,Phillip,Johnston,phillip.johnston.4998@gslingacademy.com,male,False,2,False,2,Real Estate Developer,63,86,91,65,85,70,86
4999,Ethan,Coleman,ethan.coleman.4999@gslingacademy.com,male,False,3,False,0,Real Estate Developer,100,97,80,99,73,97,81
5000,Martin,Schmidt,martin.schmidt.5000@gslingacademy.com,male,False,3,False,4,Real Estate Developer,100,72,62,77,78,79,76
5001,Carmen,Henderson,carmen.henderson.5001@gslingacademy.com,female,False,0,False,2,Real Estate Developer,84,73,68,68,72,65,77
5002,Hector,Collier,hector.collier.5002@gslingacademy.com,male,False,0,False,3,Real Estate Developer,62,83,85,81,70,63,77
5003,Leslie,Mcdaniel,leslie.mcdaniel.5003@gslingacademy.com,female,False,5,False,5,Real Estate Developer,75,72,73,49,99,86,100
5004,Anita,Coleman,anita.coleman.5004@gslingacademy.com,female,False,1,False,3,Real Estate Developer,89,70,73,93,84,100,76
5005,Jesse,Garza,jesse.garza.5005@gslingacademy.com,male,False,4,True,2,Real Estate Developer,62,65,100,84,88,52,75
5006,Ralph,Salinas,ralph.salinas.5006@gslingacademy.com,male,False,2,False,6,Real Estate Developer,86,72,93,62,64,68,81
5007,Dolores,Fleming,dolores.fleming.5007@gslingacademy.com,female,False,6,True,4,Real Estate Developer,70,71,90,78,89,74,78
5008,Russell,Silva,russell.silva.5008@gslingacademy.com,male,False,3,False,9,Real Estate Developer,100,72,58,84,67,100,91
5009,Harold,Aguilar,harold.aguilar.5009@gslingacademy.com,male,False,5,True,3,Real Estate Developer,79,65,66,57,100,62,81
5010,Travis,Vance,travis.vance.5010@gslingacademy.com,male,True,0,True,0,Real Estate Developer,62,79,82,78,86,54,74
5011,Evan,Gray,evan.gray.5011@gslingacademy.com,male,False,1,False,0,Real Estate Developer,93,67,80,93,78,90,90
5012,Alex,Liu,alex.liu.5012@gslingacademy.com,male,False,1,True,8,Real Estate Developer,93,72,65,71,80,82,77
5013,Devin,Grimes,devin.grimes.5013@gslingacademy.com,male,False,4,False,7,Real Estate Developer,100,64,86,79,80,72,87
5014,Dustin,Mckinney,dustin.mckinney.5014@gslingacademy.com,male,False,2,False,4,Real Estate Developer,59,70,80,100,86,92,70
5015,Lydia,Werner,lydia.werner.5015@gslingacademy.com,female,False,3,False,3,Real Estate Developer,73,49,78,72,70,77,95
5016,Sadie,Gallagher,sadie.gallagher.5016@gslingacademy.com,female,False,2,False,5,Real Estate Developer,100,72,95,66,64,66,72
5017,Isabelle,Beard,isabelle.beard.5017@gslingacademy.com,female,True,2,False,2,Real Estate Developer,51,93,82,67,100,100,71
5018,Glenda,Whitaker,glenda.whitaker.5018@gslingacademy.com,female,False,3,False,6,Real Estate Developer,53,64,79,63,74,86,77
5019,Shawna,Smith,shawna.smith.5019@gslingacademy.com,female,False,4,False,4,Real Estate Developer,87,70,100,88,98,54,61
5020,Andre,Scott,andre.scott.5020@gslingacademy.com,male,False,0,True,2,Real Estate Developer,74,65,75,97,76,73,66
5021,Aiden,Brock,aiden.brock.5021@gslingacademy.com,male,False,1,False,5,Real Estate Developer,72,70,91,74,74,78,84
5022,Clinton,Reyes,clinton.reyes.5022@gslingacademy.com,male,False,4,False,7,Real Estate Developer,82,73,83,82,76,63,91
5023,Aubrey,Douglas,aubrey.douglas.5023@gslingacademy.com,female,False,1,False,1,Real Estate Developer,72,70,90,65,83,53,77
5024,Anthony,Curtis,anthony.curtis.5024@gslingacademy.com,male,True,1,True,6,Real Estate Developer,68,80,75,60,77,55,70
5025,Benjamin,Delgado,benjamin.delgado.5025@gslingacademy.com,male,False,3,False,2,Real Estate Developer,82,83,82,68,100,88,85
5026,Shelby,Thompson,shelby.thompson.5026@gslingacademy.com,female,False,3,False,4,Real Estate Developer,85,95,77,67,63,100,88
5027,Eduardo,Welch,eduardo.welch.5027@gslingacademy.com,male,False,8,False,6,Real Estate Developer,100,87,73,68,68,79,77
5028,Roy,Murphy,roy.murphy.5028@gslingacademy.com,male,False,0,False,5,Real Estate Developer,77,82,71,98,99,77,65
5029,Louis,Tran,louis.tran.5029@gslingacademy.com,male,True,3,False,6,Real Estate Developer,63,67,87,97,63,62,99
5030,Zoe,Long,zoe.long.5030@gslingacademy.com,female,False,6,False,6,Real Estate Developer,82,63,65,80,75,93,76
5031,Sean,Nielsen,sean.nielsen.5031@gslingacademy.com,male,True,4,False,9,Real Estate Developer,93,95,72,62,96,77,77
5032,Kathryn,Gordon,kathryn.gordon.5032@gslingacademy.com,female,False,2,False,8,Real Estate Developer,63,76,89,51,60,62,85
5033,Hannah,Li,hannah.li.5033@gslingacademy.com,female,False,2,False,8,Real Estate Developer,65,70,63,62,77,80,77
5034,Chelsea,Fitzpatrick,chelsea.fitzpatrick.5034@gslingacademy.com,female,False,3,False,3,Real Estate Developer,68,89,100,89,63,61,94
5035,Peyton,Watkins,peyton.watkins.5035@gslingacademy.com,female,False,3,False,6,Real Estate Developer,84,100,70,87,100,100,65
5036,Logan,Curtis,logan.curtis.5036@gslingacademy.com,male,False,5,False,6,Real Estate Developer,71,86,89,77,68,87,83
5037,Evelyn,Tran,evelyn.tran.5037@gslingacademy.com,female,False,2,False,0,Real Estate Developer,88,68,68,82,93,79,83
5038,Tabitha,Hall,tabitha.hall.5038@gslingacademy.com,female,False,1,False,9,Real Estate Developer,71,86,67,88,79,82,81
5039,Samuel,Richardson,samuel.richardson.5039@gslingacademy.com,male,False,1,True,0,Real Estate Developer,76,80,67,79,72,73,85
5040,Paige,Wiley,paige.wiley.5040@gslingacademy.com,female,False,2,True,8,Real Estate Developer,65,84,75,66,88,93,71
5041,Bella,Nichols,bella.nichols.5041@gslingacademy.com,female,True,0,False,4,Real Estate Developer,35,65,86,57,85,67,80
5042,Abigail,Pace,abigail.pace.5042@gslingacademy.com,female,False,4,False,5,Real Estate Developer,52,62,100,98,72,84,100
5043,Alexandra,Hill,alexandra.hill.5043@gslingacademy.com,female,True,4,True,1,Real Estate Developer,78,84,68,90,79,85,85
5044,Darryl,York,darryl.york.5044@gslingacademy.com,male,True,3,False,7,Real Estate Developer,86,70,75,86,87,89,84
5045,Brenda,Watson,brenda.watson.5045@gslingacademy.com,female,False,2,False,6,Real Estate Developer,54,82,75,78,81,73,75
5046,Raul,Edwards,raul.edwards.5046@gslingacademy.com,male,False,4,False,7,Real Estate Developer,71,95,85,74,69,77,92
5047,Angelina,Novak,angelina.novak.5047@gslingacademy.com,female,False,0,False,5,Real Estate Developer,56,92,87,54,96,87,72
5048,Rita,Cabrera,rita.cabrera.5048@gslingacademy.com,female,False,5,False,4,Real Estate Developer,67,64,100,85,86,69,79
5049,Camila,Guerrero,camila.guerrero.5049@gslingacademy.com,female,False,3,False,4,Real Estate Developer,74,92,84,72,55,85,93
5050,Barry,Glenn,barry.glenn.5050@gslingacademy.com,male,False,4,True,2,Real Estate Developer,76,88,77,93,96,85,82
5051,Abraham,Johnson,abraham.johnson.5051@gslingacademy.com,male,False,3,False,3,Real Estate Developer,75,92,66,92,96,75,81
5052,George,Mcdonald,george.mcdonald.5052@gslingacademy.com,male,False,0,False,6,Real Estate Developer,54,68,100,54,81,78,84
5053,Brenda,Parker,brenda.parker.5053@gslingacademy.com,female,False,6,False,4,Real Estate Developer,72,51,100,67,100,72,75
5054,Kayla,Calhoun,kayla.calhoun.5054@gslingacademy.com,female,False,3,True,5,Real Estate Developer,61,66,74,73,95,62,68
5055,Jennifer,Lambert,jennifer.lambert.5055@gslingacademy.com,female,False,4,False,6,Real Estate Developer,69,72,85,78,87,72,94
5056,Savannah,Rivas,savannah.rivas.5056@gslingacademy.com,female,False,5,False,5,Real Estate Developer,70,81,97,88,63,74,69
5057,Rosa,Richards,rosa.richards.5057@gslingacademy.com,female,False,1,False,4,Real Estate Developer,77,81,88,63,73,79,100
5058,Casey,Phillips,casey.phillips.5058@gslingacademy.com,male,False,0,False,3,Real Estate Developer,100,74,59,67,76,73,75
5059,Latoya,Wolf,latoya.wolf.5059@gslingacademy.com,female,False,3,False,6,Real Estate Developer,87,84,74,86,66,75,89
5060,Dolores,Castillo,dolores.castillo.5060@gslingacademy.com,female,False,5,True,3,Real Estate Developer,63,81,98,82,83,69,78
5061,Benjamin,Aguirre,benjamin.aguirre.5061@gslingacademy.com,male,False,3,False,4,Real Estate Developer,53,65,94,66,73,66,92
5062,Jade,Valenzuela,jade.valenzuela.5062@gslingacademy.com,female,False,4,False,5,Real Estate Developer,98,72,85,52,73,68,78
5063,Raymond,Murray,raymond.murray.5063@gslingacademy.com,male,False,0,True,7,Real Estate Developer,63,79,72,92,57,75,91
5064,Isaiah,James,isaiah.james.5064@gslingacademy.com,male,True,3,False,7,Real Estate Developer,85,61,71,71,73,100,72
5065,Cecilia,Novak,cecilia.novak.5065@gslingacademy.com,female,False,6,False,8,Real Estate Developer,69,66,90,60,63,70,88
5066,Randall,Gomez,randall.gomez.5066@gslingacademy.com,male,True,1,False,7,Real Estate Developer,62,96,68,89,88,78,71
5067,Tabitha,Sims,tabitha.sims.5067@gslingacademy.com,female,False,6,False,9,Real Estate Developer,65,61,89,84,78,69,87
5068,Thomas,Blackwell,thomas.blackwell.5068@gslingacademy.com,male,False,0,True,4,Real Estate Developer,82,88,100,61,75,80,74
5069,Carmen,Zuniga,carmen.zuniga.5069@gslingacademy.com,female,False,0,False,2,Real Estate Developer,45,63,100,74,79,58,63
5070,Sergio,Aguilar,sergio.aguilar.5070@gslingacademy.com,male,True,3,True,1,Real Estate Developer,92,92,85,83,63,79,86
5071,Aubrey,Chavez,aubrey.chavez.5071@gslingacademy.com,female,True,6,False,8,Real Estate Developer,81,100,80,100,70,70,82
5072,Madelyn,Nichols,madelyn.nichols.5072@gslingacademy.com,female,False,1,True,1,Real Estate Developer,95,69,82,89,100,74,80
5073,Marcus,Barrett,marcus.barrett.5073@gslingacademy.com,male,False,0,False,5,Real Estate Developer,54,69,73,82,76,78,100
5074,Sarah,Knox,sarah.knox.5074@gslingacademy.com,female,False,0,False,2,Real Estate Developer,79,63,97,72,67,63,82
5075,Bernard,Calhoun,bernard.calhoun.5075@gslingacademy.com,male,False,8,False,5,Real Estate Developer,65,65,82,83,91,75,86
5076,Eliana,Morrison,eliana.morrison.5076@gslingacademy.com,female,False,4,False,6,Real Estate Developer,88,100,86,77,87,98,82
5077,Kenneth,Wong,kenneth.wong.5077@gslingacademy.com,male,False,4,False,3,Real Estate Developer,89,68,88,57,90,62,65
5078,Denise,Mckinney,denise.mckinney.5078@gslingacademy.com,female,False,5,False,7,Real Estate Developer,91,96,82,81,76,62,80
5079,Walter,Gordon,walter.gordon.5079@gslingacademy.com,male,False,2,True,0,Real Estate Developer,78,82,65,83,88,85,72
5080,Derrick,Jordan,derrick.jordan.5080@gslingacademy.com,male,False,2,False,6,Real Estate Developer,71,95,79,93,80,78,84
5081,Tonya,Buckley,tonya.buckley.5081@gslingacademy.com,female,False,3,False,4,Real Estate Developer,74,73,76,90,76,83,87
5082,Juan,Novak,juan.novak.5082@gslingacademy.com,male,False,1,False,0,Real Estate Developer,70,67,92,49,94,68,76
5083,Kinsley,Sutton,kinsley.sutton.5083@gslingacademy.com,female,False,5,False,5,Real Estate Developer,62,63,73,82,77,99,96
5084,Colton,Fleming,colton.fleming.5084@gslingacademy.com,male,False,2,False,2,Real Estate Developer,71,72,61,88,77,56,79
5085,Cassandra,Barrett,cassandra.barrett.5085@gslingacademy.com,female,False,1,True,6,Real Estate Developer,65,85,90,57,83,68,69
5086,Violet,English,violet.english.5086@gslingacademy.com,female,False,4,False,5,Real Estate Developer,66,70,94,83,79,85,83
5087,Bernard,Mccormick,bernard.mccormick.5087@gslingacademy.com,male,False,8,False,5,Real Estate Developer,95,87,100,62,88,76,87
5088,Natalie,Leblanc,natalie.leblanc.5088@gslingacademy.com,female,False,3,True,5,Real Estate Developer,81,81,79,94,81,76,55
5089,Peter,Greene,peter.greene.5089@gslingacademy.com,male,True,4,False,5,Real Estate Developer,76,79,83,76,96,50,81
5090,Adeline,Hammond,adeline.hammond.5090@gslingacademy.com,female,False,0,False,2,Real Estate Developer,60,93,65,90,65,71,85
5091,Zoe,Mendoza,zoe.mendoza.5091@gslingacademy.com,female,False,0,False,2,Real Estate Developer,80,66,74,77,66,60,78
5092,Mark,Parker,mark.parker.5092@gslingacademy.com,male,False,3,False,4,Real Estate Developer,59,90,90,96,66,82,75
5093,Dylan,Sweeney,dylan.sweeney.5093@gslingacademy.com,male,False,3,False,2,Real Estate Developer,88,75,93,79,74,86,86
5094,Luna,Bowman,luna.bowman.5094@gslingacademy.com,female,False,2,False,7,Real Estate Developer,52,73,64,81,72,81,95
5095,Stanley,Hodge,stanley.hodge.5095@gslingacademy.com,male,False,4,False,2,Real Estate Developer,82,70,78,92,82,68,90
5096,Scarlett,Barrett,scarlett.barrett.5096@gslingacademy.com,female,False,4,False,5,Real Estate Developer,63,68,82,74,78,73,90
5097,Seth,Brady,seth.brady.5097@gslingacademy.com,male,False,1,True,6,Real Estate Developer,69,65,85,65,72,89,74
5098,Roger,Sparks,roger.sparks.5098@gslingacademy.com,male,False,0,True,4,Real Estate Developer,79,76,81,75,71,85,72
5099,Brandon,Hamilton,brandon.hamilton.5099@gslingacademy.com,male,False,5,False,7,Real Estate Developer,71,69,100,66,81,83,78
5100,Alice,Elliott,alice.elliott.5100@gslingacademy.com,female,False,6,True,6,Real Estate Developer,70,58,60,72,72,66,88
